date,liturgicalDay,readingOrder,kind,title,displayReference,response,choiceGroup,choiceLabel,rangeOrder,bookCode,chapter,startVerse,endVerse,displayVerseOffset
2027-01-01,"Mary, Mother of God",1,firstReading,First Reading,Numbers 6:22–27,,,,1,NUM,6,22,27,0
2027-01-01,"Mary, Mother of God",2,responsorialPsalm,Responsorial Psalm,"Psalm 67:2–3, 5, 6, 8",,,,1,PSA,67,1,2,1
2027-01-01,"Mary, Mother of God",2,responsorialPsalm,Responsorial Psalm,"Psalm 67:2–3, 5, 6, 8",,,,2,PSA,67,4,4,1
2027-01-01,"Mary, Mother of God",2,responsorialPsalm,Responsorial Psalm,"Psalm 67:2–3, 5, 6, 8",,,,3,PSA,67,5,5,1
2027-01-01,"Mary, Mother of God",2,responsorialPsalm,Responsorial Psalm,"Psalm 67:2–3, 5, 6, 8",,,,4,PSA,67,7,7,1
2027-01-01,"Mary, Mother of God",3,secondReading,Second Reading,Galatians 4:4–7,,,,1,GAL,4,4,7,0
2027-01-01,"Mary, Mother of God",4,gospel,Gospel,Luke 2:16–21,,,,1,LUK,2,16,21,0
2027-01-02,"Saints Basil the Great and Gregory Nazianzen, Bishops and Doctors",1,firstReading,First Reading,1 John 2:22–28,,,,1,1JN,2,22,28,0
2027-01-02,"Saints Basil the Great and Gregory Nazianzen, Bishops and Doctors",2,responsorialPsalm,Responsorial Psalm,"Psalm 98:1, 2–3ab, 3cd-4",,,,1,PSA,98,1,1,0
2027-01-02,"Saints Basil the Great and Gregory Nazianzen, Bishops and Doctors",2,responsorialPsalm,Responsorial Psalm,"Psalm 98:1, 2–3ab, 3cd-4",,,,2,PSA,98,2,3,0
2027-01-02,"Saints Basil the Great and Gregory Nazianzen, Bishops and Doctors",2,responsorialPsalm,Responsorial Psalm,"Psalm 98:1, 2–3ab, 3cd-4",,,,3,PSA,98,3,4,0
2027-01-02,"Saints Basil the Great and Gregory Nazianzen, Bishops and Doctors",3,gospel,Gospel,John 1:19–28,,,,1,JHN,1,19,28,0
2027-01-03,Epiphany,1,firstReading,First Reading,Isaiah 60:1–6,,,,1,ISA,60,1,6,0
2027-01-03,Epiphany,2,responsorialPsalm,Responsorial Psalm,"Psalm 72:1–2, 7–8, 10–11, 12–13.",,,,1,PSA,72,1,2,0
2027-01-03,Epiphany,2,responsorialPsalm,Responsorial Psalm,"Psalm 72:1–2, 7–8, 10–11, 12–13.",,,,2,PSA,72,7,8,0
2027-01-03,Epiphany,2,responsorialPsalm,Responsorial Psalm,"Psalm 72:1–2, 7–8, 10–11, 12–13.",,,,3,PSA,72,10,11,0
2027-01-03,Epiphany,2,responsorialPsalm,Responsorial Psalm,"Psalm 72:1–2, 7–8, 10–11, 12–13.",,,,4,PSA,72,12,13,0
2027-01-03,Epiphany,3,secondReading,Second Reading,"Ephesians 3:2–3a, 5–6",,,,1,EPH,3,2,3,0
2027-01-03,Epiphany,3,secondReading,Second Reading,"Ephesians 3:2–3a, 5–6",,,,2,EPH,3,5,6,0
2027-01-03,Epiphany,4,gospel,Gospel,Matthew 2:1–12,,,,1,MAT,2,1,12,0
2027-01-04,Monday after Epiphany,1,firstReading,First Reading,1 John 3:22–4:6,,,,1,1JN,3,22,24,0
2027-01-04,Monday after Epiphany,1,firstReading,First Reading,1 John 3:22–4:6,,,,2,1JN,4,1,6,0
2027-01-04,Monday after Epiphany,2,responsorialPsalm,Responsorial Psalm,"Psalm 2:7bc-8, 10–12a",,,,1,PSA,2,7,8,0
2027-01-04,Monday after Epiphany,2,responsorialPsalm,Responsorial Psalm,"Psalm 2:7bc-8, 10–12a",,,,2,PSA,2,10,12,0
2027-01-04,Monday after Epiphany,3,gospel,Gospel,"Matthew 4:12–17, 23–25",,,,1,MAT,4,12,17,0
2027-01-04,Monday after Epiphany,3,gospel,Gospel,"Matthew 4:12–17, 23–25",,,,2,MAT,4,23,25,0
2027-01-05,Tuesday after Epiphany,1,firstReading,First Reading,1 John 4:7–10,,,,1,1JN,4,7,10,0
2027-01-05,Tuesday after Epiphany,2,responsorialPsalm,Responsorial Psalm,"Psalm 72:1–2, 3–4, 7–8",,,,1,PSA,72,1,2,0
2027-01-05,Tuesday after Epiphany,2,responsorialPsalm,Responsorial Psalm,"Psalm 72:1–2, 3–4, 7–8",,,,2,PSA,72,3,4,0
2027-01-05,Tuesday after Epiphany,2,responsorialPsalm,Responsorial Psalm,"Psalm 72:1–2, 3–4, 7–8",,,,3,PSA,72,7,8,0
2027-01-05,Tuesday after Epiphany,3,gospel,Gospel,Mark 6:34–44,,,,1,MRK,6,34,44,0
2027-01-06,Wednesday after Epiphany,1,firstReading,First Reading,1 John 4:11–18,,,,1,1JN,4,11,18,0
2027-01-06,Wednesday after Epiphany,2,responsorialPsalm,Responsorial Psalm,"Psalm 72:1–2, 10, 12–13",,,,1,PSA,72,1,2,0
2027-01-06,Wednesday after Epiphany,2,responsorialPsalm,Responsorial Psalm,"Psalm 72:1–2, 10, 12–13",,,,2,PSA,72,10,10,0
2027-01-06,Wednesday after Epiphany,2,responsorialPsalm,Responsorial Psalm,"Psalm 72:1–2, 10, 12–13",,,,3,PSA,72,12,13,0
2027-01-06,Wednesday after Epiphany,3,gospel,Gospel,Mark 6:45–52,,,,1,MRK,6,45,52,0
2027-01-07,"Saint Raymond of Penyafort, Priest",1,firstReading,First Reading,1 John 4:19–5:4,,,,1,1JN,4,19,21,0
2027-01-07,"Saint Raymond of Penyafort, Priest",1,firstReading,First Reading,1 John 4:19–5:4,,,,2,1JN,5,1,4,0
2027-01-07,"Saint Raymond of Penyafort, Priest",2,responsorialPsalm,Responsorial Psalm,"Psalm 72:1–2, 14 and 15bc, 17",,,,1,PSA,72,1,2,0
2027-01-07,"Saint Raymond of Penyafort, Priest",2,responsorialPsalm,Responsorial Psalm,"Psalm 72:1–2, 14 and 15bc, 17",,,,2,PSA,72,14,14,0
2027-01-07,"Saint Raymond of Penyafort, Priest",2,responsorialPsalm,Responsorial Psalm,"Psalm 72:1–2, 14 and 15bc, 17",,,,3,PSA,72,15,15,0
2027-01-07,"Saint Raymond of Penyafort, Priest",2,responsorialPsalm,Responsorial Psalm,"Psalm 72:1–2, 14 and 15bc, 17",,,,4,PSA,72,17,17,0
2027-01-07,"Saint Raymond of Penyafort, Priest",3,gospel,Gospel,Luke 4:14–22,,,,1,LUK,4,14,22,0
2027-01-08,Friday after Epiphany,1,firstReading,First Reading,1 John 5:5–13,,,,1,1JN,5,5,13,0
2027-01-08,Friday after Epiphany,2,responsorialPsalm,Responsorial Psalm,"Psalm 147:12–13, 14–15, 19–20",,,,1,PSA,147,12,13,0
2027-01-08,Friday after Epiphany,2,responsorialPsalm,Responsorial Psalm,"Psalm 147:12–13, 14–15, 19–20",,,,2,PSA,147,14,15,0
2027-01-08,Friday after Epiphany,2,responsorialPsalm,Responsorial Psalm,"Psalm 147:12–13, 14–15, 19–20",,,,3,PSA,147,19,20,0
2027-01-08,Friday after Epiphany,3,gospel,Gospel,Luke 5:12–16,,,,1,LUK,5,12,16,0
2027-01-09,Saturday after Epiphany,1,firstReading,First Reading,1 John 5:14–21,,,,1,1JN,5,14,21,0
2027-01-09,Saturday after Epiphany,2,responsorialPsalm,Responsorial Psalm,"Psalm 149:1–2, 3–4, 5–6a and 9b",,,,1,PSA,149,1,2,0
2027-01-09,Saturday after Epiphany,2,responsorialPsalm,Responsorial Psalm,"Psalm 149:1–2, 3–4, 5–6a and 9b",,,,2,PSA,149,3,4,0
2027-01-09,Saturday after Epiphany,2,responsorialPsalm,Responsorial Psalm,"Psalm 149:1–2, 3–4, 5–6a and 9b",,,,3,PSA,149,5,6,0
2027-01-09,Saturday after Epiphany,2,responsorialPsalm,Responsorial Psalm,"Psalm 149:1–2, 3–4, 5–6a and 9b",,,,4,PSA,149,9,9,0
2027-01-09,Saturday after Epiphany,3,gospel,Gospel,John 3:22–30,,,,1,JHN,3,22,30,0
2027-01-10,Baptism of the Lord,1,firstReading,First Reading,"Isaiah 42:1–4, 6–7",,,,1,ISA,42,1,4,0
2027-01-10,Baptism of the Lord,1,firstReading,First Reading,"Isaiah 42:1–4, 6–7",,,,2,ISA,42,6,7,0
2027-01-10,Baptism of the Lord,2,responsorialPsalm,Responsorial Psalm,"Psalm 29:1–2, 3–4, 3, 9–10",,,,1,PSA,29,1,2,0
2027-01-10,Baptism of the Lord,2,responsorialPsalm,Responsorial Psalm,"Psalm 29:1–2, 3–4, 3, 9–10",,,,2,PSA,29,3,4,0
2027-01-10,Baptism of the Lord,2,responsorialPsalm,Responsorial Psalm,"Psalm 29:1–2, 3–4, 3, 9–10",,,,3,PSA,29,3,3,0
2027-01-10,Baptism of the Lord,2,responsorialPsalm,Responsorial Psalm,"Psalm 29:1–2, 3–4, 3, 9–10",,,,4,PSA,29,9,10,0
2027-01-10,Baptism of the Lord,3,secondReading,Second Reading,Acts 10:34–38,,,,1,ACT,10,34,38,0
2027-01-10,Baptism of the Lord,4,gospel,Gospel,Mark 1:7–11,,,,1,MRK,1,7,11,0
2027-01-11,Monday of the 1st week of Ordinary Time,1,firstReading,First Reading,Hebrews 1:1–6,,,,1,HEB,1,1,6,0
2027-01-11,Monday of the 1st week of Ordinary Time,2,responsorialPsalm,Responsorial Psalm,"Psalm 97:1 and 2b, 6 and 7c, 9",,,,1,PSA,97,1,1,0
2027-01-11,Monday of the 1st week of Ordinary Time,2,responsorialPsalm,Responsorial Psalm,"Psalm 97:1 and 2b, 6 and 7c, 9",,,,2,PSA,97,2,2,0
2027-01-11,Monday of the 1st week of Ordinary Time,2,responsorialPsalm,Responsorial Psalm,"Psalm 97:1 and 2b, 6 and 7c, 9",,,,3,PSA,97,6,6,0
2027-01-11,Monday of the 1st week of Ordinary Time,2,responsorialPsalm,Responsorial Psalm,"Psalm 97:1 and 2b, 6 and 7c, 9",,,,4,PSA,97,7,7,0
2027-01-11,Monday of the 1st week of Ordinary Time,2,responsorialPsalm,Responsorial Psalm,"Psalm 97:1 and 2b, 6 and 7c, 9",,,,5,PSA,97,9,9,0
2027-01-11,Monday of the 1st week of Ordinary Time,3,gospel,Gospel,Mark 1:14–20,,,,1,MRK,1,14,20,0
2027-01-12,Tuesday of the 1st week of Ordinary Time,1,firstReading,First Reading,Hebrews 2:5–12,,,,1,HEB,2,5,12,0
2027-01-12,Tuesday of the 1st week of Ordinary Time,2,responsorialPsalm,Responsorial Psalm,"Psalm 8:2ab and 5, 6–7, 8–9",,,,1,PSA,8,2,2,0
2027-01-12,Tuesday of the 1st week of Ordinary Time,2,responsorialPsalm,Responsorial Psalm,"Psalm 8:2ab and 5, 6–7, 8–9",,,,2,PSA,8,5,5,0
2027-01-12,Tuesday of the 1st week of Ordinary Time,2,responsorialPsalm,Responsorial Psalm,"Psalm 8:2ab and 5, 6–7, 8–9",,,,3,PSA,8,6,7,0
2027-01-12,Tuesday of the 1st week of Ordinary Time,2,responsorialPsalm,Responsorial Psalm,"Psalm 8:2ab and 5, 6–7, 8–9",,,,4,PSA,8,8,9,0
2027-01-12,Tuesday of the 1st week of Ordinary Time,3,gospel,Gospel,Mark 1:21–28,,,,1,MRK,1,21,28,0
2027-01-13,"Saint Hilary of Poitiers, Bishop and Doctor",1,firstReading,First Reading,Hebrews 2:14–18,,,,1,HEB,2,14,18,0
2027-01-13,"Saint Hilary of Poitiers, Bishop and Doctor",2,responsorialPsalm,Responsorial Psalm,"Psalm 105:1–2, 3–4, 6–7, 8–9",,,,1,PSA,105,1,2,0
2027-01-13,"Saint Hilary of Poitiers, Bishop and Doctor",2,responsorialPsalm,Responsorial Psalm,"Psalm 105:1–2, 3–4, 6–7, 8–9",,,,2,PSA,105,3,4,0
2027-01-13,"Saint Hilary of Poitiers, Bishop and Doctor",2,responsorialPsalm,Responsorial Psalm,"Psalm 105:1–2, 3–4, 6–7, 8–9",,,,3,PSA,105,6,7,0
2027-01-13,"Saint Hilary of Poitiers, Bishop and Doctor",2,responsorialPsalm,Responsorial Psalm,"Psalm 105:1–2, 3–4, 6–7, 8–9",,,,4,PSA,105,8,9,0
2027-01-13,"Saint Hilary of Poitiers, Bishop and Doctor",3,gospel,Gospel,Mark 1:29–39,,,,1,MRK,1,29,39,0
2027-01-14,Thursday of the 1st week of Ordinary Time,1,firstReading,First Reading,Hebrews 3:7–14,,,,1,HEB,3,7,14,0
2027-01-14,Thursday of the 1st week of Ordinary Time,2,responsorialPsalm,Responsorial Psalm,"Psalm 95:6–7c, 8–9, 10–11",,,,1,PSA,95,6,7,0
2027-01-14,Thursday of the 1st week of Ordinary Time,2,responsorialPsalm,Responsorial Psalm,"Psalm 95:6–7c, 8–9, 10–11",,,,2,PSA,95,8,9,0
2027-01-14,Thursday of the 1st week of Ordinary Time,2,responsorialPsalm,Responsorial Psalm,"Psalm 95:6–7c, 8–9, 10–11",,,,3,PSA,95,10,11,0
2027-01-14,Thursday of the 1st week of Ordinary Time,3,gospel,Gospel,Mark 1:40–45,,,,1,MRK,1,40,45,0
2027-01-15,Friday of the 1st week of Ordinary Time,1,firstReading,First Reading,"Hebrews 4:1–5, 11",,,,1,HEB,4,1,5,0
2027-01-15,Friday of the 1st week of Ordinary Time,1,firstReading,First Reading,"Hebrews 4:1–5, 11",,,,2,HEB,4,11,11,0
2027-01-15,Friday of the 1st week of Ordinary Time,2,responsorialPsalm,Responsorial Psalm,"Psalm 78:3 & 4bc, 6c–7, 8",,,,1,PSA,78,3,4,0
2027-01-15,Friday of the 1st week of Ordinary Time,2,responsorialPsalm,Responsorial Psalm,"Psalm 78:3 & 4bc, 6c–7, 8",,,,2,PSA,78,6,8,0
2027-01-15,Friday of the 1st week of Ordinary Time,3,gospel,Gospel,Mark 2:1–12,,,,1,MRK,2,1,12,0
2027-01-16,Saturday of the 1st week of Ordinary Time,1,firstReading,First Reading,Hebrews 4:12–16,,,,1,HEB,4,12,16,0
2027-01-16,Saturday of the 1st week of Ordinary Time,2,responsorialPsalm,Responsorial Psalm,"Psalm 19:8, 9, 10, 15",,,,1,PSA,19,7,7,1
2027-01-16,Saturday of the 1st week of Ordinary Time,2,responsorialPsalm,Responsorial Psalm,"Psalm 19:8, 9, 10, 15",,,,2,PSA,19,8,8,1
2027-01-16,Saturday of the 1st week of Ordinary Time,2,responsorialPsalm,Responsorial Psalm,"Psalm 19:8, 9, 10, 15",,,,3,PSA,19,9,9,1
2027-01-16,Saturday of the 1st week of Ordinary Time,2,responsorialPsalm,Responsorial Psalm,"Psalm 19:8, 9, 10, 15",,,,4,PSA,19,14,14,1
2027-01-16,Saturday of the 1st week of Ordinary Time,3,gospel,Gospel,Mark 2:13–17,,,,1,MRK,2,13,17,0
2027-01-17,2nd Sunday of Ordinary Time,1,firstReading,First Reading,"1 Samuel 3:3b-10, 19",,,,1,1SA,3,3,10,0
2027-01-17,2nd Sunday of Ordinary Time,1,firstReading,First Reading,"1 Samuel 3:3b-10, 19",,,,2,1SA,3,19,19,0
2027-01-17,2nd Sunday of Ordinary Time,2,responsorialPsalm,Responsorial Psalm,"Psalm 40:2, 4, 7–8, 8–9, 10",,,,1,PSA,40,2,2,0
2027-01-17,2nd Sunday of Ordinary Time,2,responsorialPsalm,Responsorial Psalm,"Psalm 40:2, 4, 7–8, 8–9, 10",,,,2,PSA,40,4,4,0
2027-01-17,2nd Sunday of Ordinary Time,2,responsorialPsalm,Responsorial Psalm,"Psalm 40:2, 4, 7–8, 8–9, 10",,,,3,PSA,40,7,8,0
2027-01-17,2nd Sunday of Ordinary Time,2,responsorialPsalm,Responsorial Psalm,"Psalm 40:2, 4, 7–8, 8–9, 10",,,,4,PSA,40,8,9,0
2027-01-17,2nd Sunday of Ordinary Time,2,responsorialPsalm,Responsorial Psalm,"Psalm 40:2, 4, 7–8, 8–9, 10",,,,5,PSA,40,10,10,0
2027-01-17,2nd Sunday of Ordinary Time,3,secondReading,Second Reading,"1 Corinthians 6:13c-15a, 17–20",,,,1,1CO,6,13,15,0
2027-01-17,2nd Sunday of Ordinary Time,3,secondReading,Second Reading,"1 Corinthians 6:13c-15a, 17–20",,,,2,1CO,6,17,20,0
2027-01-17,2nd Sunday of Ordinary Time,4,gospel,Gospel,John 1:35–42,,,,1,JHN,1,35,42,0
2027-01-18,Monday of the 2nd week of Ordinary Time,1,firstReading,First Reading,Hebrews 5:1–10,,,,1,HEB,5,1,10,0
2027-01-18,Monday of the 2nd week of Ordinary Time,2,responsorialPsalm,Responsorial Psalm,"Psalm 110:1, 2, 3, 4",,,,1,PSA,110,1,1,0
2027-01-18,Monday of the 2nd week of Ordinary Time,2,responsorialPsalm,Responsorial Psalm,"Psalm 110:1, 2, 3, 4",,,,2,PSA,110,2,2,0
2027-01-18,Monday of the 2nd week of Ordinary Time,2,responsorialPsalm,Responsorial Psalm,"Psalm 110:1, 2, 3, 4",,,,3,PSA,110,3,3,0
2027-01-18,Monday of the 2nd week of Ordinary Time,2,responsorialPsalm,Responsorial Psalm,"Psalm 110:1, 2, 3, 4",,,,4,PSA,110,4,4,0
2027-01-18,Monday of the 2nd week of Ordinary Time,3,gospel,Gospel,Mark 2:18–22,,,,1,MRK,2,18,22,0
2027-01-19,Tuesday of the 2nd week of Ordinary Time,1,firstReading,First Reading,Hebrews 6:10–20,,,,1,HEB,6,10,20,0
2027-01-19,Tuesday of the 2nd week of Ordinary Time,2,responsorialPsalm,Responsorial Psalm,"Psalm 111:1–2, 4–5, 9, 10c",,,,1,PSA,111,1,2,0
2027-01-19,Tuesday of the 2nd week of Ordinary Time,2,responsorialPsalm,Responsorial Psalm,"Psalm 111:1–2, 4–5, 9, 10c",,,,2,PSA,111,4,5,0
2027-01-19,Tuesday of the 2nd week of Ordinary Time,2,responsorialPsalm,Responsorial Psalm,"Psalm 111:1–2, 4–5, 9, 10c",,,,3,PSA,111,9,9,0
2027-01-19,Tuesday of the 2nd week of Ordinary Time,2,responsorialPsalm,Responsorial Psalm,"Psalm 111:1–2, 4–5, 9, 10c",,,,4,PSA,111,10,10,0
2027-01-19,Tuesday of the 2nd week of Ordinary Time,3,gospel,Gospel,Mark 2:23–28,,,,1,MRK,2,23,28,0
2027-01-20,"Saints Fabian, Pope, and Sebastian, Martyrs",1,firstReading,First Reading,"Hebrews 7:1–3, 15–17",,,,1,HEB,7,1,3,0
2027-01-20,"Saints Fabian, Pope, and Sebastian, Martyrs",1,firstReading,First Reading,"Hebrews 7:1–3, 15–17",,,,2,HEB,7,15,17,0
2027-01-20,"Saints Fabian, Pope, and Sebastian, Martyrs",2,responsorialPsalm,Responsorial Psalm,"Psalm 110:1, 2, 3, 4",,,,1,PSA,110,1,1,0
2027-01-20,"Saints Fabian, Pope, and Sebastian, Martyrs",2,responsorialPsalm,Responsorial Psalm,"Psalm 110:1, 2, 3, 4",,,,2,PSA,110,2,2,0
2027-01-20,"Saints Fabian, Pope, and Sebastian, Martyrs",2,responsorialPsalm,Responsorial Psalm,"Psalm 110:1, 2, 3, 4",,,,3,PSA,110,3,3,0
2027-01-20,"Saints Fabian, Pope, and Sebastian, Martyrs",2,responsorialPsalm,Responsorial Psalm,"Psalm 110:1, 2, 3, 4",,,,4,PSA,110,4,4,0
2027-01-20,"Saints Fabian, Pope, and Sebastian, Martyrs",3,gospel,Gospel,Mark 3:1–6,,,,1,MRK,3,1,6,0
2027-01-21,"Saint Agnes, Virgin and Martyr",1,firstReading,First Reading,Hebrews 7:25–8:6,,,,1,HEB,7,25,28,0
2027-01-21,"Saint Agnes, Virgin and Martyr",1,firstReading,First Reading,Hebrews 7:25–8:6,,,,2,HEB,8,1,6,0
2027-01-21,"Saint Agnes, Virgin and Martyr",2,responsorialPsalm,Responsorial Psalm,"Psalm 40:7–8a, 8b-9, 10, 17",,,,1,PSA,40,7,8,0
2027-01-21,"Saint Agnes, Virgin and Martyr",2,responsorialPsalm,Responsorial Psalm,"Psalm 40:7–8a, 8b-9, 10, 17",,,,2,PSA,40,8,9,0
2027-01-21,"Saint Agnes, Virgin and Martyr",2,responsorialPsalm,Responsorial Psalm,"Psalm 40:7–8a, 8b-9, 10, 17",,,,3,PSA,40,10,10,0
2027-01-21,"Saint Agnes, Virgin and Martyr",2,responsorialPsalm,Responsorial Psalm,"Psalm 40:7–8a, 8b-9, 10, 17",,,,4,PSA,40,17,17,0
2027-01-21,"Saint Agnes, Virgin and Martyr",3,gospel,Gospel,Mark 3:7–12,,,,1,MRK,3,7,12,0
2027-01-22,"Saint Vincent, Deacon and Martyr",1,firstReading,First Reading,Hebrews 8:6–13,,,,1,HEB,8,6,13,0
2027-01-22,"Saint Vincent, Deacon and Martyr",2,responsorialPsalm,Responsorial Psalm,"Psalm 85:8 and 10, 11–12, 13–14",,,,1,PSA,85,7,7,1
2027-01-22,"Saint Vincent, Deacon and Martyr",2,responsorialPsalm,Responsorial Psalm,"Psalm 85:8 and 10, 11–12, 13–14",,,,2,PSA,85,9,9,1
2027-01-22,"Saint Vincent, Deacon and Martyr",2,responsorialPsalm,Responsorial Psalm,"Psalm 85:8 and 10, 11–12, 13–14",,,,3,PSA,85,10,11,1
2027-01-22,"Saint Vincent, Deacon and Martyr",2,responsorialPsalm,Responsorial Psalm,"Psalm 85:8 and 10, 11–12, 13–14",,,,4,PSA,85,12,13,1
2027-01-22,"Saint Vincent, Deacon and Martyr",3,gospel,Gospel,Mark 3:13–19,,,,1,MRK,3,13,19,0
2027-01-23,Saturday of the 2nd week of Ordinary Time,1,firstReading,First Reading,"Hebrews 9:2–3, 11–14",,,,1,HEB,9,2,3,0
2027-01-23,Saturday of the 2nd week of Ordinary Time,1,firstReading,First Reading,"Hebrews 9:2–3, 11–14",,,,2,HEB,9,11,14,0
2027-01-23,Saturday of the 2nd week of Ordinary Time,2,responsorialPsalm,Responsorial Psalm,"Psalm 47:2–3, 6–7, 8–9",,,,1,PSA,47,2,3,0
2027-01-23,Saturday of the 2nd week of Ordinary Time,2,responsorialPsalm,Responsorial Psalm,"Psalm 47:2–3, 6–7, 8–9",,,,2,PSA,47,6,7,0
2027-01-23,Saturday of the 2nd week of Ordinary Time,2,responsorialPsalm,Responsorial Psalm,"Psalm 47:2–3, 6–7, 8–9",,,,3,PSA,47,8,9,0
2027-01-23,Saturday of the 2nd week of Ordinary Time,3,gospel,Gospel,Mark 3:20–21,,,,1,MRK,3,20,21,0
2027-01-24,3rd Sunday of Ordinary Time,1,firstReading,First Reading,"Jonah 3:1–5, 10",,,,1,JON,3,1,5,0
2027-01-24,3rd Sunday of Ordinary Time,1,firstReading,First Reading,"Jonah 3:1–5, 10",,,,2,JON,3,10,10,0
2027-01-24,3rd Sunday of Ordinary Time,2,responsorialPsalm,Responsorial Psalm,"Psalm 25:4–5, 6–7, 8–9",,,,1,PSA,25,4,5,0
2027-01-24,3rd Sunday of Ordinary Time,2,responsorialPsalm,Responsorial Psalm,"Psalm 25:4–5, 6–7, 8–9",,,,2,PSA,25,6,7,0
2027-01-24,3rd Sunday of Ordinary Time,2,responsorialPsalm,Responsorial Psalm,"Psalm 25:4–5, 6–7, 8–9",,,,3,PSA,25,8,9,0
2027-01-24,3rd Sunday of Ordinary Time,3,secondReading,Second Reading,1 Corinthians 7:29–31,,,,1,1CO,7,29,31,0
2027-01-24,3rd Sunday of Ordinary Time,4,gospel,Gospel,Mark 1:14–20,,,,1,MRK,1,14,20,0
2027-01-25,"Conversion of Saint Paul, Apostle",1,firstReading,First Reading,Acts 22:3–16,,,,1,ACT,22,3,16,0
2027-01-25,"Conversion of Saint Paul, Apostle",2,responsorialPsalm,Responsorial Psalm,"Psalm 117:1bc, 2",,,,1,PSA,117,1,1,0
2027-01-25,"Conversion of Saint Paul, Apostle",2,responsorialPsalm,Responsorial Psalm,"Psalm 117:1bc, 2",,,,2,PSA,117,2,2,0
2027-01-25,"Conversion of Saint Paul, Apostle",3,gospel,Gospel,Mark 16:15–18,,,,1,MRK,16,15,18,0
2027-01-26,"Saints Timothy and Titus, Bishops",1,firstReading,First Reading,2 Timothy 1:1–8,,,,1,2TI,1,1,8,0
2027-01-26,"Saints Timothy and Titus, Bishops",2,responsorialPsalm,Responsorial Psalm,"Psalm 96:1–2a, 2b-3, 7–8a, 10",,,,1,PSA,96,1,2,0
2027-01-26,"Saints Timothy and Titus, Bishops",2,responsorialPsalm,Responsorial Psalm,"Psalm 96:1–2a, 2b-3, 7–8a, 10",,,,2,PSA,96,2,3,0
2027-01-26,"Saints Timothy and Titus, Bishops",2,responsorialPsalm,Responsorial Psalm,"Psalm 96:1–2a, 2b-3, 7–8a, 10",,,,3,PSA,96,7,8,0
2027-01-26,"Saints Timothy and Titus, Bishops",2,responsorialPsalm,Responsorial Psalm,"Psalm 96:1–2a, 2b-3, 7–8a, 10",,,,4,PSA,96,10,10,0
2027-01-26,"Saints Timothy and Titus, Bishops",3,gospel,Gospel,Mark 3:31–35,,,,1,MRK,3,31,35,0
2027-01-27,"Saint Angela Merici, Virgin",1,firstReading,First Reading,Hebrews 10:11–18,,,,1,HEB,10,11,18,0
2027-01-27,"Saint Angela Merici, Virgin",2,responsorialPsalm,Responsorial Psalm,"Psalm 110:1, 2, 3, 4",,,,1,PSA,110,1,1,0
2027-01-27,"Saint Angela Merici, Virgin",2,responsorialPsalm,Responsorial Psalm,"Psalm 110:1, 2, 3, 4",,,,2,PSA,110,2,2,0
2027-01-27,"Saint Angela Merici, Virgin",2,responsorialPsalm,Responsorial Psalm,"Psalm 110:1, 2, 3, 4",,,,3,PSA,110,3,3,0
2027-01-27,"Saint Angela Merici, Virgin",2,responsorialPsalm,Responsorial Psalm,"Psalm 110:1, 2, 3, 4",,,,4,PSA,110,4,4,0
2027-01-27,"Saint Angela Merici, Virgin",3,gospel,Gospel,Mark 4:1–20,,,,1,MRK,4,1,20,0
2027-01-28,"Saint Thomas Aquinas, Priest and Doctor",1,firstReading,First Reading,Hebrews 10:19–25,,,,1,HEB,10,19,25,0
2027-01-28,"Saint Thomas Aquinas, Priest and Doctor",2,responsorialPsalm,Responsorial Psalm,"Psalm 24:1–2, 3–4ab, 5–6",,,,1,PSA,24,1,2,0
2027-01-28,"Saint Thomas Aquinas, Priest and Doctor",2,responsorialPsalm,Responsorial Psalm,"Psalm 24:1–2, 3–4ab, 5–6",,,,2,PSA,24,3,4,0
2027-01-28,"Saint Thomas Aquinas, Priest and Doctor",2,responsorialPsalm,Responsorial Psalm,"Psalm 24:1–2, 3–4ab, 5–6",,,,3,PSA,24,5,6,0
2027-01-28,"Saint Thomas Aquinas, Priest and Doctor",3,gospel,Gospel,Mark 4:21–25,,,,1,MRK,4,21,25,0
2027-01-29,Friday of the 3rd week of Ordinary Time,1,firstReading,First Reading,Hebrews 10:32–39,,,,1,HEB,10,32,39,0
2027-01-29,Friday of the 3rd week of Ordinary Time,2,responsorialPsalm,Responsorial Psalm,"Psalm 37:3–4, 5–6, 23–24, 39–40",,,,1,PSA,37,3,4,0
2027-01-29,Friday of the 3rd week of Ordinary Time,2,responsorialPsalm,Responsorial Psalm,"Psalm 37:3–4, 5–6, 23–24, 39–40",,,,2,PSA,37,5,6,0
2027-01-29,Friday of the 3rd week of Ordinary Time,2,responsorialPsalm,Responsorial Psalm,"Psalm 37:3–4, 5–6, 23–24, 39–40",,,,3,PSA,37,23,24,0
2027-01-29,Friday of the 3rd week of Ordinary Time,2,responsorialPsalm,Responsorial Psalm,"Psalm 37:3–4, 5–6, 23–24, 39–40",,,,4,PSA,37,39,40,0
2027-01-29,Friday of the 3rd week of Ordinary Time,3,gospel,Gospel,Mark 4:26–34,,,,1,MRK,4,26,34,0
2027-01-30,Saturday of the 3rd week of Ordinary Time,1,firstReading,First Reading,"Hebrews 11:1–2, 8–19",,,,1,HEB,11,1,2,0
2027-01-30,Saturday of the 3rd week of Ordinary Time,1,firstReading,First Reading,"Hebrews 11:1–2, 8–19",,,,2,HEB,11,8,19,0
2027-01-30,Saturday of the 3rd week of Ordinary Time,2,responsorialPsalm,Responsorial Psalm,"Luke 1:69–70, 71–72, 73–75",,,,1,LUK,1,69,70,0
2027-01-30,Saturday of the 3rd week of Ordinary Time,2,responsorialPsalm,Responsorial Psalm,"Luke 1:69–70, 71–72, 73–75",,,,2,LUK,1,71,72,0
2027-01-30,Saturday of the 3rd week of Ordinary Time,2,responsorialPsalm,Responsorial Psalm,"Luke 1:69–70, 71–72, 73–75",,,,3,LUK,1,73,75,0
2027-01-30,Saturday of the 3rd week of Ordinary Time,3,gospel,Gospel,Mark 4:35–41,,,,1,MRK,4,35,41,0
2027-01-31,4th Sunday of Ordinary Time,1,firstReading,First Reading,Deuteronomy 18:15–20,,,,1,DEU,18,15,20,0
2027-01-31,4th Sunday of Ordinary Time,2,responsorialPsalm,Responsorial Psalm,"Psalm 95:1–2, 6–7, 7–9",,,,1,PSA,95,1,2,0
2027-01-31,4th Sunday of Ordinary Time,2,responsorialPsalm,Responsorial Psalm,"Psalm 95:1–2, 6–7, 7–9",,,,2,PSA,95,6,7,0
2027-01-31,4th Sunday of Ordinary Time,2,responsorialPsalm,Responsorial Psalm,"Psalm 95:1–2, 6–7, 7–9",,,,3,PSA,95,7,9,0
2027-01-31,4th Sunday of Ordinary Time,3,secondReading,Second Reading,1 Corinthians 7:32–35,,,,1,1CO,7,32,35,0
2027-01-31,4th Sunday of Ordinary Time,4,gospel,Gospel,Mark 1:21–28,,,,1,MRK,1,21,28,0
2027-02-01,Monday of the 4th week of Ordinary Time,1,firstReading,First Reading,Hebrews 11:32–40,,,,1,HEB,11,32,40,0
2027-02-01,Monday of the 4th week of Ordinary Time,2,responsorialPsalm,Responsorial Psalm,"Psalm 31:20, 21, 22, 23, 24",,,,1,PSA,31,19,23,1
2027-02-01,Monday of the 4th week of Ordinary Time,3,gospel,Gospel,Mark 5:1–20,,,,1,MRK,5,1,20,0
2027-02-02,Presentation of the Lord,1,firstReading,First Reading,Malachi 3:1–4,,,,1,MAL,3,1,4,0
2027-02-02,Presentation of the Lord,2,responsorialPsalm,Responsorial Psalm,"Psalm 24:7, 8, 9, 10",,,,1,PSA,24,7,7,0
2027-02-02,Presentation of the Lord,2,responsorialPsalm,Responsorial Psalm,"Psalm 24:7, 8, 9, 10",,,,2,PSA,24,8,8,0
2027-02-02,Presentation of the Lord,2,responsorialPsalm,Responsorial Psalm,"Psalm 24:7, 8, 9, 10",,,,3,PSA,24,9,9,0
2027-02-02,Presentation of the Lord,2,responsorialPsalm,Responsorial Psalm,"Psalm 24:7, 8, 9, 10",,,,4,PSA,24,10,10,0
2027-02-02,Presentation of the Lord,3,secondReading,Second Reading,Hebrews 2:14–18,,,,1,HEB,2,14,18,0
2027-02-02,Presentation of the Lord,4,gospel,Gospel — Choice One,Luke 2:22–40,,gospel,Choice One,1,LUK,2,22,40,0
2027-02-02,Presentation of the Lord,5,gospel,Gospel — Choice Two,Luke 2:22–32,,gospel,Choice Two,1,LUK,2,22,32,0
2027-02-03,"Saint Blase, Bishop Martyr and Saint Ansgar, Bishop",1,firstReading,First Reading,"Hebrews 12:4–7, 11–15",,,,1,HEB,12,4,7,0
2027-02-03,"Saint Blase, Bishop Martyr and Saint Ansgar, Bishop",1,firstReading,First Reading,"Hebrews 12:4–7, 11–15",,,,2,HEB,12,11,15,0
2027-02-03,"Saint Blase, Bishop Martyr and Saint Ansgar, Bishop",2,responsorialPsalm,Responsorial Psalm,"Psalm 103:1–2, 13–14, 17–18a",,,,1,PSA,103,1,2,0
2027-02-03,"Saint Blase, Bishop Martyr and Saint Ansgar, Bishop",2,responsorialPsalm,Responsorial Psalm,"Psalm 103:1–2, 13–14, 17–18a",,,,2,PSA,103,13,14,0
2027-02-03,"Saint Blase, Bishop Martyr and Saint Ansgar, Bishop",2,responsorialPsalm,Responsorial Psalm,"Psalm 103:1–2, 13–14, 17–18a",,,,3,PSA,103,17,18,0
2027-02-03,"Saint Blase, Bishop Martyr and Saint Ansgar, Bishop",3,gospel,Gospel,Mark 6:1–6,,,,1,MRK,6,1,6,0
2027-02-04,Thursday of the 4th week of Ordinary Time,1,firstReading,First Reading,"Hebrews 12:18–19, 21–24",,,,1,HEB,12,18,19,0
2027-02-04,Thursday of the 4th week of Ordinary Time,1,firstReading,First Reading,"Hebrews 12:18–19, 21–24",,,,2,HEB,12,21,24,0
2027-02-04,Thursday of the 4th week of Ordinary Time,2,responsorialPsalm,Responsorial Psalm,"Psalm 48:2–3ab, 3cd-4, 9, 10–11",,,,1,PSA,48,2,3,0
2027-02-04,Thursday of the 4th week of Ordinary Time,2,responsorialPsalm,Responsorial Psalm,"Psalm 48:2–3ab, 3cd-4, 9, 10–11",,,,2,PSA,48,3,4,0
2027-02-04,Thursday of the 4th week of Ordinary Time,2,responsorialPsalm,Responsorial Psalm,"Psalm 48:2–3ab, 3cd-4, 9, 10–11",,,,3,PSA,48,9,9,0
2027-02-04,Thursday of the 4th week of Ordinary Time,2,responsorialPsalm,Responsorial Psalm,"Psalm 48:2–3ab, 3cd-4, 9, 10–11",,,,4,PSA,48,10,11,0
2027-02-04,Thursday of the 4th week of Ordinary Time,3,gospel,Gospel,Mark 6:7–13,,,,1,MRK,6,7,13,0
2027-02-05,"Saint Agatha, Virgin and Martyr",1,firstReading,First Reading,Hebrews 13:1–8,,,,1,HEB,13,1,8,0
2027-02-05,"Saint Agatha, Virgin and Martyr",2,responsorialPsalm,Responsorial Psalm,"Psalm 27:1, 3, 5, 8b-9abc",,,,1,PSA,27,1,1,0
2027-02-05,"Saint Agatha, Virgin and Martyr",2,responsorialPsalm,Responsorial Psalm,"Psalm 27:1, 3, 5, 8b-9abc",,,,2,PSA,27,3,3,0
2027-02-05,"Saint Agatha, Virgin and Martyr",2,responsorialPsalm,Responsorial Psalm,"Psalm 27:1, 3, 5, 8b-9abc",,,,3,PSA,27,5,5,0
2027-02-05,"Saint Agatha, Virgin and Martyr",2,responsorialPsalm,Responsorial Psalm,"Psalm 27:1, 3, 5, 8b-9abc",,,,4,PSA,27,8,9,0
2027-02-05,"Saint Agatha, Virgin and Martyr",3,gospel,Gospel,Mark 6:14–29,,,,1,MRK,6,14,29,0
2027-02-06,"Saint Paul Miki and Companions, Martyrs",1,firstReading,First Reading,"Hebrews 13:15–17, 20–21",,,,1,HEB,13,15,17,0
2027-02-06,"Saint Paul Miki and Companions, Martyrs",1,firstReading,First Reading,"Hebrews 13:15–17, 20–21",,,,2,HEB,13,20,21,0
2027-02-06,"Saint Paul Miki and Companions, Martyrs",2,responsorialPsalm,Responsorial Psalm,"Psalm 23:1–3a, 3b-4, 5, 6",,,,1,PSA,23,1,3,0
2027-02-06,"Saint Paul Miki and Companions, Martyrs",2,responsorialPsalm,Responsorial Psalm,"Psalm 23:1–3a, 3b-4, 5, 6",,,,2,PSA,23,3,4,0
2027-02-06,"Saint Paul Miki and Companions, Martyrs",2,responsorialPsalm,Responsorial Psalm,"Psalm 23:1–3a, 3b-4, 5, 6",,,,3,PSA,23,5,5,0
2027-02-06,"Saint Paul Miki and Companions, Martyrs",2,responsorialPsalm,Responsorial Psalm,"Psalm 23:1–3a, 3b-4, 5, 6",,,,4,PSA,23,6,6,0
2027-02-06,"Saint Paul Miki and Companions, Martyrs",3,gospel,Gospel,Mark 6:30–34,,,,1,MRK,6,30,34,0
2027-02-07,5th Sunday of Ordinary Time,1,firstReading,First Reading,"Job 7:1–4, 6–7",,,,1,JOB,7,1,4,0
2027-02-07,5th Sunday of Ordinary Time,1,firstReading,First Reading,"Job 7:1–4, 6–7",,,,2,JOB,7,6,7,0
2027-02-07,5th Sunday of Ordinary Time,2,responsorialPsalm,Responsorial Psalm,"Psalm 147:1–2, 3–4, 5–6",,,,1,PSA,147,1,2,0
2027-02-07,5th Sunday of Ordinary Time,2,responsorialPsalm,Responsorial Psalm,"Psalm 147:1–2, 3–4, 5–6",,,,2,PSA,147,3,4,0
2027-02-07,5th Sunday of Ordinary Time,2,responsorialPsalm,Responsorial Psalm,"Psalm 147:1–2, 3–4, 5–6",,,,3,PSA,147,5,6,0
2027-02-07,5th Sunday of Ordinary Time,3,secondReading,Second Reading,"1 Corinthians 9:16–19, 22–23",,,,1,1CO,9,16,19,0
2027-02-07,5th Sunday of Ordinary Time,3,secondReading,Second Reading,"1 Corinthians 9:16–19, 22–23",,,,2,1CO,9,22,23,0
2027-02-07,5th Sunday of Ordinary Time,4,gospel,Gospel,Mark 1:29–39,,,,1,MRK,1,29,39,0
2027-02-08,"Saint Jerome Emiliani and Saint Josephine Bakhita, Virgin",1,firstReading,First Reading,Genesis 1:1–19,,,,1,GEN,1,1,19,0
2027-02-08,"Saint Jerome Emiliani and Saint Josephine Bakhita, Virgin",2,responsorialPsalm,Responsorial Psalm,"Psalm 104:1–2a, 5–6, 10, 12, 24, 35c",,,,1,PSA,104,1,2,0
2027-02-08,"Saint Jerome Emiliani and Saint Josephine Bakhita, Virgin",2,responsorialPsalm,Responsorial Psalm,"Psalm 104:1–2a, 5–6, 10, 12, 24, 35c",,,,2,PSA,104,5,6,0
2027-02-08,"Saint Jerome Emiliani and Saint Josephine Bakhita, Virgin",2,responsorialPsalm,Responsorial Psalm,"Psalm 104:1–2a, 5–6, 10, 12, 24, 35c",,,,3,PSA,104,10,10,0
2027-02-08,"Saint Jerome Emiliani and Saint Josephine Bakhita, Virgin",2,responsorialPsalm,Responsorial Psalm,"Psalm 104:1–2a, 5–6, 10, 12, 24, 35c",,,,4,PSA,104,12,12,0
2027-02-08,"Saint Jerome Emiliani and Saint Josephine Bakhita, Virgin",2,responsorialPsalm,Responsorial Psalm,"Psalm 104:1–2a, 5–6, 10, 12, 24, 35c",,,,5,PSA,104,24,24,0
2027-02-08,"Saint Jerome Emiliani and Saint Josephine Bakhita, Virgin",2,responsorialPsalm,Responsorial Psalm,"Psalm 104:1–2a, 5–6, 10, 12, 24, 35c",,,,6,PSA,104,35,35,0
2027-02-08,"Saint Jerome Emiliani and Saint Josephine Bakhita, Virgin",3,gospel,Gospel,Mark 6:53–56,,,,1,MRK,6,53,56,0
2027-02-09,Tuesday of the 5th week of Ordinary Time,1,firstReading,First Reading,Genesis 1:20–2:4a,,,,1,GEN,1,20,31,0
2027-02-09,Tuesday of the 5th week of Ordinary Time,1,firstReading,First Reading,Genesis 1:20–2:4a,,,,2,GEN,2,1,4,0
2027-02-09,Tuesday of the 5th week of Ordinary Time,2,responsorialPsalm,Responsorial Psalm,"Psalm 8:4–5, 6–7, 8–9",,,,1,PSA,8,4,5,0
2027-02-09,Tuesday of the 5th week of Ordinary Time,2,responsorialPsalm,Responsorial Psalm,"Psalm 8:4–5, 6–7, 8–9",,,,2,PSA,8,6,7,0
2027-02-09,Tuesday of the 5th week of Ordinary Time,2,responsorialPsalm,Responsorial Psalm,"Psalm 8:4–5, 6–7, 8–9",,,,3,PSA,8,8,9,0
2027-02-09,Tuesday of the 5th week of Ordinary Time,3,gospel,Gospel,Mark 7:1–13,,,,1,MRK,7,1,13,0
2027-02-10,Ash Wednesday,1,firstReading,First Reading,Joel 2:12–18,,,,1,JOL,2,12,18,0
2027-02-10,Ash Wednesday,2,responsorialPsalm,Responsorial Psalm,"Psalm 51:3–4, 5–6ab, 12–13, 14 and 17",,,,1,PSA,51,3,4,0
2027-02-10,Ash Wednesday,2,responsorialPsalm,Responsorial Psalm,"Psalm 51:3–4, 5–6ab, 12–13, 14 and 17",,,,2,PSA,51,5,6,0
2027-02-10,Ash Wednesday,2,responsorialPsalm,Responsorial Psalm,"Psalm 51:3–4, 5–6ab, 12–13, 14 and 17",,,,3,PSA,51,12,13,0
2027-02-10,Ash Wednesday,2,responsorialPsalm,Responsorial Psalm,"Psalm 51:3–4, 5–6ab, 12–13, 14 and 17",,,,4,PSA,51,14,14,0
2027-02-10,Ash Wednesday,2,responsorialPsalm,Responsorial Psalm,"Psalm 51:3–4, 5–6ab, 12–13, 14 and 17",,,,5,PSA,51,17,17,0
2027-02-10,Ash Wednesday,3,secondReading,Second Reading,2 Corinthians 5:20–6:2,,,,1,2CO,5,20,21,0
2027-02-10,Ash Wednesday,3,secondReading,Second Reading,2 Corinthians 5:20–6:2,,,,2,2CO,6,1,2,0
2027-02-10,Ash Wednesday,4,gospel,Gospel,"Matthew 6:1–6, 16–18",,,,1,MAT,6,1,6,0
2027-02-10,Ash Wednesday,4,gospel,Gospel,"Matthew 6:1–6, 16–18",,,,2,MAT,6,16,18,0
2027-02-11,Our Lady of Lourdes,1,firstReading,First Reading,Deuteronomy 30:15–20,,,,1,DEU,30,15,20,0
2027-02-11,Our Lady of Lourdes,2,responsorialPsalm,Responsorial Psalm,"Psalm 1:1–2, 3, 4 and 6",,,,1,PSA,1,1,2,0
2027-02-11,Our Lady of Lourdes,2,responsorialPsalm,Responsorial Psalm,"Psalm 1:1–2, 3, 4 and 6",,,,2,PSA,1,3,3,0
2027-02-11,Our Lady of Lourdes,2,responsorialPsalm,Responsorial Psalm,"Psalm 1:1–2, 3, 4 and 6",,,,3,PSA,1,4,4,0
2027-02-11,Our Lady of Lourdes,2,responsorialPsalm,Responsorial Psalm,"Psalm 1:1–2, 3, 4 and 6",,,,4,PSA,1,6,6,0
2027-02-11,Our Lady of Lourdes,3,gospel,Gospel,Luke 9:22–25,,,,1,LUK,9,22,25,0
2027-02-12,Friday after Ash Wednesday,1,firstReading,First Reading,Isaiah 58:1–9a,,,,1,ISA,58,1,9,0
2027-02-12,Friday after Ash Wednesday,2,responsorialPsalm,Responsorial Psalm,"Psalm 51:3–4, 5–6ab, 18–19",,,,1,PSA,51,3,4,0
2027-02-12,Friday after Ash Wednesday,2,responsorialPsalm,Responsorial Psalm,"Psalm 51:3–4, 5–6ab, 18–19",,,,2,PSA,51,5,6,0
2027-02-12,Friday after Ash Wednesday,2,responsorialPsalm,Responsorial Psalm,"Psalm 51:3–4, 5–6ab, 18–19",,,,3,PSA,51,18,19,0
2027-02-12,Friday after Ash Wednesday,3,gospel,Gospel,Matthew 9:14–15,,,,1,MAT,9,14,15,0
2027-02-13,Saturday after Ash Wednesday,1,firstReading,First Reading,Isaiah 58:9b-14,,,,1,ISA,58,9,14,0
2027-02-13,Saturday after Ash Wednesday,2,responsorialPsalm,Responsorial Psalm,"Psalm 86:1–2, 3–4, 5–6",,,,1,PSA,86,1,2,0
2027-02-13,Saturday after Ash Wednesday,2,responsorialPsalm,Responsorial Psalm,"Psalm 86:1–2, 3–4, 5–6",,,,2,PSA,86,3,4,0
2027-02-13,Saturday after Ash Wednesday,2,responsorialPsalm,Responsorial Psalm,"Psalm 86:1–2, 3–4, 5–6",,,,3,PSA,86,5,6,0
2027-02-13,Saturday after Ash Wednesday,3,gospel,Gospel,Luke 5:27–32,,,,1,LUK,5,27,32,0
2027-02-14,1st Sunday of Lent,1,firstReading,First Reading,Genesis 9:8–15,,,,1,GEN,9,8,15,0
2027-02-14,1st Sunday of Lent,2,responsorialPsalm,Responsorial Psalm,"Psalm 25:4–5, 6–7, 8–9.",,,,1,PSA,25,4,5,0
2027-02-14,1st Sunday of Lent,2,responsorialPsalm,Responsorial Psalm,"Psalm 25:4–5, 6–7, 8–9.",,,,2,PSA,25,6,7,0
2027-02-14,1st Sunday of Lent,2,responsorialPsalm,Responsorial Psalm,"Psalm 25:4–5, 6–7, 8–9.",,,,3,PSA,25,8,9,0
2027-02-14,1st Sunday of Lent,3,secondReading,Second Reading,1 Peter 3:18–22,,,,1,1PE,3,18,22,0
2027-02-14,1st Sunday of Lent,4,gospel,Gospel,Mark 1:12–15,,,,1,MRK,1,12,15,0
2027-02-15,Monday of the 1st week of Lent,1,firstReading,First Reading,"Leviticus 19:1–2, 11–18",,,,1,LEV,19,1,2,0
2027-02-15,Monday of the 1st week of Lent,1,firstReading,First Reading,"Leviticus 19:1–2, 11–18",,,,2,LEV,19,11,18,0
2027-02-15,Monday of the 1st week of Lent,2,responsorialPsalm,Responsorial Psalm,"Psalm 19:8, 9, 10, 15",,,,1,PSA,19,7,7,1
2027-02-15,Monday of the 1st week of Lent,2,responsorialPsalm,Responsorial Psalm,"Psalm 19:8, 9, 10, 15",,,,2,PSA,19,8,8,1
2027-02-15,Monday of the 1st week of Lent,2,responsorialPsalm,Responsorial Psalm,"Psalm 19:8, 9, 10, 15",,,,3,PSA,19,9,9,1
2027-02-15,Monday of the 1st week of Lent,2,responsorialPsalm,Responsorial Psalm,"Psalm 19:8, 9, 10, 15",,,,4,PSA,19,14,14,1
2027-02-15,Monday of the 1st week of Lent,3,gospel,Gospel,Matthew 25:31–46,,,,1,MAT,25,31,46,0
2027-02-16,Tuesday of the 1st week of Lent,1,firstReading,First Reading,Isaiah 55:10–11,,,,1,ISA,55,10,11,0
2027-02-16,Tuesday of the 1st week of Lent,2,responsorialPsalm,Responsorial Psalm,"Psalm 34:4–5, 6–7, 16–17, 18–19",,,,1,PSA,34,4,5,0
2027-02-16,Tuesday of the 1st week of Lent,2,responsorialPsalm,Responsorial Psalm,"Psalm 34:4–5, 6–7, 16–17, 18–19",,,,2,PSA,34,6,7,0
2027-02-16,Tuesday of the 1st week of Lent,2,responsorialPsalm,Responsorial Psalm,"Psalm 34:4–5, 6–7, 16–17, 18–19",,,,3,PSA,34,16,17,0
2027-02-16,Tuesday of the 1st week of Lent,2,responsorialPsalm,Responsorial Psalm,"Psalm 34:4–5, 6–7, 16–17, 18–19",,,,4,PSA,34,18,19,0
2027-02-16,Tuesday of the 1st week of Lent,3,gospel,Gospel,Matthew 6:7–15,,,,1,MAT,6,7,15,0
2027-02-17,Seven Holy Founders of the Servite Order,1,firstReading,First Reading,Jonah 3:1–10,,,,1,JON,3,1,10,0
2027-02-17,Seven Holy Founders of the Servite Order,2,responsorialPsalm,Responsorial Psalm,"Psalm 51:3–4, 12–13, 18–19",,,,1,PSA,51,3,4,0
2027-02-17,Seven Holy Founders of the Servite Order,2,responsorialPsalm,Responsorial Psalm,"Psalm 51:3–4, 12–13, 18–19",,,,2,PSA,51,12,13,0
2027-02-17,Seven Holy Founders of the Servite Order,2,responsorialPsalm,Responsorial Psalm,"Psalm 51:3–4, 12–13, 18–19",,,,3,PSA,51,18,19,0
2027-02-17,Seven Holy Founders of the Servite Order,3,gospel,Gospel,Luke 11:29–32,,,,1,LUK,11,29,32,0
2027-02-18,Thursday of the 1st week of Lent,1,firstReading,First Reading,"Esther C:12, 14–16, 23–25",,,,1,ESG,4,29,29,-17
2027-02-18,Thursday of the 1st week of Lent,1,firstReading,First Reading,"Esther C:12, 14–16, 23–25",,,,2,ESG,4,31,33,-17
2027-02-18,Thursday of the 1st week of Lent,1,firstReading,First Reading,"Esther C:12, 14–16, 23–25",,,,3,ESG,4,40,42,-17
2027-02-18,Thursday of the 1st week of Lent,2,responsorialPsalm,Responsorial Psalm,"Psalm 138:1–2ab, 2cde-3, 7c-8",,,,1,PSA,138,1,2,0
2027-02-18,Thursday of the 1st week of Lent,2,responsorialPsalm,Responsorial Psalm,"Psalm 138:1–2ab, 2cde-3, 7c-8",,,,2,PSA,138,2,3,0
2027-02-18,Thursday of the 1st week of Lent,2,responsorialPsalm,Responsorial Psalm,"Psalm 138:1–2ab, 2cde-3, 7c-8",,,,3,PSA,138,7,8,0
2027-02-18,Thursday of the 1st week of Lent,3,gospel,Gospel,Matthew 7:7–12,,,,1,MAT,7,7,12,0
2027-02-19,Friday of the 1st week of Lent,1,firstReading,First Reading,Ezekiel 18:21–28,,,,1,EZK,18,21,28,0
2027-02-19,Friday of the 1st week of Lent,2,responsorialPsalm,Responsorial Psalm,"Psalm 130:1–2, 3–4, 5–7a, 7bc-8",,,,1,PSA,130,1,2,0
2027-02-19,Friday of the 1st week of Lent,2,responsorialPsalm,Responsorial Psalm,"Psalm 130:1–2, 3–4, 5–7a, 7bc-8",,,,2,PSA,130,3,4,0
2027-02-19,Friday of the 1st week of Lent,2,responsorialPsalm,Responsorial Psalm,"Psalm 130:1–2, 3–4, 5–7a, 7bc-8",,,,3,PSA,130,5,7,0
2027-02-19,Friday of the 1st week of Lent,2,responsorialPsalm,Responsorial Psalm,"Psalm 130:1–2, 3–4, 5–7a, 7bc-8",,,,4,PSA,130,7,8,0
2027-02-19,Friday of the 1st week of Lent,3,gospel,Gospel,Matthew 5:20–26,,,,1,MAT,5,20,26,0
2027-02-20,Saturday of the 1st week of Lent,1,firstReading,First Reading,Deuteronomy 26:16–19,,,,1,DEU,26,16,19,0
2027-02-20,Saturday of the 1st week of Lent,2,responsorialPsalm,Responsorial Psalm,"Psalm 119:1–2, 4–5, 7–8",,,,1,PSA,119,1,2,0
2027-02-20,Saturday of the 1st week of Lent,2,responsorialPsalm,Responsorial Psalm,"Psalm 119:1–2, 4–5, 7–8",,,,2,PSA,119,4,5,0
2027-02-20,Saturday of the 1st week of Lent,2,responsorialPsalm,Responsorial Psalm,"Psalm 119:1–2, 4–5, 7–8",,,,3,PSA,119,7,8,0
2027-02-20,Saturday of the 1st week of Lent,3,gospel,Gospel,Matthew 5:43–48,,,,1,MAT,5,43,48,0
2027-02-21,2nd Sunday of Lent,1,firstReading,First Reading,"Genesis 22:1–2, 9a, 10–13, 15–18",,,,1,GEN,22,1,2,0
2027-02-21,2nd Sunday of Lent,1,firstReading,First Reading,"Genesis 22:1–2, 9a, 10–13, 15–18",,,,2,GEN,22,9,9,0
2027-02-21,2nd Sunday of Lent,1,firstReading,First Reading,"Genesis 22:1–2, 9a, 10–13, 15–18",,,,3,GEN,22,10,13,0
2027-02-21,2nd Sunday of Lent,1,firstReading,First Reading,"Genesis 22:1–2, 9a, 10–13, 15–18",,,,4,GEN,22,15,18,0
2027-02-21,2nd Sunday of Lent,2,responsorialPsalm,Responsorial Psalm,"Psalm 116:10, 15, 16–17, 18–19",,,,1,PSA,116,10,10,0
2027-02-21,2nd Sunday of Lent,2,responsorialPsalm,Responsorial Psalm,"Psalm 116:10, 15, 16–17, 18–19",,,,2,PSA,116,15,15,0
2027-02-21,2nd Sunday of Lent,2,responsorialPsalm,Responsorial Psalm,"Psalm 116:10, 15, 16–17, 18–19",,,,3,PSA,116,16,17,0
2027-02-21,2nd Sunday of Lent,2,responsorialPsalm,Responsorial Psalm,"Psalm 116:10, 15, 16–17, 18–19",,,,4,PSA,116,18,19,0
2027-02-21,2nd Sunday of Lent,3,secondReading,Second Reading,Romans 8:31b-34,,,,1,ROM,8,31,34,0
2027-02-21,2nd Sunday of Lent,4,gospel,Gospel,Mark 9:2–10,,,,1,MRK,9,2,10,0
2027-02-22,"Chair of Saint Peter, Apostle",1,firstReading,First Reading,1 Peter 5:1–4,,,,1,1PE,5,1,4,0
2027-02-22,"Chair of Saint Peter, Apostle",2,responsorialPsalm,Responsorial Psalm,"Psalm 23:1–3a, 4, 5, 6",,,,1,PSA,23,1,3,0
2027-02-22,"Chair of Saint Peter, Apostle",2,responsorialPsalm,Responsorial Psalm,"Psalm 23:1–3a, 4, 5, 6",,,,2,PSA,23,4,4,0
2027-02-22,"Chair of Saint Peter, Apostle",2,responsorialPsalm,Responsorial Psalm,"Psalm 23:1–3a, 4, 5, 6",,,,3,PSA,23,5,5,0
2027-02-22,"Chair of Saint Peter, Apostle",2,responsorialPsalm,Responsorial Psalm,"Psalm 23:1–3a, 4, 5, 6",,,,4,PSA,23,6,6,0
2027-02-22,"Chair of Saint Peter, Apostle",3,gospel,Gospel,Matthew 16:13–19,,,,1,MAT,16,13,19,0
2027-02-23,"Saint Polycarp, Bishop and Martyr",1,firstReading,First Reading,"Isaiah 1:10, 16–20",,,,1,ISA,1,10,10,0
2027-02-23,"Saint Polycarp, Bishop and Martyr",1,firstReading,First Reading,"Isaiah 1:10, 16–20",,,,2,ISA,1,16,20,0
2027-02-23,"Saint Polycarp, Bishop and Martyr",2,responsorialPsalm,Responsorial Psalm,"Psalm 50:8–9, 16bc-17, 21 and 23",,,,1,PSA,50,8,9,0
2027-02-23,"Saint Polycarp, Bishop and Martyr",2,responsorialPsalm,Responsorial Psalm,"Psalm 50:8–9, 16bc-17, 21 and 23",,,,2,PSA,50,16,17,0
2027-02-23,"Saint Polycarp, Bishop and Martyr",2,responsorialPsalm,Responsorial Psalm,"Psalm 50:8–9, 16bc-17, 21 and 23",,,,3,PSA,50,21,21,0
2027-02-23,"Saint Polycarp, Bishop and Martyr",2,responsorialPsalm,Responsorial Psalm,"Psalm 50:8–9, 16bc-17, 21 and 23",,,,4,PSA,50,23,23,0
2027-02-23,"Saint Polycarp, Bishop and Martyr",3,gospel,Gospel,Matthew 23:1–12,,,,1,MAT,23,1,12,0
2027-02-24,Wednesday of the 2nd week of Lent,1,firstReading,First Reading,Jeremiah 18:18–20,,,,1,JER,18,18,20,0
2027-02-24,Wednesday of the 2nd week of Lent,2,responsorialPsalm,Responsorial Psalm,"Psalm 31:5–6, 14, 15–16",,,,1,PSA,31,5,6,0
2027-02-24,Wednesday of the 2nd week of Lent,2,responsorialPsalm,Responsorial Psalm,"Psalm 31:5–6, 14, 15–16",,,,2,PSA,31,14,14,0
2027-02-24,Wednesday of the 2nd week of Lent,2,responsorialPsalm,Responsorial Psalm,"Psalm 31:5–6, 14, 15–16",,,,3,PSA,31,15,16,0
2027-02-24,Wednesday of the 2nd week of Lent,3,gospel,Gospel,Matthew 20:17–28,,,,1,MAT,20,17,28,0
2027-02-25,Thursday of the 2nd week of Lent,1,firstReading,First Reading,Jeremiah 17:5–10,,,,1,JER,17,5,10,0
2027-02-25,Thursday of the 2nd week of Lent,2,responsorialPsalm,Responsorial Psalm,"Psalm 1:1–2, 3, 4 and 6",,,,1,PSA,1,1,2,0
2027-02-25,Thursday of the 2nd week of Lent,2,responsorialPsalm,Responsorial Psalm,"Psalm 1:1–2, 3, 4 and 6",,,,2,PSA,1,3,3,0
2027-02-25,Thursday of the 2nd week of Lent,2,responsorialPsalm,Responsorial Psalm,"Psalm 1:1–2, 3, 4 and 6",,,,3,PSA,1,4,4,0
2027-02-25,Thursday of the 2nd week of Lent,2,responsorialPsalm,Responsorial Psalm,"Psalm 1:1–2, 3, 4 and 6",,,,4,PSA,1,6,6,0
2027-02-25,Thursday of the 2nd week of Lent,3,gospel,Gospel,Luke 16:19–31,,,,1,LUK,16,19,31,0
2027-02-26,Friday of the 2nd week of Lent,1,firstReading,First Reading,"Genesis 37:3–4, 12–13a, 17b-28a",,,,1,GEN,37,3,4,0
2027-02-26,Friday of the 2nd week of Lent,1,firstReading,First Reading,"Genesis 37:3–4, 12–13a, 17b-28a",,,,2,GEN,37,12,13,0
2027-02-26,Friday of the 2nd week of Lent,1,firstReading,First Reading,"Genesis 37:3–4, 12–13a, 17b-28a",,,,3,GEN,37,17,28,0
2027-02-26,Friday of the 2nd week of Lent,2,responsorialPsalm,Responsorial Psalm,"Psalm 105:16–17, 18–19, 20–21",,,,1,PSA,105,16,17,0
2027-02-26,Friday of the 2nd week of Lent,2,responsorialPsalm,Responsorial Psalm,"Psalm 105:16–17, 18–19, 20–21",,,,2,PSA,105,18,19,0
2027-02-26,Friday of the 2nd week of Lent,2,responsorialPsalm,Responsorial Psalm,"Psalm 105:16–17, 18–19, 20–21",,,,3,PSA,105,20,21,0
2027-02-26,Friday of the 2nd week of Lent,3,gospel,Gospel,"Matthew 21:33–43, 45–46",,,,1,MAT,21,33,43,0
2027-02-26,Friday of the 2nd week of Lent,3,gospel,Gospel,"Matthew 21:33–43, 45–46",,,,2,MAT,21,45,46,0
2027-02-27,Saturday of the 2nd week of Lent,1,firstReading,First Reading,"Micah 7:14–15, 18–20",,,,1,MIC,7,14,15,0
2027-02-27,Saturday of the 2nd week of Lent,1,firstReading,First Reading,"Micah 7:14–15, 18–20",,,,2,MIC,7,18,20,0
2027-02-27,Saturday of the 2nd week of Lent,2,responsorialPsalm,Responsorial Psalm,"Psalm 103:1–2, 3–4, 9–10, 11–12",,,,1,PSA,103,1,2,0
2027-02-27,Saturday of the 2nd week of Lent,2,responsorialPsalm,Responsorial Psalm,"Psalm 103:1–2, 3–4, 9–10, 11–12",,,,2,PSA,103,3,4,0
2027-02-27,Saturday of the 2nd week of Lent,2,responsorialPsalm,Responsorial Psalm,"Psalm 103:1–2, 3–4, 9–10, 11–12",,,,3,PSA,103,9,10,0
2027-02-27,Saturday of the 2nd week of Lent,2,responsorialPsalm,Responsorial Psalm,"Psalm 103:1–2, 3–4, 9–10, 11–12",,,,4,PSA,103,11,12,0
2027-02-27,Saturday of the 2nd week of Lent,3,gospel,Gospel,"Luke 15:1–3, 11–32",,,,1,LUK,15,1,3,0
2027-02-27,Saturday of the 2nd week of Lent,3,gospel,Gospel,"Luke 15:1–3, 11–32",,,,2,LUK,15,11,32,0
2027-02-28,3rd Sunday of Lent,1,firstReading,First Reading,Exodus 20:1–17,,,,1,EXO,20,1,17,0
2027-02-28,3rd Sunday of Lent,2,responsorialPsalm,Responsorial Psalm,"Psalm 19:8, 9, 10, 11",,,,1,PSA,19,8,8,0
2027-02-28,3rd Sunday of Lent,2,responsorialPsalm,Responsorial Psalm,"Psalm 19:8, 9, 10, 11",,,,2,PSA,19,9,9,0
2027-02-28,3rd Sunday of Lent,2,responsorialPsalm,Responsorial Psalm,"Psalm 19:8, 9, 10, 11",,,,3,PSA,19,10,10,0
2027-02-28,3rd Sunday of Lent,2,responsorialPsalm,Responsorial Psalm,"Psalm 19:8, 9, 10, 11",,,,4,PSA,19,11,11,0
2027-02-28,3rd Sunday of Lent,3,secondReading,Second Reading,1 Corinthians 1:22–25,,,,1,1CO,1,22,25,0
2027-02-28,3rd Sunday of Lent,4,gospel,Gospel,John 2:13–25,,,,1,JHN,2,13,25,0
2027-03-01,Monday of the 3rd week of Lent,1,firstReading,First Reading,2 Kings 5:1–15ab,,,,1,2KI,5,1,15,0
2027-03-01,Monday of the 3rd week of Lent,2,responsorialPsalm,Responsorial Psalm,"Psalm 42:2, 3; 43:3, 4",,,,1,PSA,42,2,2,0
2027-03-01,Monday of the 3rd week of Lent,2,responsorialPsalm,Responsorial Psalm,"Psalm 42:2, 3; 43:3, 4",,,,2,PSA,42,3,3,0
2027-03-01,Monday of the 3rd week of Lent,2,responsorialPsalm,Responsorial Psalm,"Psalm 42:2, 3; 43:3, 4",,,,3,PSA,43,3,3,0
2027-03-01,Monday of the 3rd week of Lent,2,responsorialPsalm,Responsorial Psalm,"Psalm 42:2, 3; 43:3, 4",,,,4,PSA,43,4,4,0
2027-03-01,Monday of the 3rd week of Lent,3,gospel,Gospel,Luke 4:24–30,,,,1,LUK,4,24,30,0
2027-03-02,Tuesday of the 3rd week of Lent,1,firstReading,First Reading,"Daniel 3:25, 34–43",,,,1,DAG,3,25,25,0
2027-03-02,Tuesday of the 3rd week of Lent,1,firstReading,First Reading,"Daniel 3:25, 34–43",,,,2,DAG,3,34,43,0
2027-03-02,Tuesday of the 3rd week of Lent,2,responsorialPsalm,Responsorial Psalm,"Psalm 25:4–5ab, 6 and 7bc, 8–9",,,,1,PSA,25,4,5,0
2027-03-02,Tuesday of the 3rd week of Lent,2,responsorialPsalm,Responsorial Psalm,"Psalm 25:4–5ab, 6 and 7bc, 8–9",,,,2,PSA,25,6,6,0
2027-03-02,Tuesday of the 3rd week of Lent,2,responsorialPsalm,Responsorial Psalm,"Psalm 25:4–5ab, 6 and 7bc, 8–9",,,,3,PSA,25,7,7,0
2027-03-02,Tuesday of the 3rd week of Lent,2,responsorialPsalm,Responsorial Psalm,"Psalm 25:4–5ab, 6 and 7bc, 8–9",,,,4,PSA,25,8,9,0
2027-03-02,Tuesday of the 3rd week of Lent,3,gospel,Gospel,Matthew 18:21–35,,,,1,MAT,18,21,35,0
2027-03-03,Wednesday of the 3rd week of Lent,1,firstReading,First Reading,"Deuteronomy 4:1, 5–9",,,,1,DEU,4,1,1,0
2027-03-03,Wednesday of the 3rd week of Lent,1,firstReading,First Reading,"Deuteronomy 4:1, 5–9",,,,2,DEU,4,5,9,0
2027-03-03,Wednesday of the 3rd week of Lent,2,responsorialPsalm,Responsorial Psalm,"Psalm 147:12–13, 15–16, 19–20",,,,1,PSA,147,12,13,0
2027-03-03,Wednesday of the 3rd week of Lent,2,responsorialPsalm,Responsorial Psalm,"Psalm 147:12–13, 15–16, 19–20",,,,2,PSA,147,15,16,0
2027-03-03,Wednesday of the 3rd week of Lent,2,responsorialPsalm,Responsorial Psalm,"Psalm 147:12–13, 15–16, 19–20",,,,3,PSA,147,19,20,0
2027-03-03,Wednesday of the 3rd week of Lent,3,gospel,Gospel,Matthew 5:17–19,,,,1,MAT,5,17,19,0
2027-03-04,Saint Casimir,1,firstReading,First Reading,Jeremiah 7:23–28,,,,1,JER,7,23,28,0
2027-03-04,Saint Casimir,2,responsorialPsalm,Responsorial Psalm,"Psalm 95:1–2, 6–7, 8–9",,,,1,PSA,95,1,2,0
2027-03-04,Saint Casimir,2,responsorialPsalm,Responsorial Psalm,"Psalm 95:1–2, 6–7, 8–9",,,,2,PSA,95,6,7,0
2027-03-04,Saint Casimir,2,responsorialPsalm,Responsorial Psalm,"Psalm 95:1–2, 6–7, 8–9",,,,3,PSA,95,8,9,0
2027-03-04,Saint Casimir,3,gospel,Gospel,Luke 11:14–23,,,,1,LUK,11,14,23,0
2027-03-05,Friday of the 3rd week of Lent,1,firstReading,First Reading,Hosea 14:2–10,,,,1,HOS,14,1,9,1
2027-03-05,Friday of the 3rd week of Lent,2,responsorialPsalm,Responsorial Psalm,"Psalm 81:6c-8a, 8bc-9, 10–11ab, 14 and 17",,,,1,PSA,81,5,7,1
2027-03-05,Friday of the 3rd week of Lent,2,responsorialPsalm,Responsorial Psalm,"Psalm 81:6c-8a, 8bc-9, 10–11ab, 14 and 17",,,,2,PSA,81,7,8,1
2027-03-05,Friday of the 3rd week of Lent,2,responsorialPsalm,Responsorial Psalm,"Psalm 81:6c-8a, 8bc-9, 10–11ab, 14 and 17",,,,3,PSA,81,9,10,1
2027-03-05,Friday of the 3rd week of Lent,2,responsorialPsalm,Responsorial Psalm,"Psalm 81:6c-8a, 8bc-9, 10–11ab, 14 and 17",,,,4,PSA,81,13,13,1
2027-03-05,Friday of the 3rd week of Lent,2,responsorialPsalm,Responsorial Psalm,"Psalm 81:6c-8a, 8bc-9, 10–11ab, 14 and 17",,,,5,PSA,81,16,16,1
2027-03-05,Friday of the 3rd week of Lent,3,gospel,Gospel,Mark 12:28–34,,,,1,MRK,12,28,34,0
2027-03-06,Saturday of the 3rd week of Lent,1,firstReading,First Reading,Hosea 6:1–6,,,,1,HOS,6,1,6,0
2027-03-06,Saturday of the 3rd week of Lent,2,responsorialPsalm,Responsorial Psalm,"Psalm 51:3–4, 18–19, 20–21ab",,,,1,PSA,51,1,2,2
2027-03-06,Saturday of the 3rd week of Lent,2,responsorialPsalm,Responsorial Psalm,"Psalm 51:3–4, 18–19, 20–21ab",,,,2,PSA,51,16,17,2
2027-03-06,Saturday of the 3rd week of Lent,2,responsorialPsalm,Responsorial Psalm,"Psalm 51:3–4, 18–19, 20–21ab",,,,3,PSA,51,18,19,2
2027-03-06,Saturday of the 3rd week of Lent,3,gospel,Gospel,Luke 18:9–14,,,,1,LUK,18,9,14,0
2027-03-07,4th Sunday of Lent,1,firstReading,First Reading,"2 Chronicles 36:14–16, 19–23",,,,1,2CH,36,14,16,0
2027-03-07,4th Sunday of Lent,1,firstReading,First Reading,"2 Chronicles 36:14–16, 19–23",,,,2,2CH,36,19,23,0
2027-03-07,4th Sunday of Lent,2,responsorialPsalm,Responsorial Psalm,"Psalm 137:1–2, 3, 4–5, 6",,,,1,PSA,137,1,2,0
2027-03-07,4th Sunday of Lent,2,responsorialPsalm,Responsorial Psalm,"Psalm 137:1–2, 3, 4–5, 6",,,,2,PSA,137,3,3,0
2027-03-07,4th Sunday of Lent,2,responsorialPsalm,Responsorial Psalm,"Psalm 137:1–2, 3, 4–5, 6",,,,3,PSA,137,4,6,0
2027-03-07,4th Sunday of Lent,3,secondReading,Second Reading,Ephesians 2:4–10,,,,1,EPH,2,4,10,0
2027-03-07,4th Sunday of Lent,4,gospel,Gospel,John 3:14–21,,,,1,JHN,3,14,21,0
2027-03-08,"Saint John of God, Religious",1,firstReading,First Reading,Isaiah 65:17–21,,,,1,ISA,65,17,21,0
2027-03-08,"Saint John of God, Religious",2,responsorialPsalm,Responsorial Psalm,"Psalm 30:2 and 4, 5–6, 11–12a and 13b",,,,1,PSA,30,1,1,1
2027-03-08,"Saint John of God, Religious",2,responsorialPsalm,Responsorial Psalm,"Psalm 30:2 and 4, 5–6, 11–12a and 13b",,,,2,PSA,30,3,3,1
2027-03-08,"Saint John of God, Religious",2,responsorialPsalm,Responsorial Psalm,"Psalm 30:2 and 4, 5–6, 11–12a and 13b",,,,3,PSA,30,4,5,1
2027-03-08,"Saint John of God, Religious",2,responsorialPsalm,Responsorial Psalm,"Psalm 30:2 and 4, 5–6, 11–12a and 13b",,,,4,PSA,30,10,11,1
2027-03-08,"Saint John of God, Religious",2,responsorialPsalm,Responsorial Psalm,"Psalm 30:2 and 4, 5–6, 11–12a and 13b",,,,5,PSA,30,12,12,1
2027-03-08,"Saint John of God, Religious",3,gospel,Gospel,John 4:43–54,,,,1,JHN,4,43,54,0
2027-03-09,"Saint Frances of Rome, Religious",1,firstReading,First Reading,"Ezekiel 47:1–9, 12",,,,1,EZK,47,1,9,0
2027-03-09,"Saint Frances of Rome, Religious",1,firstReading,First Reading,"Ezekiel 47:1–9, 12",,,,2,EZK,47,12,12,0
2027-03-09,"Saint Frances of Rome, Religious",2,responsorialPsalm,Responsorial Psalm,"Psalm 46:2–3, 5–6, 8–9",,,,1,PSA,46,2,3,0
2027-03-09,"Saint Frances of Rome, Religious",2,responsorialPsalm,Responsorial Psalm,"Psalm 46:2–3, 5–6, 8–9",,,,2,PSA,46,5,6,0
2027-03-09,"Saint Frances of Rome, Religious",2,responsorialPsalm,Responsorial Psalm,"Psalm 46:2–3, 5–6, 8–9",,,,3,PSA,46,8,9,0
2027-03-09,"Saint Frances of Rome, Religious",3,gospel,Gospel,John 5:1–16,,,,1,JHN,5,1,16,0
2027-03-10,Wednesday of the 4th week of Lent,1,firstReading,First Reading,Isaiah 49:8–15,,,,1,ISA,49,8,15,0
2027-03-10,Wednesday of the 4th week of Lent,2,responsorialPsalm,Responsorial Psalm,"Psalm 145:8–9, 13cd-14, 17–18",,,,1,PSA,145,8,9,0
2027-03-10,Wednesday of the 4th week of Lent,2,responsorialPsalm,Responsorial Psalm,"Psalm 145:8–9, 13cd-14, 17–18",,,,2,PSA,145,13,14,0
2027-03-10,Wednesday of the 4th week of Lent,2,responsorialPsalm,Responsorial Psalm,"Psalm 145:8–9, 13cd-14, 17–18",,,,3,PSA,145,17,18,0
2027-03-10,Wednesday of the 4th week of Lent,3,gospel,Gospel,John 5:17–30,,,,1,JHN,5,17,30,0
2027-03-11,Thursday of the 4th week of Lent,1,firstReading,First Reading,Exodus 32:7–14,,,,1,EXO,32,7,14,0
2027-03-11,Thursday of the 4th week of Lent,2,responsorialPsalm,Responsorial Psalm,"Psalm 106:19–20, 21–22, 23",,,,1,PSA,106,19,20,0
2027-03-11,Thursday of the 4th week of Lent,2,responsorialPsalm,Responsorial Psalm,"Psalm 106:19–20, 21–22, 23",,,,2,PSA,106,21,22,0
2027-03-11,Thursday of the 4th week of Lent,2,responsorialPsalm,Responsorial Psalm,"Psalm 106:19–20, 21–22, 23",,,,3,PSA,106,23,23,0
2027-03-11,Thursday of the 4th week of Lent,3,gospel,Gospel,John 5:31–47,,,,1,JHN,5,31,47,0
2027-03-12,Friday of the 4th week of Lent,1,firstReading,First Reading,"Wisdom 2:1a, 12–22",,,,1,WIS,2,1,1,0
2027-03-12,Friday of the 4th week of Lent,1,firstReading,First Reading,"Wisdom 2:1a, 12–22",,,,2,WIS,2,12,22,0
2027-03-12,Friday of the 4th week of Lent,2,responsorialPsalm,Responsorial Psalm,"Psalm 34:17–18, 19–20, 21 and 23",,,,1,PSA,34,16,17,1
2027-03-12,Friday of the 4th week of Lent,2,responsorialPsalm,Responsorial Psalm,"Psalm 34:17–18, 19–20, 21 and 23",,,,2,PSA,34,18,19,1
2027-03-12,Friday of the 4th week of Lent,2,responsorialPsalm,Responsorial Psalm,"Psalm 34:17–18, 19–20, 21 and 23",,,,3,PSA,34,20,20,1
2027-03-12,Friday of the 4th week of Lent,2,responsorialPsalm,Responsorial Psalm,"Psalm 34:17–18, 19–20, 21 and 23",,,,4,PSA,34,22,22,1
2027-03-12,Friday of the 4th week of Lent,3,gospel,Gospel,"John 7:1–2, 10, 25–30",,,,1,JHN,7,1,2,0
2027-03-12,Friday of the 4th week of Lent,3,gospel,Gospel,"John 7:1–2, 10, 25–30",,,,2,JHN,7,10,10,0
2027-03-12,Friday of the 4th week of Lent,3,gospel,Gospel,"John 7:1–2, 10, 25–30",,,,3,JHN,7,25,30,0
2027-03-13,Saturday of the 4th week of Lent,1,firstReading,First Reading,Jeremiah 11:18–20,,,,1,JER,11,18,20,0
2027-03-13,Saturday of the 4th week of Lent,2,responsorialPsalm,Responsorial Psalm,"Psalm 7:2–3, 9bc-10, 11–12",,,,1,PSA,7,2,3,0
2027-03-13,Saturday of the 4th week of Lent,2,responsorialPsalm,Responsorial Psalm,"Psalm 7:2–3, 9bc-10, 11–12",,,,2,PSA,7,9,10,0
2027-03-13,Saturday of the 4th week of Lent,2,responsorialPsalm,Responsorial Psalm,"Psalm 7:2–3, 9bc-10, 11–12",,,,3,PSA,7,11,12,0
2027-03-13,Saturday of the 4th week of Lent,3,gospel,Gospel,John 7:40–53,,,,1,JHN,7,40,53,0
2027-03-14,5th Sunday of Lent,1,firstReading,First Reading,Jeremiah 31:31–34,,,,1,JER,31,31,34,0
2027-03-14,5th Sunday of Lent,2,responsorialPsalm,Responsorial Psalm,"Psalm 51:3–4, 12–13, 14–15",,,,1,PSA,51,3,4,0
2027-03-14,5th Sunday of Lent,2,responsorialPsalm,Responsorial Psalm,"Psalm 51:3–4, 12–13, 14–15",,,,2,PSA,51,12,13,0
2027-03-14,5th Sunday of Lent,2,responsorialPsalm,Responsorial Psalm,"Psalm 51:3–4, 12–13, 14–15",,,,3,PSA,51,14,15,0
2027-03-14,5th Sunday of Lent,3,secondReading,Second Reading,Hebrews 5:7–9,,,,1,HEB,5,7,9,0
2027-03-14,5th Sunday of Lent,4,gospel,Gospel,John 12:20–33,,,,1,JHN,12,20,33,0
2027-03-15,Monday of the 5th week of Lent,1,firstReading,First Reading — Choice One,"Daniel 13:1–9, 15–17, 19–30, 33–62",,firstReading,Choice One,1,DAG,13,1,9,0
2027-03-15,Monday of the 5th week of Lent,1,firstReading,First Reading — Choice One,"Daniel 13:1–9, 15–17, 19–30, 33–62",,firstReading,Choice One,2,DAG,13,15,17,0
2027-03-15,Monday of the 5th week of Lent,1,firstReading,First Reading — Choice One,"Daniel 13:1–9, 15–17, 19–30, 33–62",,firstReading,Choice One,3,DAG,13,19,30,0
2027-03-15,Monday of the 5th week of Lent,1,firstReading,First Reading — Choice One,"Daniel 13:1–9, 15–17, 19–30, 33–62",,firstReading,Choice One,4,DAG,13,33,62,0
2027-03-15,Monday of the 5th week of Lent,2,firstReading,First Reading — Choice Two,Daniel 13:41c–62,,firstReading,Choice Two,1,DAG,13,41,62,0
2027-03-15,Monday of the 5th week of Lent,3,responsorialPsalm,Responsorial Psalm,"Psalm 23:1–3a, 3b-4, 5, 6",,,,1,PSA,23,1,3,0
2027-03-15,Monday of the 5th week of Lent,3,responsorialPsalm,Responsorial Psalm,"Psalm 23:1–3a, 3b-4, 5, 6",,,,2,PSA,23,3,4,0
2027-03-15,Monday of the 5th week of Lent,3,responsorialPsalm,Responsorial Psalm,"Psalm 23:1–3a, 3b-4, 5, 6",,,,3,PSA,23,5,5,0
2027-03-15,Monday of the 5th week of Lent,3,responsorialPsalm,Responsorial Psalm,"Psalm 23:1–3a, 3b-4, 5, 6",,,,4,PSA,23,6,6,0
2027-03-15,Monday of the 5th week of Lent,4,gospel,Gospel,John 8:1–11,,,,1,JHN,8,1,11,0
2027-03-16,Tuesday of the 5th week of Lent,1,firstReading,First Reading,Numbers 21:4–9,,,,1,NUM,21,4,9,0
2027-03-16,Tuesday of the 5th week of Lent,2,responsorialPsalm,Responsorial Psalm,"Psalm 102:2–3, 16–18, 19–21",,,,1,PSA,102,2,3,0
2027-03-16,Tuesday of the 5th week of Lent,2,responsorialPsalm,Responsorial Psalm,"Psalm 102:2–3, 16–18, 19–21",,,,2,PSA,102,16,18,0
2027-03-16,Tuesday of the 5th week of Lent,2,responsorialPsalm,Responsorial Psalm,"Psalm 102:2–3, 16–18, 19–21",,,,3,PSA,102,19,21,0
2027-03-16,Tuesday of the 5th week of Lent,3,gospel,Gospel,John 8:21–30,,,,1,JHN,8,21,30,0
2027-03-17,"Saint Patrick, Bishop",1,firstReading,First Reading,"Daniel 3:14–20, 91–92, 95",,,,1,DAG,3,14,20,0
2027-03-17,"Saint Patrick, Bishop",1,firstReading,First Reading,"Daniel 3:14–20, 91–92, 95",,,,2,DAG,3,91,92,0
2027-03-17,"Saint Patrick, Bishop",1,firstReading,First Reading,"Daniel 3:14–20, 91–92, 95",,,,3,DAG,3,95,95,0
2027-03-17,"Saint Patrick, Bishop",2,responsorialPsalm,Responsorial Psalm,"Daniel 3:52, 53, 54, 55, 56",,,,1,DAG,3,52,52,0
2027-03-17,"Saint Patrick, Bishop",2,responsorialPsalm,Responsorial Psalm,"Daniel 3:52, 53, 54, 55, 56",,,,2,DAG,3,53,53,0
2027-03-17,"Saint Patrick, Bishop",2,responsorialPsalm,Responsorial Psalm,"Daniel 3:52, 53, 54, 55, 56",,,,3,DAG,3,54,54,0
2027-03-17,"Saint Patrick, Bishop",2,responsorialPsalm,Responsorial Psalm,"Daniel 3:52, 53, 54, 55, 56",,,,4,DAG,3,55,55,0
2027-03-17,"Saint Patrick, Bishop",2,responsorialPsalm,Responsorial Psalm,"Daniel 3:52, 53, 54, 55, 56",,,,5,DAG,3,56,56,0
2027-03-17,"Saint Patrick, Bishop",3,gospel,Gospel,John 8:31–42,,,,1,JHN,8,31,42,0
2027-03-18,"Saint Cyril of Jerusalem, Bishop and Doctor",1,firstReading,First Reading,Genesis 17:3–9,,,,1,GEN,17,3,9,0
2027-03-18,"Saint Cyril of Jerusalem, Bishop and Doctor",2,responsorialPsalm,Responsorial Psalm,"Psalm 105:4–5, 6–7, 8–9",,,,1,PSA,105,4,5,0
2027-03-18,"Saint Cyril of Jerusalem, Bishop and Doctor",2,responsorialPsalm,Responsorial Psalm,"Psalm 105:4–5, 6–7, 8–9",,,,2,PSA,105,6,7,0
2027-03-18,"Saint Cyril of Jerusalem, Bishop and Doctor",2,responsorialPsalm,Responsorial Psalm,"Psalm 105:4–5, 6–7, 8–9",,,,3,PSA,105,8,9,0
2027-03-18,"Saint Cyril of Jerusalem, Bishop and Doctor",3,gospel,Gospel,John 8:51–59,,,,1,JHN,8,51,59,0
2027-03-19,"Joseph, Husband of Mary",1,firstReading,First Reading,"2 Samuel 7:4–5a, 12–14a, 16",,,,1,2SA,7,4,5,0
2027-03-19,"Joseph, Husband of Mary",1,firstReading,First Reading,"2 Samuel 7:4–5a, 12–14a, 16",,,,2,2SA,7,12,14,0
2027-03-19,"Joseph, Husband of Mary",1,firstReading,First Reading,"2 Samuel 7:4–5a, 12–14a, 16",,,,3,2SA,7,16,16,0
2027-03-19,"Joseph, Husband of Mary",2,responsorialPsalm,Responsorial Psalm,"Psalm 89:2–3, 4–5, 27 and 29",,,,1,PSA,89,2,3,0
2027-03-19,"Joseph, Husband of Mary",2,responsorialPsalm,Responsorial Psalm,"Psalm 89:2–3, 4–5, 27 and 29",,,,2,PSA,89,4,5,0
2027-03-19,"Joseph, Husband of Mary",2,responsorialPsalm,Responsorial Psalm,"Psalm 89:2–3, 4–5, 27 and 29",,,,3,PSA,89,27,27,0
2027-03-19,"Joseph, Husband of Mary",2,responsorialPsalm,Responsorial Psalm,"Psalm 89:2–3, 4–5, 27 and 29",,,,4,PSA,89,29,29,0
2027-03-19,"Joseph, Husband of Mary",3,secondReading,Second Reading,"Romans 4:13, 16–18, 22",,,,1,ROM,4,13,13,0
2027-03-19,"Joseph, Husband of Mary",3,secondReading,Second Reading,"Romans 4:13, 16–18, 22",,,,2,ROM,4,16,18,0
2027-03-19,"Joseph, Husband of Mary",3,secondReading,Second Reading,"Romans 4:13, 16–18, 22",,,,3,ROM,4,22,22,0
2027-03-19,"Joseph, Husband of Mary",4,gospel,Gospel,"Matthew 1:16, 18–21, 24a",,,,1,MAT,1,16,16,0
2027-03-19,"Joseph, Husband of Mary",4,gospel,Gospel,"Matthew 1:16, 18–21, 24a",,,,2,MAT,1,18,21,0
2027-03-19,"Joseph, Husband of Mary",4,gospel,Gospel,"Matthew 1:16, 18–21, 24a",,,,3,MAT,1,24,24,0
2027-03-20,Saturday of the 5th week of Lent,1,firstReading,First Reading,Ezekiel 37:21–28,,,,1,EZK,37,21,28,0
2027-03-20,Saturday of the 5th week of Lent,2,responsorialPsalm,Responsorial Psalm,"Jeremiah 31:10, 11–12abcd, 13",,,,1,JER,31,10,10,0
2027-03-20,Saturday of the 5th week of Lent,2,responsorialPsalm,Responsorial Psalm,"Jeremiah 31:10, 11–12abcd, 13",,,,2,JER,31,11,12,0
2027-03-20,Saturday of the 5th week of Lent,2,responsorialPsalm,Responsorial Psalm,"Jeremiah 31:10, 11–12abcd, 13",,,,3,JER,31,13,13,0
2027-03-20,Saturday of the 5th week of Lent,3,gospel,Gospel,John 11:45–56,,,,1,JHN,11,45,56,0
2027-03-21,Palm Sunday,1,firstReading,First Reading,Isaiah 50:4–7,,,,1,ISA,50,4,7,0
2027-03-21,Palm Sunday,2,responsorialPsalm,Responsorial Psalm,"Psalm 22:8–9, 17–18, 19–20, 23–24",,,,1,PSA,22,8,9,0
2027-03-21,Palm Sunday,2,responsorialPsalm,Responsorial Psalm,"Psalm 22:8–9, 17–18, 19–20, 23–24",,,,2,PSA,22,17,18,0
2027-03-21,Palm Sunday,2,responsorialPsalm,Responsorial Psalm,"Psalm 22:8–9, 17–18, 19–20, 23–24",,,,3,PSA,22,19,20,0
2027-03-21,Palm Sunday,2,responsorialPsalm,Responsorial Psalm,"Psalm 22:8–9, 17–18, 19–20, 23–24",,,,4,PSA,22,23,24,0
2027-03-21,Palm Sunday,3,secondReading,Second Reading,Philippians 2:6–11,,,,1,PHP,2,6,11,0
2027-03-21,Palm Sunday,4,gospel,Gospel,Mark 14:1–15:47,,,,1,MRK,14,1,72,0
2027-03-21,Palm Sunday,4,gospel,Gospel,Mark 14:1–15:47,,,,2,MRK,15,1,47,0
2027-03-22,Monday of Holy Week,1,firstReading,First Reading,Isaiah 42:1–7,,,,1,ISA,42,1,7,0
2027-03-22,Monday of Holy Week,2,responsorialPsalm,Responsorial Psalm,"Psalm 27:1, 2, 3, 13–14",,,,1,PSA,27,1,1,0
2027-03-22,Monday of Holy Week,2,responsorialPsalm,Responsorial Psalm,"Psalm 27:1, 2, 3, 13–14",,,,2,PSA,27,2,2,0
2027-03-22,Monday of Holy Week,2,responsorialPsalm,Responsorial Psalm,"Psalm 27:1, 2, 3, 13–14",,,,3,PSA,27,3,3,0
2027-03-22,Monday of Holy Week,2,responsorialPsalm,Responsorial Psalm,"Psalm 27:1, 2, 3, 13–14",,,,4,PSA,27,13,14,0
2027-03-22,Monday of Holy Week,3,gospel,Gospel,John 12:1–11,,,,1,JHN,12,1,11,0
2027-03-23,Tuesday of Holy Week,1,firstReading,First Reading,Isaiah 49:1–6,,,,1,ISA,49,1,6,0
2027-03-23,Tuesday of Holy Week,2,responsorialPsalm,Responsorial Psalm,"Psalm 71:1–2, 3–4a, 5ab-6ab, 15 and 17",,,,1,PSA,71,1,2,0
2027-03-23,Tuesday of Holy Week,2,responsorialPsalm,Responsorial Psalm,"Psalm 71:1–2, 3–4a, 5ab-6ab, 15 and 17",,,,2,PSA,71,3,4,0
2027-03-23,Tuesday of Holy Week,2,responsorialPsalm,Responsorial Psalm,"Psalm 71:1–2, 3–4a, 5ab-6ab, 15 and 17",,,,3,PSA,71,5,6,0
2027-03-23,Tuesday of Holy Week,2,responsorialPsalm,Responsorial Psalm,"Psalm 71:1–2, 3–4a, 5ab-6ab, 15 and 17",,,,4,PSA,71,15,15,0
2027-03-23,Tuesday of Holy Week,2,responsorialPsalm,Responsorial Psalm,"Psalm 71:1–2, 3–4a, 5ab-6ab, 15 and 17",,,,5,PSA,71,17,17,0
2027-03-23,Tuesday of Holy Week,3,gospel,Gospel,"John 13:21–33, 36–38",,,,1,JHN,13,21,33,0
2027-03-23,Tuesday of Holy Week,3,gospel,Gospel,"John 13:21–33, 36–38",,,,2,JHN,13,36,38,0
2027-03-24,Wednesday of Holy Week,1,firstReading,First Reading,Isaiah 50:4–9a,,,,1,ISA,50,4,9,0
2027-03-24,Wednesday of Holy Week,2,responsorialPsalm,Responsorial Psalm,"Psalm 69:8–10, 21–22, 31 and 33–34",,,,1,PSA,69,8,10,0
2027-03-24,Wednesday of Holy Week,2,responsorialPsalm,Responsorial Psalm,"Psalm 69:8–10, 21–22, 31 and 33–34",,,,2,PSA,69,21,22,0
2027-03-24,Wednesday of Holy Week,2,responsorialPsalm,Responsorial Psalm,"Psalm 69:8–10, 21–22, 31 and 33–34",,,,3,PSA,69,31,31,0
2027-03-24,Wednesday of Holy Week,2,responsorialPsalm,Responsorial Psalm,"Psalm 69:8–10, 21–22, 31 and 33–34",,,,4,PSA,69,33,34,0
2027-03-24,Wednesday of Holy Week,3,gospel,Gospel,Matthew 26:14–25,,,,1,MAT,26,14,25,0
2027-03-25,Holy Thursday,1,firstReading,First Reading,"Exodus 12:1–8, 11–14",,,,1,EXO,12,1,8,0
2027-03-25,Holy Thursday,1,firstReading,First Reading,"Exodus 12:1–8, 11–14",,,,2,EXO,12,11,14,0
2027-03-25,Holy Thursday,2,responsorialPsalm,Responsorial Psalm,"Psalm 116:12–13, 15–16bc, 17–18.",,,,1,PSA,116,12,13,0
2027-03-25,Holy Thursday,2,responsorialPsalm,Responsorial Psalm,"Psalm 116:12–13, 15–16bc, 17–18.",,,,2,PSA,116,15,16,0
2027-03-25,Holy Thursday,2,responsorialPsalm,Responsorial Psalm,"Psalm 116:12–13, 15–16bc, 17–18.",,,,3,PSA,116,17,18,0
2027-03-25,Holy Thursday,3,secondReading,Second Reading,1 Corinthians 11:23–26,,,,1,1CO,11,23,26,0
2027-03-25,Holy Thursday,4,gospel,Gospel,John 13:1–15,,,,1,JHN,13,1,15,0
2027-03-26,Good Friday,1,firstReading,First Reading,Isaiah 52:13–53:12,,,,1,ISA,52,13,15,0
2027-03-26,Good Friday,1,firstReading,First Reading,Isaiah 52:13–53:12,,,,2,ISA,53,1,12,0
2027-03-26,Good Friday,2,responsorialPsalm,Responsorial Psalm,"Psalm 31:2, 6, 12–13, 15–16, 17, 25",,,,1,PSA,31,1,1,1
2027-03-26,Good Friday,2,responsorialPsalm,Responsorial Psalm,"Psalm 31:2, 6, 12–13, 15–16, 17, 25",,,,2,PSA,31,5,5,1
2027-03-26,Good Friday,2,responsorialPsalm,Responsorial Psalm,"Psalm 31:2, 6, 12–13, 15–16, 17, 25",,,,3,PSA,31,11,12,1
2027-03-26,Good Friday,2,responsorialPsalm,Responsorial Psalm,"Psalm 31:2, 6, 12–13, 15–16, 17, 25",,,,4,PSA,31,14,15,1
2027-03-26,Good Friday,2,responsorialPsalm,Responsorial Psalm,"Psalm 31:2, 6, 12–13, 15–16, 17, 25",,,,5,PSA,31,16,16,1
2027-03-26,Good Friday,2,responsorialPsalm,Responsorial Psalm,"Psalm 31:2, 6, 12–13, 15–16, 17, 25",,,,6,PSA,31,24,24,1
2027-03-26,Good Friday,3,secondReading,Second Reading,Hebrews 4:14–16; 5:7–9,,,,1,HEB,4,14,16,0
2027-03-26,Good Friday,3,secondReading,Second Reading,Hebrews 4:14–16; 5:7–9,,,,2,HEB,5,7,9,0
2027-03-26,Good Friday,4,gospel,Gospel,John 18:1–19:42,,,,1,JHN,18,1,40,0
2027-03-26,Good Friday,4,gospel,Gospel,John 18:1–19:42,,,,2,JHN,19,1,42,0
2027-03-27,Holy Saturday/Easter Vigil,1,firstReading,First Reading,Genesis 1:1–2:2,,,,1,GEN,1,1,31,0
2027-03-27,Holy Saturday/Easter Vigil,1,firstReading,First Reading,Genesis 1:1–2:2,,,,2,GEN,2,1,2,0
2027-03-27,Holy Saturday/Easter Vigil,2,responsorialPsalm,Responsorial Psalm,"Psalm 118:1–2, 16–17, 22–23",,,,1,PSA,118,1,2,0
2027-03-27,Holy Saturday/Easter Vigil,2,responsorialPsalm,Responsorial Psalm,"Psalm 118:1–2, 16–17, 22–23",,,,2,PSA,118,16,17,0
2027-03-27,Holy Saturday/Easter Vigil,2,responsorialPsalm,Responsorial Psalm,"Psalm 118:1–2, 16–17, 22–23",,,,3,PSA,118,22,23,0
2027-03-27,Holy Saturday/Easter Vigil,3,secondReading,Second Reading,Genesis 22:1–18,,,,1,GEN,22,1,18,0
2027-03-27,Holy Saturday/Easter Vigil,4,gospel,Gospel,Mark 16:1–7,,,,1,MRK,16,1,7,0
2027-03-28,Easter Sunday,1,firstReading,First Reading,"Acts 10:34a, 37–43",,,,1,ACT,10,34,34,0
2027-03-28,Easter Sunday,1,firstReading,First Reading,"Acts 10:34a, 37–43",,,,2,ACT,10,37,43,0
2027-03-28,Easter Sunday,2,responsorialPsalm,Responsorial Psalm,"Psalm 118:1–2, 16–17, 22–23",,,,1,PSA,118,1,2,0
2027-03-28,Easter Sunday,2,responsorialPsalm,Responsorial Psalm,"Psalm 118:1–2, 16–17, 22–23",,,,2,PSA,118,16,17,0
2027-03-28,Easter Sunday,2,responsorialPsalm,Responsorial Psalm,"Psalm 118:1–2, 16–17, 22–23",,,,3,PSA,118,22,23,0
2027-03-28,Easter Sunday,3,secondReading,Second Reading,Colossians 3:1–4,,,,1,COL,3,1,4,0
2027-03-28,Easter Sunday,4,gospel,Gospel,John 20:1–9,,,,1,JHN,20,1,9,0
2027-03-29,Easter Monday,1,firstReading,First Reading,"Acts 2:14, 22–33",,,,1,ACT,2,14,14,0
2027-03-29,Easter Monday,1,firstReading,First Reading,"Acts 2:14, 22–33",,,,2,ACT,2,22,33,0
2027-03-29,Easter Monday,2,responsorialPsalm,Responsorial Psalm,"Psalm 16:1–2a and 5, 7–8, 9–10, 11",,,,1,PSA,16,1,2,0
2027-03-29,Easter Monday,2,responsorialPsalm,Responsorial Psalm,"Psalm 16:1–2a and 5, 7–8, 9–10, 11",,,,2,PSA,16,5,5,0
2027-03-29,Easter Monday,2,responsorialPsalm,Responsorial Psalm,"Psalm 16:1–2a and 5, 7–8, 9–10, 11",,,,3,PSA,16,7,8,0
2027-03-29,Easter Monday,2,responsorialPsalm,Responsorial Psalm,"Psalm 16:1–2a and 5, 7–8, 9–10, 11",,,,4,PSA,16,9,10,0
2027-03-29,Easter Monday,2,responsorialPsalm,Responsorial Psalm,"Psalm 16:1–2a and 5, 7–8, 9–10, 11",,,,5,PSA,16,11,11,0
2027-03-29,Easter Monday,3,gospel,Gospel,Matthew 28:8–15,,,,1,MAT,28,8,15,0
2027-03-30,Easter Tuesday,1,firstReading,First Reading,Acts 2:36–41,,,,1,ACT,2,36,41,0
2027-03-30,Easter Tuesday,2,responsorialPsalm,Responsorial Psalm,"Psalm 33:4–5, 18–19, 20 and 22",,,,1,PSA,33,4,5,0
2027-03-30,Easter Tuesday,2,responsorialPsalm,Responsorial Psalm,"Psalm 33:4–5, 18–19, 20 and 22",,,,2,PSA,33,18,19,0
2027-03-30,Easter Tuesday,2,responsorialPsalm,Responsorial Psalm,"Psalm 33:4–5, 18–19, 20 and 22",,,,3,PSA,33,20,20,0
2027-03-30,Easter Tuesday,2,responsorialPsalm,Responsorial Psalm,"Psalm 33:4–5, 18–19, 20 and 22",,,,4,PSA,33,22,22,0
2027-03-30,Easter Tuesday,3,gospel,Gospel,John 20:11–18,,,,1,JHN,20,11,18,0
2027-03-31,Easter Wednesday,1,firstReading,First Reading,Acts 3:1–10,,,,1,ACT,3,1,10,0
2027-03-31,Easter Wednesday,2,responsorialPsalm,Responsorial Psalm,"Psalm 105:1–2, 3–4, 6–7, 8–9",,,,1,PSA,105,1,2,0
2027-03-31,Easter Wednesday,2,responsorialPsalm,Responsorial Psalm,"Psalm 105:1–2, 3–4, 6–7, 8–9",,,,2,PSA,105,3,4,0
2027-03-31,Easter Wednesday,2,responsorialPsalm,Responsorial Psalm,"Psalm 105:1–2, 3–4, 6–7, 8–9",,,,3,PSA,105,6,7,0
2027-03-31,Easter Wednesday,2,responsorialPsalm,Responsorial Psalm,"Psalm 105:1–2, 3–4, 6–7, 8–9",,,,4,PSA,105,8,9,0
2027-03-31,Easter Wednesday,3,gospel,Gospel,Luke 24:13–35,,,,1,LUK,24,13,35,0
2027-04-01,Easter Thursday,1,firstReading,First Reading,Acts 3:11–26,,,,1,ACT,3,11,26,0
2027-04-01,Easter Thursday,2,responsorialPsalm,Responsorial Psalm,"Psalm 8:2ab and 5, 6–7, 8–9",,,,1,PSA,8,2,2,0
2027-04-01,Easter Thursday,2,responsorialPsalm,Responsorial Psalm,"Psalm 8:2ab and 5, 6–7, 8–9",,,,2,PSA,8,5,5,0
2027-04-01,Easter Thursday,2,responsorialPsalm,Responsorial Psalm,"Psalm 8:2ab and 5, 6–7, 8–9",,,,3,PSA,8,6,7,0
2027-04-01,Easter Thursday,2,responsorialPsalm,Responsorial Psalm,"Psalm 8:2ab and 5, 6–7, 8–9",,,,4,PSA,8,8,9,0
2027-04-01,Easter Thursday,3,gospel,Gospel,Luke 24:35–48,,,,1,LUK,24,35,48,0
2027-04-02,Easter Friday,1,firstReading,First Reading,Acts 4:1–12,,,,1,ACT,4,1,12,0
2027-04-02,Easter Friday,2,responsorialPsalm,Responsorial Psalm,"Psalm 118:1–2 and 4, 22–24, 25–27a",,,,1,PSA,118,1,2,0
2027-04-02,Easter Friday,2,responsorialPsalm,Responsorial Psalm,"Psalm 118:1–2 and 4, 22–24, 25–27a",,,,2,PSA,118,4,4,0
2027-04-02,Easter Friday,2,responsorialPsalm,Responsorial Psalm,"Psalm 118:1–2 and 4, 22–24, 25–27a",,,,3,PSA,118,22,24,0
2027-04-02,Easter Friday,2,responsorialPsalm,Responsorial Psalm,"Psalm 118:1–2 and 4, 22–24, 25–27a",,,,4,PSA,118,25,27,0
2027-04-02,Easter Friday,3,gospel,Gospel,John 21:1–14,,,,1,JHN,21,1,14,0
2027-04-03,Easter Saturday,1,firstReading,First Reading,Acts 4:13–21,,,,1,ACT,4,13,21,0
2027-04-03,Easter Saturday,2,responsorialPsalm,Responsorial Psalm,"Psalm 118:1 and 14–15ab, 16–18, 19–21",,,,1,PSA,118,1,1,0
2027-04-03,Easter Saturday,2,responsorialPsalm,Responsorial Psalm,"Psalm 118:1 and 14–15ab, 16–18, 19–21",,,,2,PSA,118,14,15,0
2027-04-03,Easter Saturday,2,responsorialPsalm,Responsorial Psalm,"Psalm 118:1 and 14–15ab, 16–18, 19–21",,,,3,PSA,118,16,18,0
2027-04-03,Easter Saturday,2,responsorialPsalm,Responsorial Psalm,"Psalm 118:1 and 14–15ab, 16–18, 19–21",,,,4,PSA,118,19,21,0
2027-04-03,Easter Saturday,3,gospel,Gospel,Mark 16:9–15,,,,1,MRK,16,9,15,0
2027-04-04,Divine Mercy Sunday,1,firstReading,First Reading,Acts 4:32–35,,,,1,ACT,4,32,35,0
2027-04-04,Divine Mercy Sunday,2,responsorialPsalm,Responsorial Psalm,"Psalm 118:2–4, 13–15, 22–24",,,,1,PSA,118,2,4,0
2027-04-04,Divine Mercy Sunday,2,responsorialPsalm,Responsorial Psalm,"Psalm 118:2–4, 13–15, 22–24",,,,2,PSA,118,13,15,0
2027-04-04,Divine Mercy Sunday,2,responsorialPsalm,Responsorial Psalm,"Psalm 118:2–4, 13–15, 22–24",,,,3,PSA,118,22,24,0
2027-04-04,Divine Mercy Sunday,3,secondReading,Second Reading,1 John 5:1–6,,,,1,1JN,5,1,6,0
2027-04-04,Divine Mercy Sunday,4,gospel,Gospel,John 20:19–31,,,,1,JHN,20,19,31,0
2027-04-05,Annunciation,1,firstReading,First Reading,Isaiah 7:10–14; 8:10,,,,1,ISA,7,10,14,0
2027-04-05,Annunciation,1,firstReading,First Reading,Isaiah 7:10–14; 8:10,,,,2,ISA,8,10,10,0
2027-04-05,Annunciation,2,responsorialPsalm,Responsorial Psalm,"Psalm 40:7–8a, 8b-9, 10, 11",,,,1,PSA,40,7,8,0
2027-04-05,Annunciation,2,responsorialPsalm,Responsorial Psalm,"Psalm 40:7–8a, 8b-9, 10, 11",,,,2,PSA,40,8,9,0
2027-04-05,Annunciation,2,responsorialPsalm,Responsorial Psalm,"Psalm 40:7–8a, 8b-9, 10, 11",,,,3,PSA,40,10,10,0
2027-04-05,Annunciation,2,responsorialPsalm,Responsorial Psalm,"Psalm 40:7–8a, 8b-9, 10, 11",,,,4,PSA,40,11,11,0
2027-04-05,Annunciation,3,secondReading,Second Reading,Hebrews 10:4–10,,,,1,HEB,10,4,10,0
2027-04-05,Annunciation,4,gospel,Gospel,Luke 1:26–38,,,,1,LUK,1,26,38,0
2027-04-06,Tuesday of the 2nd week of Easter,1,firstReading,First Reading,Acts 4:32–37,,,,1,ACT,4,32,37,0
2027-04-06,Tuesday of the 2nd week of Easter,2,responsorialPsalm,Responsorial Psalm,"Psalm 93:1ab, 1cd-2, 5",,,,1,PSA,93,1,1,0
2027-04-06,Tuesday of the 2nd week of Easter,2,responsorialPsalm,Responsorial Psalm,"Psalm 93:1ab, 1cd-2, 5",,,,2,PSA,93,1,2,0
2027-04-06,Tuesday of the 2nd week of Easter,2,responsorialPsalm,Responsorial Psalm,"Psalm 93:1ab, 1cd-2, 5",,,,3,PSA,93,5,5,0
2027-04-06,Tuesday of the 2nd week of Easter,3,gospel,Gospel,John 3:7b-15,,,,1,JHN,3,7,15,0
2027-04-07,"Saint John Baptist de la Salle, Priest",1,firstReading,First Reading,Acts 5:17–26,,,,1,ACT,5,17,26,0
2027-04-07,"Saint John Baptist de la Salle, Priest",2,responsorialPsalm,Responsorial Psalm,"Psalm 34:2–3, 4–5, 6–7, 8–9",,,,1,PSA,34,2,3,0
2027-04-07,"Saint John Baptist de la Salle, Priest",2,responsorialPsalm,Responsorial Psalm,"Psalm 34:2–3, 4–5, 6–7, 8–9",,,,2,PSA,34,4,5,0
2027-04-07,"Saint John Baptist de la Salle, Priest",2,responsorialPsalm,Responsorial Psalm,"Psalm 34:2–3, 4–5, 6–7, 8–9",,,,3,PSA,34,6,7,0
2027-04-07,"Saint John Baptist de la Salle, Priest",2,responsorialPsalm,Responsorial Psalm,"Psalm 34:2–3, 4–5, 6–7, 8–9",,,,4,PSA,34,8,9,0
2027-04-07,"Saint John Baptist de la Salle, Priest",3,gospel,Gospel,John 3:16–21,,,,1,JHN,3,16,21,0
2027-04-08,Thursday of the 2nd week of Easter,1,firstReading,First Reading,Acts 5:27–33,,,,1,ACT,5,27,33,0
2027-04-08,Thursday of the 2nd week of Easter,2,responsorialPsalm,Responsorial Psalm,"Psalm 34:2 and 9, 17–18, 19–20",,,,1,PSA,34,2,2,0
2027-04-08,Thursday of the 2nd week of Easter,2,responsorialPsalm,Responsorial Psalm,"Psalm 34:2 and 9, 17–18, 19–20",,,,2,PSA,34,9,9,0
2027-04-08,Thursday of the 2nd week of Easter,2,responsorialPsalm,Responsorial Psalm,"Psalm 34:2 and 9, 17–18, 19–20",,,,3,PSA,34,17,18,0
2027-04-08,Thursday of the 2nd week of Easter,2,responsorialPsalm,Responsorial Psalm,"Psalm 34:2 and 9, 17–18, 19–20",,,,4,PSA,34,19,20,0
2027-04-08,Thursday of the 2nd week of Easter,3,gospel,Gospel,John 3:31–36,,,,1,JHN,3,31,36,0
2027-04-09,Friday of the 2nd week of Easter,1,firstReading,First Reading,Acts 5:34–42,,,,1,ACT,5,34,42,0
2027-04-09,Friday of the 2nd week of Easter,2,responsorialPsalm,Responsorial Psalm,"Psalm 27:1, 4, 13–14",,,,1,PSA,27,1,1,0
2027-04-09,Friday of the 2nd week of Easter,2,responsorialPsalm,Responsorial Psalm,"Psalm 27:1, 4, 13–14",,,,2,PSA,27,4,4,0
2027-04-09,Friday of the 2nd week of Easter,2,responsorialPsalm,Responsorial Psalm,"Psalm 27:1, 4, 13–14",,,,3,PSA,27,13,14,0
2027-04-09,Friday of the 2nd week of Easter,3,gospel,Gospel,John 6:1–15,,,,1,JHN,6,1,15,0
2027-04-10,Saturday of the 2nd week of Easter,1,firstReading,First Reading,Acts 6:1–7,,,,1,ACT,6,1,7,0
2027-04-10,Saturday of the 2nd week of Easter,2,responsorialPsalm,Responsorial Psalm,"Psalm 33:1–2, 4–5, 18–19",,,,1,PSA,33,1,2,0
2027-04-10,Saturday of the 2nd week of Easter,2,responsorialPsalm,Responsorial Psalm,"Psalm 33:1–2, 4–5, 18–19",,,,2,PSA,33,4,5,0
2027-04-10,Saturday of the 2nd week of Easter,2,responsorialPsalm,Responsorial Psalm,"Psalm 33:1–2, 4–5, 18–19",,,,3,PSA,33,18,19,0
2027-04-10,Saturday of the 2nd week of Easter,3,gospel,Gospel,John 6:16–21,,,,1,JHN,6,16,21,0
2027-04-11,3rd Sunday of Easter,1,firstReading,First Reading,"Acts 3:13–15, 17–19",,,,1,ACT,3,13,15,0
2027-04-11,3rd Sunday of Easter,1,firstReading,First Reading,"Acts 3:13–15, 17–19",,,,2,ACT,3,17,19,0
2027-04-11,3rd Sunday of Easter,2,responsorialPsalm,Responsorial Psalm,"Psalm 4:2, 4, 7–8, 9",,,,1,PSA,4,1,1,1
2027-04-11,3rd Sunday of Easter,2,responsorialPsalm,Responsorial Psalm,"Psalm 4:2, 4, 7–8, 9",,,,2,PSA,4,3,3,1
2027-04-11,3rd Sunday of Easter,2,responsorialPsalm,Responsorial Psalm,"Psalm 4:2, 4, 7–8, 9",,,,3,PSA,4,6,7,1
2027-04-11,3rd Sunday of Easter,2,responsorialPsalm,Responsorial Psalm,"Psalm 4:2, 4, 7–8, 9",,,,4,PSA,4,8,8,1
2027-04-11,3rd Sunday of Easter,3,secondReading,Second Reading,1 John 2:1–5a,,,,1,1JN,2,1,5,0
2027-04-11,3rd Sunday of Easter,4,gospel,Gospel,Luke 24:35–48,,,,1,LUK,24,35,48,0
2027-04-12,Monday of the 3rd week of Easter,1,firstReading,First Reading,Acts 6:8–15,,,,1,ACT,6,8,15,0
2027-04-12,Monday of the 3rd week of Easter,2,responsorialPsalm,Responsorial Psalm,"Psalm 119:23–24, 26–27, 29–30",,,,1,PSA,119,23,24,0
2027-04-12,Monday of the 3rd week of Easter,2,responsorialPsalm,Responsorial Psalm,"Psalm 119:23–24, 26–27, 29–30",,,,2,PSA,119,26,27,0
2027-04-12,Monday of the 3rd week of Easter,2,responsorialPsalm,Responsorial Psalm,"Psalm 119:23–24, 26–27, 29–30",,,,3,PSA,119,29,30,0
2027-04-12,Monday of the 3rd week of Easter,3,gospel,Gospel,John 6:22–29,,,,1,JHN,6,22,29,0
2027-04-13,"Saint Martin I, Pope and Martyr",1,firstReading,First Reading,Acts 7:51–8:1a,,,,1,ACT,7,51,60,0
2027-04-13,"Saint Martin I, Pope and Martyr",1,firstReading,First Reading,Acts 7:51–8:1a,,,,2,ACT,8,1,1,0
2027-04-13,"Saint Martin I, Pope and Martyr",2,responsorialPsalm,Responsorial Psalm,"Psalm 31:3cd-4, 6 and 7b and 8a, 17 and 21ab",,,,1,PSA,31,3,4,0
2027-04-13,"Saint Martin I, Pope and Martyr",2,responsorialPsalm,Responsorial Psalm,"Psalm 31:3cd-4, 6 and 7b and 8a, 17 and 21ab",,,,2,PSA,31,6,6,0
2027-04-13,"Saint Martin I, Pope and Martyr",2,responsorialPsalm,Responsorial Psalm,"Psalm 31:3cd-4, 6 and 7b and 8a, 17 and 21ab",,,,3,PSA,31,7,7,0
2027-04-13,"Saint Martin I, Pope and Martyr",2,responsorialPsalm,Responsorial Psalm,"Psalm 31:3cd-4, 6 and 7b and 8a, 17 and 21ab",,,,4,PSA,31,8,8,0
2027-04-13,"Saint Martin I, Pope and Martyr",2,responsorialPsalm,Responsorial Psalm,"Psalm 31:3cd-4, 6 and 7b and 8a, 17 and 21ab",,,,5,PSA,31,17,17,0
2027-04-13,"Saint Martin I, Pope and Martyr",2,responsorialPsalm,Responsorial Psalm,"Psalm 31:3cd-4, 6 and 7b and 8a, 17 and 21ab",,,,6,PSA,31,21,21,0
2027-04-13,"Saint Martin I, Pope and Martyr",3,gospel,Gospel,John 6:30–35,,,,1,JHN,6,30,35,0
2027-04-14,Wednesday of the 3rd week of Easter,1,firstReading,First Reading,Acts 8:1b-8,,,,1,ACT,8,1,8,0
2027-04-14,Wednesday of the 3rd week of Easter,2,responsorialPsalm,Responsorial Psalm,"Psalm 66:1–3a, 4–5, 6–7a",,,,1,PSA,66,1,3,0
2027-04-14,Wednesday of the 3rd week of Easter,2,responsorialPsalm,Responsorial Psalm,"Psalm 66:1–3a, 4–5, 6–7a",,,,2,PSA,66,4,5,0
2027-04-14,Wednesday of the 3rd week of Easter,2,responsorialPsalm,Responsorial Psalm,"Psalm 66:1–3a, 4–5, 6–7a",,,,3,PSA,66,6,7,0
2027-04-14,Wednesday of the 3rd week of Easter,3,gospel,Gospel,John 6:35–40,,,,1,JHN,6,35,40,0
2027-04-15,Thursday of the 3rd week of Easter,1,firstReading,First Reading,Acts 8:26–40,,,,1,ACT,8,26,40,0
2027-04-15,Thursday of the 3rd week of Easter,2,responsorialPsalm,Responsorial Psalm,"Psalm 66:8–9, 16–17, 20",,,,1,PSA,66,8,9,0
2027-04-15,Thursday of the 3rd week of Easter,2,responsorialPsalm,Responsorial Psalm,"Psalm 66:8–9, 16–17, 20",,,,2,PSA,66,16,17,0
2027-04-15,Thursday of the 3rd week of Easter,2,responsorialPsalm,Responsorial Psalm,"Psalm 66:8–9, 16–17, 20",,,,3,PSA,66,20,20,0
2027-04-15,Thursday of the 3rd week of Easter,3,gospel,Gospel,John 6:44–51,,,,1,JHN,6,44,51,0
2027-04-16,Friday of the 3rd week of Easter,1,firstReading,First Reading,Acts 9:1–20,,,,1,ACT,9,1,20,0
2027-04-16,Friday of the 3rd week of Easter,2,responsorialPsalm,Responsorial Psalm,"Psalm 117:1bc, 2",,,,1,PSA,117,1,1,0
2027-04-16,Friday of the 3rd week of Easter,2,responsorialPsalm,Responsorial Psalm,"Psalm 117:1bc, 2",,,,2,PSA,117,2,2,0
2027-04-16,Friday of the 3rd week of Easter,3,gospel,Gospel,John 6:52–59,,,,1,JHN,6,52,59,0
2027-04-17,Saturday of the 3rd week of Easter,1,firstReading,First Reading,Acts 9:31–42,,,,1,ACT,9,31,42,0
2027-04-17,Saturday of the 3rd week of Easter,2,responsorialPsalm,Responsorial Psalm,"Psalm 116:12–13, 14–15, 16–17",,,,1,PSA,116,12,13,0
2027-04-17,Saturday of the 3rd week of Easter,2,responsorialPsalm,Responsorial Psalm,"Psalm 116:12–13, 14–15, 16–17",,,,2,PSA,116,14,15,0
2027-04-17,Saturday of the 3rd week of Easter,2,responsorialPsalm,Responsorial Psalm,"Psalm 116:12–13, 14–15, 16–17",,,,3,PSA,116,16,17,0
2027-04-17,Saturday of the 3rd week of Easter,3,gospel,Gospel,John 6:60–69,,,,1,JHN,6,60,69,0
2027-04-18,4th Sunday of Easter,1,firstReading,First Reading,Acts 4:8–12,,,,1,ACT,4,8,12,0
2027-04-18,4th Sunday of Easter,2,responsorialPsalm,Responsorial Psalm,"Psalm 118:1, 8–9, 21–23, 26, 28, 29",,,,1,PSA,118,1,1,0
2027-04-18,4th Sunday of Easter,2,responsorialPsalm,Responsorial Psalm,"Psalm 118:1, 8–9, 21–23, 26, 28, 29",,,,2,PSA,118,8,9,0
2027-04-18,4th Sunday of Easter,2,responsorialPsalm,Responsorial Psalm,"Psalm 118:1, 8–9, 21–23, 26, 28, 29",,,,3,PSA,118,21,23,0
2027-04-18,4th Sunday of Easter,2,responsorialPsalm,Responsorial Psalm,"Psalm 118:1, 8–9, 21–23, 26, 28, 29",,,,4,PSA,118,26,26,0
2027-04-18,4th Sunday of Easter,2,responsorialPsalm,Responsorial Psalm,"Psalm 118:1, 8–9, 21–23, 26, 28, 29",,,,5,PSA,118,28,28,0
2027-04-18,4th Sunday of Easter,2,responsorialPsalm,Responsorial Psalm,"Psalm 118:1, 8–9, 21–23, 26, 28, 29",,,,6,PSA,118,29,29,0
2027-04-18,4th Sunday of Easter,3,secondReading,Second Reading,1 John 3:1–2,,,,1,1JN,3,1,2,0
2027-04-18,4th Sunday of Easter,4,gospel,Gospel,John 10:11–18,,,,1,JHN,10,11,18,0
2027-04-19,Monday of the 4th week of Easter,1,firstReading,First Reading,Acts 11:1–18,,,,1,ACT,11,1,18,0
2027-04-19,Monday of the 4th week of Easter,2,responsorialPsalm,Responsorial Psalm,"Psalm 42:2–3; 43:3, 4",,,,1,PSA,42,2,3,0
2027-04-19,Monday of the 4th week of Easter,2,responsorialPsalm,Responsorial Psalm,"Psalm 42:2–3; 43:3, 4",,,,2,PSA,43,3,3,0
2027-04-19,Monday of the 4th week of Easter,2,responsorialPsalm,Responsorial Psalm,"Psalm 42:2–3; 43:3, 4",,,,3,PSA,43,4,4,0
2027-04-19,Monday of the 4th week of Easter,3,gospel,Gospel,John 10:1–10,,,,1,JHN,10,1,10,0
2027-04-20,Tuesday of the 4th week of Easter,1,firstReading,First Reading,Acts 11:19–26,,,,1,ACT,11,19,26,0
2027-04-20,Tuesday of the 4th week of Easter,2,responsorialPsalm,Responsorial Psalm,"Psalm 87:1b-3, 4–5, 6–7",,,,1,PSA,87,1,3,0
2027-04-20,Tuesday of the 4th week of Easter,2,responsorialPsalm,Responsorial Psalm,"Psalm 87:1b-3, 4–5, 6–7",,,,2,PSA,87,4,5,0
2027-04-20,Tuesday of the 4th week of Easter,2,responsorialPsalm,Responsorial Psalm,"Psalm 87:1b-3, 4–5, 6–7",,,,3,PSA,87,6,7,0
2027-04-20,Tuesday of the 4th week of Easter,3,gospel,Gospel,John 10:22–30,,,,1,JHN,10,22,30,0
2027-04-21,"Saint Anselm of Canterbury, Bishop and Doctor of the Church",1,firstReading,First Reading,Acts 12:24–13:5a,,,,1,ACT,12,24,25,0
2027-04-21,"Saint Anselm of Canterbury, Bishop and Doctor of the Church",1,firstReading,First Reading,Acts 12:24–13:5a,,,,2,ACT,13,1,5,0
2027-04-21,"Saint Anselm of Canterbury, Bishop and Doctor of the Church",2,responsorialPsalm,Responsorial Psalm,"Psalm 67:2–3, 5, 6 and 8",,,,1,PSA,67,1,2,1
2027-04-21,"Saint Anselm of Canterbury, Bishop and Doctor of the Church",2,responsorialPsalm,Responsorial Psalm,"Psalm 67:2–3, 5, 6 and 8",,,,2,PSA,67,4,4,1
2027-04-21,"Saint Anselm of Canterbury, Bishop and Doctor of the Church",2,responsorialPsalm,Responsorial Psalm,"Psalm 67:2–3, 5, 6 and 8",,,,3,PSA,67,5,5,1
2027-04-21,"Saint Anselm of Canterbury, Bishop and Doctor of the Church",2,responsorialPsalm,Responsorial Psalm,"Psalm 67:2–3, 5, 6 and 8",,,,4,PSA,67,7,7,1
2027-04-21,"Saint Anselm of Canterbury, Bishop and Doctor of the Church",3,gospel,Gospel,John 12:44–50,,,,1,JHN,12,44,50,0
2027-04-22,Thursday of the 4th week of Easter,1,firstReading,First Reading,Acts 13:13–25,,,,1,ACT,13,13,25,0
2027-04-22,Thursday of the 4th week of Easter,2,responsorialPsalm,Responsorial Psalm,"Psalm 89:2–3, 21–22, 25 and 27",,,,1,PSA,89,2,3,0
2027-04-22,Thursday of the 4th week of Easter,2,responsorialPsalm,Responsorial Psalm,"Psalm 89:2–3, 21–22, 25 and 27",,,,2,PSA,89,21,22,0
2027-04-22,Thursday of the 4th week of Easter,2,responsorialPsalm,Responsorial Psalm,"Psalm 89:2–3, 21–22, 25 and 27",,,,3,PSA,89,25,25,0
2027-04-22,Thursday of the 4th week of Easter,2,responsorialPsalm,Responsorial Psalm,"Psalm 89:2–3, 21–22, 25 and 27",,,,4,PSA,89,27,27,0
2027-04-22,Thursday of the 4th week of Easter,3,gospel,Gospel,John 13:16–20,,,,1,JHN,13,16,20,0
2027-04-23,"Saint George, Martyr/Saint Adalbert, Bishop and Martyr",1,firstReading,First Reading,Acts 13:26–33,,,,1,ACT,13,26,33,0
2027-04-23,"Saint George, Martyr/Saint Adalbert, Bishop and Martyr",2,responsorialPsalm,Responsorial Psalm,"Psalm 2:6–7, 8–9, 10–11ab",,,,1,PSA,2,6,7,0
2027-04-23,"Saint George, Martyr/Saint Adalbert, Bishop and Martyr",2,responsorialPsalm,Responsorial Psalm,"Psalm 2:6–7, 8–9, 10–11ab",,,,2,PSA,2,8,9,0
2027-04-23,"Saint George, Martyr/Saint Adalbert, Bishop and Martyr",2,responsorialPsalm,Responsorial Psalm,"Psalm 2:6–7, 8–9, 10–11ab",,,,3,PSA,2,10,11,0
2027-04-23,"Saint George, Martyr/Saint Adalbert, Bishop and Martyr",3,gospel,Gospel,John 14:1–6,,,,1,JHN,14,1,6,0
2027-04-24,"Saint Fidelis of Sigmaringen, Priest and Martyr",1,firstReading,First Reading,Acts 13:44–52,,,,1,ACT,13,44,52,0
2027-04-24,"Saint Fidelis of Sigmaringen, Priest and Martyr",2,responsorialPsalm,Responsorial Psalm,"Psalm 98:1, 2–3ab, 3cd-4",,,,1,PSA,98,1,1,0
2027-04-24,"Saint Fidelis of Sigmaringen, Priest and Martyr",2,responsorialPsalm,Responsorial Psalm,"Psalm 98:1, 2–3ab, 3cd-4",,,,2,PSA,98,2,3,0
2027-04-24,"Saint Fidelis of Sigmaringen, Priest and Martyr",2,responsorialPsalm,Responsorial Psalm,"Psalm 98:1, 2–3ab, 3cd-4",,,,3,PSA,98,3,4,0
2027-04-24,"Saint Fidelis of Sigmaringen, Priest and Martyr",3,gospel,Gospel,John 14:7–14,,,,1,JHN,14,7,14,0
2027-04-25,5th Sunday of Easter,1,firstReading,First Reading,Acts 9:26–31,,,,1,ACT,9,26,31,0
2027-04-25,5th Sunday of Easter,2,responsorialPsalm,Responsorial Psalm,"Psalm 22:26–27, 28, 30, 31–32",,,,1,PSA,22,25,26,1
2027-04-25,5th Sunday of Easter,2,responsorialPsalm,Responsorial Psalm,"Psalm 22:26–27, 28, 30, 31–32",,,,2,PSA,22,27,27,1
2027-04-25,5th Sunday of Easter,2,responsorialPsalm,Responsorial Psalm,"Psalm 22:26–27, 28, 30, 31–32",,,,3,PSA,22,29,29,1
2027-04-25,5th Sunday of Easter,2,responsorialPsalm,Responsorial Psalm,"Psalm 22:26–27, 28, 30, 31–32",,,,4,PSA,22,30,31,1
2027-04-25,5th Sunday of Easter,3,secondReading,Second Reading,1 John 3:18–24,,,,1,1JN,3,18,24,0
2027-04-25,5th Sunday of Easter,4,gospel,Gospel,John 15:1–8,,,,1,JHN,15,1,8,0
2027-04-26,Monday of the 5th week of Easter,1,firstReading,First Reading,Acts 14:5–18,,,,1,ACT,14,5,18,0
2027-04-26,Monday of the 5th week of Easter,2,responsorialPsalm,Responsorial Psalm,"Psalm 115:1–2, 3–4, 15–16",,,,1,PSA,115,1,2,0
2027-04-26,Monday of the 5th week of Easter,2,responsorialPsalm,Responsorial Psalm,"Psalm 115:1–2, 3–4, 15–16",,,,2,PSA,115,3,4,0
2027-04-26,Monday of the 5th week of Easter,2,responsorialPsalm,Responsorial Psalm,"Psalm 115:1–2, 3–4, 15–16",,,,3,PSA,115,15,16,0
2027-04-26,Monday of the 5th week of Easter,3,gospel,Gospel,John 14:21–26,,,,1,JHN,14,21,26,0
2027-04-27,Tuesday of the 5th week of Easter,1,firstReading,First Reading,Acts 14:19–28,,,,1,ACT,14,19,28,0
2027-04-27,Tuesday of the 5th week of Easter,2,responsorialPsalm,Responsorial Psalm,"Psalm 145:10–11, 12–13ab, 21",,,,1,PSA,145,10,11,0
2027-04-27,Tuesday of the 5th week of Easter,2,responsorialPsalm,Responsorial Psalm,"Psalm 145:10–11, 12–13ab, 21",,,,2,PSA,145,12,13,0
2027-04-27,Tuesday of the 5th week of Easter,2,responsorialPsalm,Responsorial Psalm,"Psalm 145:10–11, 12–13ab, 21",,,,3,PSA,145,21,21,0
2027-04-27,Tuesday of the 5th week of Easter,3,gospel,Gospel,John 14:27–31a,,,,1,JHN,14,27,31,0
2027-04-28,"Saint Peter Chanel, Priest and Martyr/Saint Louis Grignon de Montfort, Priest",1,firstReading,First Reading,Acts 15:1–6,,,,1,ACT,15,1,6,0
2027-04-28,"Saint Peter Chanel, Priest and Martyr/Saint Louis Grignon de Montfort, Priest",2,responsorialPsalm,Responsorial Psalm,"Psalm 122:1–2, 3–4ab, 4cd-5",,,,1,PSA,122,1,2,0
2027-04-28,"Saint Peter Chanel, Priest and Martyr/Saint Louis Grignon de Montfort, Priest",2,responsorialPsalm,Responsorial Psalm,"Psalm 122:1–2, 3–4ab, 4cd-5",,,,2,PSA,122,3,4,0
2027-04-28,"Saint Peter Chanel, Priest and Martyr/Saint Louis Grignon de Montfort, Priest",2,responsorialPsalm,Responsorial Psalm,"Psalm 122:1–2, 3–4ab, 4cd-5",,,,3,PSA,122,4,5,0
2027-04-28,"Saint Peter Chanel, Priest and Martyr/Saint Louis Grignon de Montfort, Priest",3,gospel,Gospel,John 15:1–8,,,,1,JHN,15,1,8,0
2027-04-29,"Saint Catherine of Siena, Virgin and Doctor of The Church, Patron of Europe",1,firstReading,First Reading,Acts 15:7–21,,,,1,ACT,15,7,21,0
2027-04-29,"Saint Catherine of Siena, Virgin and Doctor of The Church, Patron of Europe",2,responsorialPsalm,Responsorial Psalm,"Psalm 96:1–2a, 2b-3, 10",,,,1,PSA,96,1,2,0
2027-04-29,"Saint Catherine of Siena, Virgin and Doctor of The Church, Patron of Europe",2,responsorialPsalm,Responsorial Psalm,"Psalm 96:1–2a, 2b-3, 10",,,,2,PSA,96,2,3,0
2027-04-29,"Saint Catherine of Siena, Virgin and Doctor of The Church, Patron of Europe",2,responsorialPsalm,Responsorial Psalm,"Psalm 96:1–2a, 2b-3, 10",,,,3,PSA,96,10,10,0
2027-04-29,"Saint Catherine of Siena, Virgin and Doctor of The Church, Patron of Europe",3,gospel,Gospel,John 15:9–11,,,,1,JHN,15,9,11,0
2027-04-30,"Saint Pius V, Pope",1,firstReading,First Reading,Acts 15:22–31,,,,1,ACT,15,22,31,0
2027-04-30,"Saint Pius V, Pope",2,responsorialPsalm,Responsorial Psalm,"Psalm 57:8–9, 10 and 12",,,,1,PSA,57,7,8,1
2027-04-30,"Saint Pius V, Pope",2,responsorialPsalm,Responsorial Psalm,"Psalm 57:8–9, 10 and 12",,,,2,PSA,57,9,9,1
2027-04-30,"Saint Pius V, Pope",2,responsorialPsalm,Responsorial Psalm,"Psalm 57:8–9, 10 and 12",,,,3,PSA,57,11,11,1
2027-04-30,"Saint Pius V, Pope",3,gospel,Gospel,John 15:12–17,,,,1,JHN,15,12,17,0
2027-05-01,Saint Joseph the Worker,1,firstReading,First Reading,Acts 16:1–10,,,,1,ACT,16,1,10,0
2027-05-01,Saint Joseph the Worker,2,responsorialPsalm,Responsorial Psalm,"Psalm 100:1b-2, 3, 5",,,,1,PSA,100,1,2,0
2027-05-01,Saint Joseph the Worker,2,responsorialPsalm,Responsorial Psalm,"Psalm 100:1b-2, 3, 5",,,,2,PSA,100,3,3,0
2027-05-01,Saint Joseph the Worker,2,responsorialPsalm,Responsorial Psalm,"Psalm 100:1b-2, 3, 5",,,,3,PSA,100,5,5,0
2027-05-01,Saint Joseph the Worker,3,gospel,Gospel,John 15:18–21,,,,1,JHN,15,18,21,0
2027-05-02,6th Sunday of Easter,1,firstReading,First Reading,"Acts 10:25–26, 34–35, 44–48",,,,1,ACT,10,25,26,0
2027-05-02,6th Sunday of Easter,1,firstReading,First Reading,"Acts 10:25–26, 34–35, 44–48",,,,2,ACT,10,34,35,0
2027-05-02,6th Sunday of Easter,1,firstReading,First Reading,"Acts 10:25–26, 34–35, 44–48",,,,3,ACT,10,44,48,0
2027-05-02,6th Sunday of Easter,2,responsorialPsalm,Responsorial Psalm,"Psalm 98:1, 2–3, 3–4",,,,1,PSA,98,1,1,0
2027-05-02,6th Sunday of Easter,2,responsorialPsalm,Responsorial Psalm,"Psalm 98:1, 2–3, 3–4",,,,2,PSA,98,2,3,0
2027-05-02,6th Sunday of Easter,2,responsorialPsalm,Responsorial Psalm,"Psalm 98:1, 2–3, 3–4",,,,3,PSA,98,3,4,0
2027-05-02,6th Sunday of Easter,3,secondReading,Second Reading,1 John 4:7–10,,,,1,1JN,4,7,10,0
2027-05-02,6th Sunday of Easter,4,gospel,Gospel,John 15:9–17,,,,1,JHN,15,9,17,0
2027-05-03,"Saints Philip and James, Apostles",1,firstReading,First Reading,1 Corinthians 15:1–8,,,,1,1CO,15,1,8,0
2027-05-03,"Saints Philip and James, Apostles",2,responsorialPsalm,Responsorial Psalm,"Psalm 19:2–3, 4–5",,,,1,PSA,19,2,3,0
2027-05-03,"Saints Philip and James, Apostles",2,responsorialPsalm,Responsorial Psalm,"Psalm 19:2–3, 4–5",,,,2,PSA,19,4,5,0
2027-05-03,"Saints Philip and James, Apostles",3,gospel,Gospel,John 14:6–14,,,,1,JHN,14,6,14,0
2027-05-04,Tuesday of the 6th week of Easter,1,firstReading,First Reading,Acts 16:22–34,,,,1,ACT,16,22,34,0
2027-05-04,Tuesday of the 6th week of Easter,2,responsorialPsalm,Responsorial Psalm,"Psalm 138:1–2ab, 2cde-3, 7c-8",,,,1,PSA,138,1,2,0
2027-05-04,Tuesday of the 6th week of Easter,2,responsorialPsalm,Responsorial Psalm,"Psalm 138:1–2ab, 2cde-3, 7c-8",,,,2,PSA,138,2,3,0
2027-05-04,Tuesday of the 6th week of Easter,2,responsorialPsalm,Responsorial Psalm,"Psalm 138:1–2ab, 2cde-3, 7c-8",,,,3,PSA,138,7,8,0
2027-05-04,Tuesday of the 6th week of Easter,3,gospel,Gospel,John 16:5–11,,,,1,JHN,16,5,11,0
2027-05-05,Wednesday of the 6th week of Easter,1,firstReading,First Reading,"Acts 17:15, 22–18:1",,,,1,ACT,17,15,15,0
2027-05-05,Wednesday of the 6th week of Easter,1,firstReading,First Reading,"Acts 17:15, 22–18:1",,,,2,ACT,17,22,34,0
2027-05-05,Wednesday of the 6th week of Easter,1,firstReading,First Reading,"Acts 17:15, 22–18:1",,,,3,ACT,18,1,1,0
2027-05-05,Wednesday of the 6th week of Easter,2,responsorialPsalm,Responsorial Psalm,"Psalm 148:1–2, 11–12, 13, 14",,,,1,PSA,148,1,2,0
2027-05-05,Wednesday of the 6th week of Easter,2,responsorialPsalm,Responsorial Psalm,"Psalm 148:1–2, 11–12, 13, 14",,,,2,PSA,148,11,12,0
2027-05-05,Wednesday of the 6th week of Easter,2,responsorialPsalm,Responsorial Psalm,"Psalm 148:1–2, 11–12, 13, 14",,,,3,PSA,148,13,13,0
2027-05-05,Wednesday of the 6th week of Easter,2,responsorialPsalm,Responsorial Psalm,"Psalm 148:1–2, 11–12, 13, 14",,,,4,PSA,148,14,14,0
2027-05-05,Wednesday of the 6th week of Easter,3,gospel,Gospel,John 16:12–15,,,,1,JHN,16,12,15,0
2027-05-06,Ascension of the Lord,1,firstReading,First Reading,Acts 1:1–11,,,,1,ACT,1,1,11,0
2027-05-06,Ascension of the Lord,2,responsorialPsalm,Responsorial Psalm,"Psalm 47:2–3, 6–7, 8–9",,,,1,PSA,47,2,3,0
2027-05-06,Ascension of the Lord,2,responsorialPsalm,Responsorial Psalm,"Psalm 47:2–3, 6–7, 8–9",,,,2,PSA,47,6,7,0
2027-05-06,Ascension of the Lord,2,responsorialPsalm,Responsorial Psalm,"Psalm 47:2–3, 6–7, 8–9",,,,3,PSA,47,8,9,0
2027-05-06,Ascension of the Lord,3,secondReading,Second Reading,Ephesians 1:17–23,,,,1,EPH,1,17,23,0
2027-05-06,Ascension of the Lord,4,gospel,Gospel,Mark 16:15–20,,,,1,MRK,16,15,20,0
2027-05-07,Friday of the 6th week of Easter,1,firstReading,First Reading,Acts 18:9–18,,,,1,ACT,18,9,18,0
2027-05-07,Friday of the 6th week of Easter,2,responsorialPsalm,Responsorial Psalm,"Psalm 47:2–3, 4–5, 6–7",,,,1,PSA,47,2,3,0
2027-05-07,Friday of the 6th week of Easter,2,responsorialPsalm,Responsorial Psalm,"Psalm 47:2–3, 4–5, 6–7",,,,2,PSA,47,4,5,0
2027-05-07,Friday of the 6th week of Easter,2,responsorialPsalm,Responsorial Psalm,"Psalm 47:2–3, 4–5, 6–7",,,,3,PSA,47,6,7,0
2027-05-07,Friday of the 6th week of Easter,3,gospel,Gospel,John 16:20–23,,,,1,JHN,16,20,23,0
2027-05-08,Saturday of the 6th week of Easter,1,firstReading,First Reading,Acts 18:23–28,,,,1,ACT,18,23,28,0
2027-05-08,Saturday of the 6th week of Easter,2,responsorialPsalm,Responsorial Psalm,"Psalm 47:2–3, 8–9, 10",,,,1,PSA,47,1,2,1
2027-05-08,Saturday of the 6th week of Easter,2,responsorialPsalm,Responsorial Psalm,"Psalm 47:2–3, 8–9, 10",,,,2,PSA,47,7,8,1
2027-05-08,Saturday of the 6th week of Easter,2,responsorialPsalm,Responsorial Psalm,"Psalm 47:2–3, 8–9, 10",,,,3,PSA,47,9,9,1
2027-05-08,Saturday of the 6th week of Easter,3,gospel,Gospel,John 16:23b-28,,,,1,JHN,16,23,28,0
2027-05-09,7th Sunday of Easter,1,firstReading,First Reading,Acts 1:1–11,,,,1,ACT,1,1,11,0
2027-05-09,7th Sunday of Easter,2,responsorialPsalm,Responsorial Psalm,"Psalm 47:2–3, 6–7, 8–9",,,,1,PSA,47,2,3,0
2027-05-09,7th Sunday of Easter,2,responsorialPsalm,Responsorial Psalm,"Psalm 47:2–3, 6–7, 8–9",,,,2,PSA,47,6,7,0
2027-05-09,7th Sunday of Easter,2,responsorialPsalm,Responsorial Psalm,"Psalm 47:2–3, 6–7, 8–9",,,,3,PSA,47,8,9,0
2027-05-09,7th Sunday of Easter,3,secondReading,Second Reading,Ephesians 1:17–23,,,,1,EPH,1,17,23,0
2027-05-09,7th Sunday of Easter,4,gospel,Gospel,Mark 16:15–20,,,,1,MRK,16,15,20,0
2027-05-10,Monday of the 7th week of Easter,1,firstReading,First Reading,Acts 19:1–8,,,,1,ACT,19,1,8,0
2027-05-10,Monday of the 7th week of Easter,2,responsorialPsalm,Responsorial Psalm,"Psalm 68:2–3ab, 4–5acd, 6–7ab",,,,1,PSA,68,2,3,0
2027-05-10,Monday of the 7th week of Easter,2,responsorialPsalm,Responsorial Psalm,"Psalm 68:2–3ab, 4–5acd, 6–7ab",,,,2,PSA,68,4,5,0
2027-05-10,Monday of the 7th week of Easter,2,responsorialPsalm,Responsorial Psalm,"Psalm 68:2–3ab, 4–5acd, 6–7ab",,,,3,PSA,68,6,7,0
2027-05-10,Monday of the 7th week of Easter,3,gospel,Gospel,John 16:29–33,,,,1,JHN,16,29,33,0
2027-05-11,Tuesday of the 7th week of Easter,1,firstReading,First Reading,Acts 20:17–27,,,,1,ACT,20,17,27,0
2027-05-11,Tuesday of the 7th week of Easter,2,responsorialPsalm,Responsorial Psalm,"Psalm 68:10–11, 20–21",,,,1,PSA,68,10,11,0
2027-05-11,Tuesday of the 7th week of Easter,2,responsorialPsalm,Responsorial Psalm,"Psalm 68:10–11, 20–21",,,,2,PSA,68,20,21,0
2027-05-11,Tuesday of the 7th week of Easter,3,gospel,Gospel,John 17:1–11a,,,,1,JHN,17,1,11,0
2027-05-12,"Saints Nereus and Achilleus, Martyrs/Saint Pancras, Martyr",1,firstReading,First Reading,Acts 20:28–38,,,,1,ACT,20,28,38,0
2027-05-12,"Saints Nereus and Achilleus, Martyrs/Saint Pancras, Martyr",2,responsorialPsalm,Responsorial Psalm,"Psalm 68:29–30, 33–35a, 35bc-36ab",,,,1,PSA,68,28,29,1
2027-05-12,"Saints Nereus and Achilleus, Martyrs/Saint Pancras, Martyr",2,responsorialPsalm,Responsorial Psalm,"Psalm 68:29–30, 33–35a, 35bc-36ab",,,,2,PSA,68,32,34,1
2027-05-12,"Saints Nereus and Achilleus, Martyrs/Saint Pancras, Martyr",2,responsorialPsalm,Responsorial Psalm,"Psalm 68:29–30, 33–35a, 35bc-36ab",,,,3,PSA,68,34,35,1
2027-05-12,"Saints Nereus and Achilleus, Martyrs/Saint Pancras, Martyr",3,gospel,Gospel,John 17:11b-19,,,,1,JHN,17,11,19,0
2027-05-13,Our Lady of Fatima,1,firstReading,First Reading,Acts 22:30; 23:6–11,,,,1,ACT,22,30,30,0
2027-05-13,Our Lady of Fatima,1,firstReading,First Reading,Acts 22:30; 23:6–11,,,,2,ACT,23,6,11,0
2027-05-13,Our Lady of Fatima,2,responsorialPsalm,Responsorial Psalm,"Psalm 16:1–2a and 5, 7–8, 9–10, 11",,,,1,PSA,16,1,2,0
2027-05-13,Our Lady of Fatima,2,responsorialPsalm,Responsorial Psalm,"Psalm 16:1–2a and 5, 7–8, 9–10, 11",,,,2,PSA,16,5,5,0
2027-05-13,Our Lady of Fatima,2,responsorialPsalm,Responsorial Psalm,"Psalm 16:1–2a and 5, 7–8, 9–10, 11",,,,3,PSA,16,7,8,0
2027-05-13,Our Lady of Fatima,2,responsorialPsalm,Responsorial Psalm,"Psalm 16:1–2a and 5, 7–8, 9–10, 11",,,,4,PSA,16,9,10,0
2027-05-13,Our Lady of Fatima,2,responsorialPsalm,Responsorial Psalm,"Psalm 16:1–2a and 5, 7–8, 9–10, 11",,,,5,PSA,16,11,11,0
2027-05-13,Our Lady of Fatima,3,gospel,Gospel,John 17:20–26,,,,1,JHN,17,20,26,0
2027-05-14,Saint Matthias the Apostle,1,firstReading,First Reading,"Acts 1:15–17, 20–26",,,,1,ACT,1,15,17,0
2027-05-14,Saint Matthias the Apostle,1,firstReading,First Reading,"Acts 1:15–17, 20–26",,,,2,ACT,1,20,26,0
2027-05-14,Saint Matthias the Apostle,2,responsorialPsalm,Responsorial Psalm,"Psalm 113:1–2, 3–4, 5–6, 7–8",,,,1,PSA,113,1,2,0
2027-05-14,Saint Matthias the Apostle,2,responsorialPsalm,Responsorial Psalm,"Psalm 113:1–2, 3–4, 5–6, 7–8",,,,2,PSA,113,3,4,0
2027-05-14,Saint Matthias the Apostle,2,responsorialPsalm,Responsorial Psalm,"Psalm 113:1–2, 3–4, 5–6, 7–8",,,,3,PSA,113,5,6,0
2027-05-14,Saint Matthias the Apostle,2,responsorialPsalm,Responsorial Psalm,"Psalm 113:1–2, 3–4, 5–6, 7–8",,,,4,PSA,113,7,8,0
2027-05-14,Saint Matthias the Apostle,3,gospel,Gospel,John 15:9–17,,,,1,JHN,15,9,17,0
2027-05-15,Saturday of the 7th week of Easter,1,firstReading,First Reading,"Acts 28:16–20, 30–31",,,,1,ACT,28,16,20,0
2027-05-15,Saturday of the 7th week of Easter,1,firstReading,First Reading,"Acts 28:16–20, 30–31",,,,2,ACT,28,30,31,0
2027-05-15,Saturday of the 7th week of Easter,2,responsorialPsalm,Responsorial Psalm,"Psalm 11:4, 5 and 7",,,,1,PSA,11,4,4,0
2027-05-15,Saturday of the 7th week of Easter,2,responsorialPsalm,Responsorial Psalm,"Psalm 11:4, 5 and 7",,,,2,PSA,11,5,5,0
2027-05-15,Saturday of the 7th week of Easter,2,responsorialPsalm,Responsorial Psalm,"Psalm 11:4, 5 and 7",,,,3,PSA,11,7,7,0
2027-05-15,Saturday of the 7th week of Easter,3,gospel,Gospel,John 21:20–25,,,,1,JHN,21,20,25,0
2027-05-16,Pentecost Sunday,1,firstReading,First Reading,Acts 2:1–11,,,,1,ACT,2,1,11,0
2027-05-16,Pentecost Sunday,2,responsorialPsalm,Responsorial Psalm,"Psalm 104:1, 24, 29–30, 31, 34",,,,1,PSA,104,1,1,0
2027-05-16,Pentecost Sunday,2,responsorialPsalm,Responsorial Psalm,"Psalm 104:1, 24, 29–30, 31, 34",,,,2,PSA,104,24,24,0
2027-05-16,Pentecost Sunday,2,responsorialPsalm,Responsorial Psalm,"Psalm 104:1, 24, 29–30, 31, 34",,,,3,PSA,104,29,30,0
2027-05-16,Pentecost Sunday,2,responsorialPsalm,Responsorial Psalm,"Psalm 104:1, 24, 29–30, 31, 34",,,,4,PSA,104,31,31,0
2027-05-16,Pentecost Sunday,2,responsorialPsalm,Responsorial Psalm,"Psalm 104:1, 24, 29–30, 31, 34",,,,5,PSA,104,34,34,0
2027-05-16,Pentecost Sunday,3,secondReading,Second Reading,"1 Corinthians 12:3b-7, 12–13",,,,1,1CO,12,3,7,0
2027-05-16,Pentecost Sunday,3,secondReading,Second Reading,"1 Corinthians 12:3b-7, 12–13",,,,2,1CO,12,12,13,0
2027-05-16,Pentecost Sunday,4,gospel,Gospel,John 20:19–23,,,,1,JHN,20,19,23,0
2027-05-17,"Mary, Mother of The Church",1,firstReading,First Reading,"Genesis 3:9–15, 20",,,,1,GEN,3,9,15,0
2027-05-17,"Mary, Mother of The Church",1,firstReading,First Reading,"Genesis 3:9–15, 20",,,,2,GEN,3,20,20,0
2027-05-17,"Mary, Mother of The Church",2,responsorialPsalm,Responsorial Psalm,"Psalm 87:1–2, 3 and 5, 6–7",,,,1,PSA,87,1,2,0
2027-05-17,"Mary, Mother of The Church",2,responsorialPsalm,Responsorial Psalm,"Psalm 87:1–2, 3 and 5, 6–7",,,,2,PSA,87,3,3,0
2027-05-17,"Mary, Mother of The Church",2,responsorialPsalm,Responsorial Psalm,"Psalm 87:1–2, 3 and 5, 6–7",,,,3,PSA,87,5,5,0
2027-05-17,"Mary, Mother of The Church",2,responsorialPsalm,Responsorial Psalm,"Psalm 87:1–2, 3 and 5, 6–7",,,,4,PSA,87,6,7,0
2027-05-17,"Mary, Mother of The Church",3,gospel,Gospel,John 19:25–34,,,,1,JHN,19,25,34,0
2027-05-18,"Saint John I, Pope and Martyr",1,firstReading,First Reading,Sirach 2:1–11,,,,1,SIR,2,1,11,0
2027-05-18,"Saint John I, Pope and Martyr",2,responsorialPsalm,Responsorial Psalm,"Psalm 37:3–4, 18–19, 27–28, 39–40",,,,1,PSA,37,3,4,0
2027-05-18,"Saint John I, Pope and Martyr",2,responsorialPsalm,Responsorial Psalm,"Psalm 37:3–4, 18–19, 27–28, 39–40",,,,2,PSA,37,18,19,0
2027-05-18,"Saint John I, Pope and Martyr",2,responsorialPsalm,Responsorial Psalm,"Psalm 37:3–4, 18–19, 27–28, 39–40",,,,3,PSA,37,27,28,0
2027-05-18,"Saint John I, Pope and Martyr",2,responsorialPsalm,Responsorial Psalm,"Psalm 37:3–4, 18–19, 27–28, 39–40",,,,4,PSA,37,39,40,0
2027-05-18,"Saint John I, Pope and Martyr",3,gospel,Gospel,Mark 9:30–37,,,,1,MRK,9,30,37,0
2027-05-19,Wednesday of the 7th week of Ordinary Time,1,firstReading,First Reading,Sirach 4:11–19,,,,1,SIR,4,11,19,0
2027-05-19,Wednesday of the 7th week of Ordinary Time,2,responsorialPsalm,Responsorial Psalm,"Psalm 119:165, 168, 171, 172, 174, 175",,,,1,PSA,119,165,165,0
2027-05-19,Wednesday of the 7th week of Ordinary Time,2,responsorialPsalm,Responsorial Psalm,"Psalm 119:165, 168, 171, 172, 174, 175",,,,2,PSA,119,168,168,0
2027-05-19,Wednesday of the 7th week of Ordinary Time,2,responsorialPsalm,Responsorial Psalm,"Psalm 119:165, 168, 171, 172, 174, 175",,,,3,PSA,119,171,171,0
2027-05-19,Wednesday of the 7th week of Ordinary Time,2,responsorialPsalm,Responsorial Psalm,"Psalm 119:165, 168, 171, 172, 174, 175",,,,4,PSA,119,172,172,0
2027-05-19,Wednesday of the 7th week of Ordinary Time,2,responsorialPsalm,Responsorial Psalm,"Psalm 119:165, 168, 171, 172, 174, 175",,,,5,PSA,119,174,174,0
2027-05-19,Wednesday of the 7th week of Ordinary Time,2,responsorialPsalm,Responsorial Psalm,"Psalm 119:165, 168, 171, 172, 174, 175",,,,6,PSA,119,175,175,0
2027-05-19,Wednesday of the 7th week of Ordinary Time,3,gospel,Gospel,Mark 9:38–40,,,,1,MRK,9,38,40,0
2027-05-20,"Saint Bernardine of Siena, Priest",1,firstReading,First Reading,Sirach 5:1–8,,,,1,SIR,5,1,8,0
2027-05-20,"Saint Bernardine of Siena, Priest",2,responsorialPsalm,Responsorial Psalm,"Psalm 1:1–4, 6",,,,1,PSA,1,1,4,0
2027-05-20,"Saint Bernardine of Siena, Priest",2,responsorialPsalm,Responsorial Psalm,"Psalm 1:1–4, 6",,,,2,PSA,1,6,6,0
2027-05-20,"Saint Bernardine of Siena, Priest",3,gospel,Gospel,Mark 9:41–50,,,,1,MRK,9,41,50,0
2027-05-21,"Saint Christopher Magallanes and Companions, Martyrs",1,firstReading,First Reading,Sirach 6:5–17,,,,1,SIR,6,5,17,0
2027-05-21,"Saint Christopher Magallanes and Companions, Martyrs",2,responsorialPsalm,Responsorial Psalm,"Psalm 119:12, 16, 18, 27, 34, 35",,,,1,PSA,119,12,12,0
2027-05-21,"Saint Christopher Magallanes and Companions, Martyrs",2,responsorialPsalm,Responsorial Psalm,"Psalm 119:12, 16, 18, 27, 34, 35",,,,2,PSA,119,16,16,0
2027-05-21,"Saint Christopher Magallanes and Companions, Martyrs",2,responsorialPsalm,Responsorial Psalm,"Psalm 119:12, 16, 18, 27, 34, 35",,,,3,PSA,119,18,18,0
2027-05-21,"Saint Christopher Magallanes and Companions, Martyrs",2,responsorialPsalm,Responsorial Psalm,"Psalm 119:12, 16, 18, 27, 34, 35",,,,4,PSA,119,27,27,0
2027-05-21,"Saint Christopher Magallanes and Companions, Martyrs",2,responsorialPsalm,Responsorial Psalm,"Psalm 119:12, 16, 18, 27, 34, 35",,,,5,PSA,119,34,34,0
2027-05-21,"Saint Christopher Magallanes and Companions, Martyrs",2,responsorialPsalm,Responsorial Psalm,"Psalm 119:12, 16, 18, 27, 34, 35",,,,6,PSA,119,35,35,0
2027-05-21,"Saint Christopher Magallanes and Companions, Martyrs",3,gospel,Gospel,Mark 10:1–12,,,,1,MRK,10,1,12,0
2027-05-22,Saint Rita of Cascia,1,firstReading,First Reading,Sirach 17:1–15,,,,1,SIR,17,1,15,0
2027-05-22,Saint Rita of Cascia,2,responsorialPsalm,Responsorial Psalm,"Psalm 103:13–14, 15–16, 17–18",,,,1,PSA,103,13,14,0
2027-05-22,Saint Rita of Cascia,2,responsorialPsalm,Responsorial Psalm,"Psalm 103:13–14, 15–16, 17–18",,,,2,PSA,103,15,16,0
2027-05-22,Saint Rita of Cascia,2,responsorialPsalm,Responsorial Psalm,"Psalm 103:13–14, 15–16, 17–18",,,,3,PSA,103,17,18,0
2027-05-22,Saint Rita of Cascia,3,gospel,Gospel,Mark 10:13–16,,,,1,MRK,10,13,16,0
2027-05-23,Trinity Sunday,1,firstReading,First Reading,"Deuteronomy 4:32–34, 39–40",,,,1,DEU,4,32,34,0
2027-05-23,Trinity Sunday,1,firstReading,First Reading,"Deuteronomy 4:32–34, 39–40",,,,2,DEU,4,39,40,0
2027-05-23,Trinity Sunday,2,responsorialPsalm,Responsorial Psalm,"Psalm 33:4–5, 6, 9, 18–19, 20, 22",,,,1,PSA,33,4,5,0
2027-05-23,Trinity Sunday,2,responsorialPsalm,Responsorial Psalm,"Psalm 33:4–5, 6, 9, 18–19, 20, 22",,,,2,PSA,33,6,6,0
2027-05-23,Trinity Sunday,2,responsorialPsalm,Responsorial Psalm,"Psalm 33:4–5, 6, 9, 18–19, 20, 22",,,,3,PSA,33,9,9,0
2027-05-23,Trinity Sunday,2,responsorialPsalm,Responsorial Psalm,"Psalm 33:4–5, 6, 9, 18–19, 20, 22",,,,4,PSA,33,18,19,0
2027-05-23,Trinity Sunday,2,responsorialPsalm,Responsorial Psalm,"Psalm 33:4–5, 6, 9, 18–19, 20, 22",,,,5,PSA,33,20,20,0
2027-05-23,Trinity Sunday,2,responsorialPsalm,Responsorial Psalm,"Psalm 33:4–5, 6, 9, 18–19, 20, 22",,,,6,PSA,33,22,22,0
2027-05-23,Trinity Sunday,3,secondReading,Second Reading,Romans 8:14–17,,,,1,ROM,8,14,17,0
2027-05-23,Trinity Sunday,4,gospel,Gospel,Matthew 28:16–20,,,,1,MAT,28,16,20,0
2027-05-24,Monday of the 8th week of Ordinary Time,1,firstReading,First Reading,Sirach 17:20–24,,,,1,SIR,17,20,24,0
2027-05-24,Monday of the 8th week of Ordinary Time,2,responsorialPsalm,Responsorial Psalm,"Psalm 32:1–2, 5, 6, 7",,,,1,PSA,32,1,2,0
2027-05-24,Monday of the 8th week of Ordinary Time,2,responsorialPsalm,Responsorial Psalm,"Psalm 32:1–2, 5, 6, 7",,,,2,PSA,32,5,5,0
2027-05-24,Monday of the 8th week of Ordinary Time,2,responsorialPsalm,Responsorial Psalm,"Psalm 32:1–2, 5, 6, 7",,,,3,PSA,32,6,6,0
2027-05-24,Monday of the 8th week of Ordinary Time,2,responsorialPsalm,Responsorial Psalm,"Psalm 32:1–2, 5, 6, 7",,,,4,PSA,32,7,7,0
2027-05-24,Monday of the 8th week of Ordinary Time,3,gospel,Gospel,Mark 10:17–27,,,,1,MRK,10,17,27,0
2027-05-25,"Saint Bede the Venerable, Priest and Doctor/Saint Gregory VII, Pope/Saint Mary Magdalene de Pazzi, Virgin",1,firstReading,First Reading,Sirach 35:1–12,,,,1,SIR,35,1,12,0
2027-05-25,"Saint Bede the Venerable, Priest and Doctor/Saint Gregory VII, Pope/Saint Mary Magdalene de Pazzi, Virgin",2,responsorialPsalm,Responsorial Psalm,"Psalm 50:5–6, 7–8, 14, 23",,,,1,PSA,50,5,6,0
2027-05-25,"Saint Bede the Venerable, Priest and Doctor/Saint Gregory VII, Pope/Saint Mary Magdalene de Pazzi, Virgin",2,responsorialPsalm,Responsorial Psalm,"Psalm 50:5–6, 7–8, 14, 23",,,,2,PSA,50,7,8,0
2027-05-25,"Saint Bede the Venerable, Priest and Doctor/Saint Gregory VII, Pope/Saint Mary Magdalene de Pazzi, Virgin",2,responsorialPsalm,Responsorial Psalm,"Psalm 50:5–6, 7–8, 14, 23",,,,3,PSA,50,14,14,0
2027-05-25,"Saint Bede the Venerable, Priest and Doctor/Saint Gregory VII, Pope/Saint Mary Magdalene de Pazzi, Virgin",2,responsorialPsalm,Responsorial Psalm,"Psalm 50:5–6, 7–8, 14, 23",,,,4,PSA,50,23,23,0
2027-05-25,"Saint Bede the Venerable, Priest and Doctor/Saint Gregory VII, Pope/Saint Mary Magdalene de Pazzi, Virgin",3,gospel,Gospel,Mark 10:28–31,,,,1,MRK,10,28,31,0
2027-05-26,"Saint Philip Neri, Priest",1,firstReading,First Reading,"Sirach 36:1, 4–5a, 10–17",,,,1,SIR,36,1,1,0
2027-05-26,"Saint Philip Neri, Priest",1,firstReading,First Reading,"Sirach 36:1, 4–5a, 10–17",,,,2,SIR,36,4,5,0
2027-05-26,"Saint Philip Neri, Priest",1,firstReading,First Reading,"Sirach 36:1, 4–5a, 10–17",,,,3,SIR,36,10,17,0
2027-05-26,"Saint Philip Neri, Priest",2,responsorialPsalm,Responsorial Psalm,"Psalm 79:8, 9, 11 and 13",,,,1,PSA,79,8,8,0
2027-05-26,"Saint Philip Neri, Priest",2,responsorialPsalm,Responsorial Psalm,"Psalm 79:8, 9, 11 and 13",,,,2,PSA,79,9,9,0
2027-05-26,"Saint Philip Neri, Priest",2,responsorialPsalm,Responsorial Psalm,"Psalm 79:8, 9, 11 and 13",,,,3,PSA,79,11,11,0
2027-05-26,"Saint Philip Neri, Priest",2,responsorialPsalm,Responsorial Psalm,"Psalm 79:8, 9, 11 and 13",,,,4,PSA,79,13,13,0
2027-05-26,"Saint Philip Neri, Priest",3,gospel,Gospel,Mark 10:32–45,,,,1,MRK,10,32,45,0
2027-05-27,"Saint Augustine of Canterbury, Bishop",1,firstReading,First Reading,Sirach 42:15–25,,,,1,SIR,42,15,25,0
2027-05-27,"Saint Augustine of Canterbury, Bishop",2,responsorialPsalm,Responsorial Psalm,"Psalm 33:2–3, 4–5, 6–7, 8–9",,,,1,PSA,33,2,3,0
2027-05-27,"Saint Augustine of Canterbury, Bishop",2,responsorialPsalm,Responsorial Psalm,"Psalm 33:2–3, 4–5, 6–7, 8–9",,,,2,PSA,33,4,5,0
2027-05-27,"Saint Augustine of Canterbury, Bishop",2,responsorialPsalm,Responsorial Psalm,"Psalm 33:2–3, 4–5, 6–7, 8–9",,,,3,PSA,33,6,7,0
2027-05-27,"Saint Augustine of Canterbury, Bishop",2,responsorialPsalm,Responsorial Psalm,"Psalm 33:2–3, 4–5, 6–7, 8–9",,,,4,PSA,33,8,9,0
2027-05-27,"Saint Augustine of Canterbury, Bishop",3,gospel,Gospel,Mark 10:46–52,,,,1,MRK,10,46,52,0
2027-05-28,Friday of the 8th week of Ordinary Time,1,firstReading,First Reading,"Sirach 44:1, 9–13",,,,1,SIR,44,1,1,0
2027-05-28,Friday of the 8th week of Ordinary Time,1,firstReading,First Reading,"Sirach 44:1, 9–13",,,,2,SIR,44,9,13,0
2027-05-28,Friday of the 8th week of Ordinary Time,2,responsorialPsalm,Responsorial Psalm,"Psalm 149:1b-2, 3–4, 5–6a and 9b",,,,1,PSA,149,1,2,0
2027-05-28,Friday of the 8th week of Ordinary Time,2,responsorialPsalm,Responsorial Psalm,"Psalm 149:1b-2, 3–4, 5–6a and 9b",,,,2,PSA,149,3,4,0
2027-05-28,Friday of the 8th week of Ordinary Time,2,responsorialPsalm,Responsorial Psalm,"Psalm 149:1b-2, 3–4, 5–6a and 9b",,,,3,PSA,149,5,6,0
2027-05-28,Friday of the 8th week of Ordinary Time,2,responsorialPsalm,Responsorial Psalm,"Psalm 149:1b-2, 3–4, 5–6a and 9b",,,,4,PSA,149,9,9,0
2027-05-28,Friday of the 8th week of Ordinary Time,3,gospel,Gospel,Mark 11:11–26,,,,1,MRK,11,11,26,0
2027-05-29,Saturday of the 8th week of Ordinary Time,1,firstReading,First Reading,Sirach 51:12cd–20,,,,1,SIR,51,12,20,0
2027-05-29,Saturday of the 8th week of Ordinary Time,2,responsorialPsalm,Responsorial Psalm,"Psalm 19:8, 9, 10, 11",,,,1,PSA,19,8,8,0
2027-05-29,Saturday of the 8th week of Ordinary Time,2,responsorialPsalm,Responsorial Psalm,"Psalm 19:8, 9, 10, 11",,,,2,PSA,19,9,9,0
2027-05-29,Saturday of the 8th week of Ordinary Time,2,responsorialPsalm,Responsorial Psalm,"Psalm 19:8, 9, 10, 11",,,,3,PSA,19,10,10,0
2027-05-29,Saturday of the 8th week of Ordinary Time,2,responsorialPsalm,Responsorial Psalm,"Psalm 19:8, 9, 10, 11",,,,4,PSA,19,11,11,0
2027-05-29,Saturday of the 8th week of Ordinary Time,3,gospel,Gospel,Mark 11:27–33,,,,1,MRK,11,27,33,0
2027-05-30,Corpus Christi,1,firstReading,First Reading,Exodus 24:3–8,,,,1,EXO,24,3,8,0
2027-05-30,Corpus Christi,2,responsorialPsalm,Responsorial Psalm,"Psalm 116:12–13, 15–16, 17–18",,,,1,PSA,116,12,13,0
2027-05-30,Corpus Christi,2,responsorialPsalm,Responsorial Psalm,"Psalm 116:12–13, 15–16, 17–18",,,,2,PSA,116,15,16,0
2027-05-30,Corpus Christi,2,responsorialPsalm,Responsorial Psalm,"Psalm 116:12–13, 15–16, 17–18",,,,3,PSA,116,17,18,0
2027-05-30,Corpus Christi,3,secondReading,Second Reading,Hebrews 9:11–15,,,,1,HEB,9,11,15,0
2027-05-30,Corpus Christi,4,gospel,Gospel,"Mark 14:12–16, 22–26",,,,1,MRK,14,12,16,0
2027-05-30,Corpus Christi,4,gospel,Gospel,"Mark 14:12–16, 22–26",,,,2,MRK,14,22,26,0
2027-05-31,Visitation of the Blessed Virgin Mary,1,firstReading,First Reading,Zephaniah 3:14–18a,,,,1,ZEP,3,14,18,0
2027-05-31,Visitation of the Blessed Virgin Mary,2,responsorialPsalm,Responsorial Psalm,"Isaiah 12:2–3, 4bcd, 5–6",,,,1,ISA,12,2,3,0
2027-05-31,Visitation of the Blessed Virgin Mary,2,responsorialPsalm,Responsorial Psalm,"Isaiah 12:2–3, 4bcd, 5–6",,,,2,ISA,12,4,4,0
2027-05-31,Visitation of the Blessed Virgin Mary,2,responsorialPsalm,Responsorial Psalm,"Isaiah 12:2–3, 4bcd, 5–6",,,,3,ISA,12,5,6,0
2027-05-31,Visitation of the Blessed Virgin Mary,3,gospel,Gospel,Luke 1:39–56,,,,1,LUK,1,39,56,0
2027-06-01,Saint Justin Martyr,1,firstReading,First Reading,Tobit 2:9–14,,,,1,TOB,2,9,14,0
2027-06-01,Saint Justin Martyr,2,responsorialPsalm,Responsorial Psalm,"Psalm 112:1–2, 7–8, 9",,,,1,PSA,112,1,2,0
2027-06-01,Saint Justin Martyr,2,responsorialPsalm,Responsorial Psalm,"Psalm 112:1–2, 7–8, 9",,,,2,PSA,112,7,8,0
2027-06-01,Saint Justin Martyr,2,responsorialPsalm,Responsorial Psalm,"Psalm 112:1–2, 7–8, 9",,,,3,PSA,112,9,9,0
2027-06-01,Saint Justin Martyr,3,gospel,Gospel,Mark 12:13–17,,,,1,MRK,12,13,17,0
2027-06-02,"Saints Marcellinus and Peter, Martyrs",1,firstReading,First Reading,"Tobit 3:1–11a, 16–17a",,,,1,TOB,3,1,11,0
2027-06-02,"Saints Marcellinus and Peter, Martyrs",1,firstReading,First Reading,"Tobit 3:1–11a, 16–17a",,,,2,TOB,3,16,17,0
2027-06-02,"Saints Marcellinus and Peter, Martyrs",2,responsorialPsalm,Responsorial Psalm,"Psalm 25:2–3, 4–5ab, 6 and 7bc, 8–9",,,,1,PSA,25,2,3,0
2027-06-02,"Saints Marcellinus and Peter, Martyrs",2,responsorialPsalm,Responsorial Psalm,"Psalm 25:2–3, 4–5ab, 6 and 7bc, 8–9",,,,2,PSA,25,4,5,0
2027-06-02,"Saints Marcellinus and Peter, Martyrs",2,responsorialPsalm,Responsorial Psalm,"Psalm 25:2–3, 4–5ab, 6 and 7bc, 8–9",,,,3,PSA,25,6,6,0
2027-06-02,"Saints Marcellinus and Peter, Martyrs",2,responsorialPsalm,Responsorial Psalm,"Psalm 25:2–3, 4–5ab, 6 and 7bc, 8–9",,,,4,PSA,25,7,7,0
2027-06-02,"Saints Marcellinus and Peter, Martyrs",2,responsorialPsalm,Responsorial Psalm,"Psalm 25:2–3, 4–5ab, 6 and 7bc, 8–9",,,,5,PSA,25,8,9,0
2027-06-02,"Saints Marcellinus and Peter, Martyrs",3,gospel,Gospel,Mark 12:18–27,,,,1,MRK,12,18,27,0
2027-06-03,"Saints Charles Lwanga and Companions, Martyrs",1,firstReading,First Reading,"Tobit 6:10–11; 7:1bcde, 9–17; 8:4–9a",,,,1,TOB,6,10,11,0
2027-06-03,"Saints Charles Lwanga and Companions, Martyrs",1,firstReading,First Reading,"Tobit 6:10–11; 7:1bcde, 9–17; 8:4–9a",,,,2,TOB,7,1,1,0
2027-06-03,"Saints Charles Lwanga and Companions, Martyrs",1,firstReading,First Reading,"Tobit 6:10–11; 7:1bcde, 9–17; 8:4–9a",,,,3,TOB,7,9,17,0
2027-06-03,"Saints Charles Lwanga and Companions, Martyrs",1,firstReading,First Reading,"Tobit 6:10–11; 7:1bcde, 9–17; 8:4–9a",,,,4,TOB,8,4,9,0
2027-06-03,"Saints Charles Lwanga and Companions, Martyrs",2,responsorialPsalm,Responsorial Psalm,"Psalm 128:1–2, 3, 4–5",,,,1,PSA,128,1,2,0
2027-06-03,"Saints Charles Lwanga and Companions, Martyrs",2,responsorialPsalm,Responsorial Psalm,"Psalm 128:1–2, 3, 4–5",,,,2,PSA,128,3,3,0
2027-06-03,"Saints Charles Lwanga and Companions, Martyrs",2,responsorialPsalm,Responsorial Psalm,"Psalm 128:1–2, 3, 4–5",,,,3,PSA,128,4,5,0
2027-06-03,"Saints Charles Lwanga and Companions, Martyrs",3,gospel,Gospel,Mark 12:28–34,,,,1,MRK,12,28,34,0
2027-06-04,Sacred Heart of Jesus,1,firstReading,First Reading,"Hosea 11:1, 3–4, 8c-9",,,,1,HOS,11,1,1,0
2027-06-04,Sacred Heart of Jesus,1,firstReading,First Reading,"Hosea 11:1, 3–4, 8c-9",,,,2,HOS,11,3,4,0
2027-06-04,Sacred Heart of Jesus,1,firstReading,First Reading,"Hosea 11:1, 3–4, 8c-9",,,,3,HOS,11,8,9,0
2027-06-04,Sacred Heart of Jesus,2,responsorialPsalm,Responsorial Psalm,"Isaiah 12:2–3, 4, 5–6.",,,,1,ISA,12,2,3,0
2027-06-04,Sacred Heart of Jesus,2,responsorialPsalm,Responsorial Psalm,"Isaiah 12:2–3, 4, 5–6.",,,,2,ISA,12,4,4,0
2027-06-04,Sacred Heart of Jesus,2,responsorialPsalm,Responsorial Psalm,"Isaiah 12:2–3, 4, 5–6.",,,,3,ISA,12,5,6,0
2027-06-04,Sacred Heart of Jesus,3,secondReading,Second Reading,"Ephesians 3:8–12, 14–19",,,,1,EPH,3,8,12,0
2027-06-04,Sacred Heart of Jesus,3,secondReading,Second Reading,"Ephesians 3:8–12, 14–19",,,,2,EPH,3,14,19,0
2027-06-04,Sacred Heart of Jesus,4,gospel,Gospel,John 19:31–37,,,,1,JHN,19,31,37,0
2027-06-05,Immaculate Heart of Mary,1,firstReading,First Reading,"Tobit 12:1, 5–15, 20",,,,1,TOB,12,1,1,0
2027-06-05,Immaculate Heart of Mary,1,firstReading,First Reading,"Tobit 12:1, 5–15, 20",,,,2,TOB,12,5,15,0
2027-06-05,Immaculate Heart of Mary,1,firstReading,First Reading,"Tobit 12:1, 5–15, 20",,,,3,TOB,12,20,20,0
2027-06-05,Immaculate Heart of Mary,2,responsorialPsalm,Responsorial Psalm,"Tobit 13:2, 6efgh, 7, 8",,,,1,TOB,13,2,2,0
2027-06-05,Immaculate Heart of Mary,2,responsorialPsalm,Responsorial Psalm,"Tobit 13:2, 6efgh, 7, 8",,,,2,TOB,13,6,6,0
2027-06-05,Immaculate Heart of Mary,2,responsorialPsalm,Responsorial Psalm,"Tobit 13:2, 6efgh, 7, 8",,,,3,TOB,13,7,7,0
2027-06-05,Immaculate Heart of Mary,2,responsorialPsalm,Responsorial Psalm,"Tobit 13:2, 6efgh, 7, 8",,,,4,TOB,13,8,8,0
2027-06-05,Immaculate Heart of Mary,3,gospel,Gospel,Mark 12:38–44,,,,1,MRK,12,38,44,0
2027-06-06,10th Sunday of Ordinary Time,1,firstReading,First Reading,Genesis 3:9–15,,,,1,GEN,3,9,15,0
2027-06-06,10th Sunday of Ordinary Time,2,responsorialPsalm,Responsorial Psalm,"Psalm 130:1–2, 3–4, 5–6, 7–8",,,,1,PSA,130,1,2,0
2027-06-06,10th Sunday of Ordinary Time,2,responsorialPsalm,Responsorial Psalm,"Psalm 130:1–2, 3–4, 5–6, 7–8",,,,2,PSA,130,3,4,0
2027-06-06,10th Sunday of Ordinary Time,2,responsorialPsalm,Responsorial Psalm,"Psalm 130:1–2, 3–4, 5–6, 7–8",,,,3,PSA,130,5,6,0
2027-06-06,10th Sunday of Ordinary Time,2,responsorialPsalm,Responsorial Psalm,"Psalm 130:1–2, 3–4, 5–6, 7–8",,,,4,PSA,130,7,8,0
2027-06-06,10th Sunday of Ordinary Time,3,secondReading,Second Reading,2 Corinthians 4:13–5:1,,,,1,2CO,4,13,18,0
2027-06-06,10th Sunday of Ordinary Time,3,secondReading,Second Reading,2 Corinthians 4:13–5:1,,,,2,2CO,5,1,1,0
2027-06-06,10th Sunday of Ordinary Time,4,gospel,Gospel,Mark 3:20–35,,,,1,MRK,3,20,35,0
2027-06-07,Monday of the 10th week of Ordinary Time,1,firstReading,First Reading,2 Corinthians 1:1–7,,,,1,2CO,1,1,7,0
2027-06-07,Monday of the 10th week of Ordinary Time,2,responsorialPsalm,Responsorial Psalm,"Psalm 34:2–3, 4–5, 6–7, 8–9",,,,1,PSA,34,2,3,0
2027-06-07,Monday of the 10th week of Ordinary Time,2,responsorialPsalm,Responsorial Psalm,"Psalm 34:2–3, 4–5, 6–7, 8–9",,,,2,PSA,34,4,5,0
2027-06-07,Monday of the 10th week of Ordinary Time,2,responsorialPsalm,Responsorial Psalm,"Psalm 34:2–3, 4–5, 6–7, 8–9",,,,3,PSA,34,6,7,0
2027-06-07,Monday of the 10th week of Ordinary Time,2,responsorialPsalm,Responsorial Psalm,"Psalm 34:2–3, 4–5, 6–7, 8–9",,,,4,PSA,34,8,9,0
2027-06-07,Monday of the 10th week of Ordinary Time,3,gospel,Gospel,Matthew 5:1–12,,,,1,MAT,5,1,12,0
2027-06-08,Tuesday of the 10th week of Ordinary Time,1,firstReading,First Reading,2 Corinthians 1:18–22,,,,1,2CO,1,18,22,0
2027-06-08,Tuesday of the 10th week of Ordinary Time,2,responsorialPsalm,Responsorial Psalm,"Psalm 119:129, 130, 131, 132, 133, 135",,,,1,PSA,119,129,129,0
2027-06-08,Tuesday of the 10th week of Ordinary Time,2,responsorialPsalm,Responsorial Psalm,"Psalm 119:129, 130, 131, 132, 133, 135",,,,2,PSA,119,130,130,0
2027-06-08,Tuesday of the 10th week of Ordinary Time,2,responsorialPsalm,Responsorial Psalm,"Psalm 119:129, 130, 131, 132, 133, 135",,,,3,PSA,119,131,131,0
2027-06-08,Tuesday of the 10th week of Ordinary Time,2,responsorialPsalm,Responsorial Psalm,"Psalm 119:129, 130, 131, 132, 133, 135",,,,4,PSA,119,132,132,0
2027-06-08,Tuesday of the 10th week of Ordinary Time,2,responsorialPsalm,Responsorial Psalm,"Psalm 119:129, 130, 131, 132, 133, 135",,,,5,PSA,119,133,133,0
2027-06-08,Tuesday of the 10th week of Ordinary Time,2,responsorialPsalm,Responsorial Psalm,"Psalm 119:129, 130, 131, 132, 133, 135",,,,6,PSA,119,135,135,0
2027-06-08,Tuesday of the 10th week of Ordinary Time,3,gospel,Gospel,Matthew 5:13–16,,,,1,MAT,5,13,16,0
2027-06-09,"Saint Ephrem, Deacon and Doctor",1,firstReading,First Reading,2 Corinthians 3:4–11,,,,1,2CO,3,4,11,0
2027-06-09,"Saint Ephrem, Deacon and Doctor",2,responsorialPsalm,Responsorial Psalm,"Psalm 99:5, 6, 7, 8, 9",,,,1,PSA,99,5,5,0
2027-06-09,"Saint Ephrem, Deacon and Doctor",2,responsorialPsalm,Responsorial Psalm,"Psalm 99:5, 6, 7, 8, 9",,,,2,PSA,99,6,6,0
2027-06-09,"Saint Ephrem, Deacon and Doctor",2,responsorialPsalm,Responsorial Psalm,"Psalm 99:5, 6, 7, 8, 9",,,,3,PSA,99,7,7,0
2027-06-09,"Saint Ephrem, Deacon and Doctor",2,responsorialPsalm,Responsorial Psalm,"Psalm 99:5, 6, 7, 8, 9",,,,4,PSA,99,8,8,0
2027-06-09,"Saint Ephrem, Deacon and Doctor",2,responsorialPsalm,Responsorial Psalm,"Psalm 99:5, 6, 7, 8, 9",,,,5,PSA,99,9,9,0
2027-06-09,"Saint Ephrem, Deacon and Doctor",3,gospel,Gospel,Matthew 5:17–19,,,,1,MAT,5,17,19,0
2027-06-10,Thursday of the 10th week of Ordinary Time,1,firstReading,First Reading,"2 Corinthians 3:15 - 4:1, 3–6",,,,1,2CO,3,15,18,0
2027-06-10,Thursday of the 10th week of Ordinary Time,1,firstReading,First Reading,"2 Corinthians 3:15 - 4:1, 3–6",,,,2,2CO,4,1,1,0
2027-06-10,Thursday of the 10th week of Ordinary Time,1,firstReading,First Reading,"2 Corinthians 3:15 - 4:1, 3–6",,,,3,2CO,4,3,6,0
2027-06-10,Thursday of the 10th week of Ordinary Time,2,responsorialPsalm,Responsorial Psalm,"Psalm 85:9ab and 10, 11–12, 13–14",,,,1,PSA,85,8,8,1
2027-06-10,Thursday of the 10th week of Ordinary Time,2,responsorialPsalm,Responsorial Psalm,"Psalm 85:9ab and 10, 11–12, 13–14",,,,2,PSA,85,9,9,1
2027-06-10,Thursday of the 10th week of Ordinary Time,2,responsorialPsalm,Responsorial Psalm,"Psalm 85:9ab and 10, 11–12, 13–14",,,,3,PSA,85,10,11,1
2027-06-10,Thursday of the 10th week of Ordinary Time,2,responsorialPsalm,Responsorial Psalm,"Psalm 85:9ab and 10, 11–12, 13–14",,,,4,PSA,85,12,13,1
2027-06-10,Thursday of the 10th week of Ordinary Time,3,gospel,Gospel,Matthew 5:20–26,,,,1,MAT,5,20,26,0
2027-06-11,Saint Barnabas the Apostle,1,firstReading,First Reading,Acts 11:21b-26; 13:1–3,,,,1,ACT,11,21,26,0
2027-06-11,Saint Barnabas the Apostle,1,firstReading,First Reading,Acts 11:21b-26; 13:1–3,,,,2,ACT,13,1,3,0
2027-06-11,Saint Barnabas the Apostle,2,responsorialPsalm,Responsorial Psalm,"Psalm 98:1, 2–3ab, 3cd-4, 5–6",,,,1,PSA,98,1,1,0
2027-06-11,Saint Barnabas the Apostle,2,responsorialPsalm,Responsorial Psalm,"Psalm 98:1, 2–3ab, 3cd-4, 5–6",,,,2,PSA,98,2,3,0
2027-06-11,Saint Barnabas the Apostle,2,responsorialPsalm,Responsorial Psalm,"Psalm 98:1, 2–3ab, 3cd-4, 5–6",,,,3,PSA,98,3,4,0
2027-06-11,Saint Barnabas the Apostle,2,responsorialPsalm,Responsorial Psalm,"Psalm 98:1, 2–3ab, 3cd-4, 5–6",,,,4,PSA,98,5,6,0
2027-06-11,Saint Barnabas the Apostle,3,gospel,Gospel,Matthew 5:27–32,,,,1,MAT,5,27,32,0
2027-06-12,Saturday of the 10th week of Ordinary Time,1,firstReading,First Reading,2 Corinthians 5:14–21,,,,1,2CO,5,14,21,0
2027-06-12,Saturday of the 10th week of Ordinary Time,2,responsorialPsalm,Responsorial Psalm,"Psalm 103:1–2, 3–4, 9–10, 11–12",,,,1,PSA,103,1,2,0
2027-06-12,Saturday of the 10th week of Ordinary Time,2,responsorialPsalm,Responsorial Psalm,"Psalm 103:1–2, 3–4, 9–10, 11–12",,,,2,PSA,103,3,4,0
2027-06-12,Saturday of the 10th week of Ordinary Time,2,responsorialPsalm,Responsorial Psalm,"Psalm 103:1–2, 3–4, 9–10, 11–12",,,,3,PSA,103,9,10,0
2027-06-12,Saturday of the 10th week of Ordinary Time,2,responsorialPsalm,Responsorial Psalm,"Psalm 103:1–2, 3–4, 9–10, 11–12",,,,4,PSA,103,11,12,0
2027-06-12,Saturday of the 10th week of Ordinary Time,3,gospel,Gospel,Matthew 5:33–37,,,,1,MAT,5,33,37,0
2027-06-13,11th Sunday of Ordinary Time,1,firstReading,First Reading,Ezekiel 17:22–24,,,,1,EZK,17,22,24,0
2027-06-13,11th Sunday of Ordinary Time,2,responsorialPsalm,Responsorial Psalm,"Psalm 92:2–3, 13–14, 15–16",,,,1,PSA,92,1,2,1
2027-06-13,11th Sunday of Ordinary Time,2,responsorialPsalm,Responsorial Psalm,"Psalm 92:2–3, 13–14, 15–16",,,,2,PSA,92,12,13,1
2027-06-13,11th Sunday of Ordinary Time,2,responsorialPsalm,Responsorial Psalm,"Psalm 92:2–3, 13–14, 15–16",,,,3,PSA,92,14,15,1
2027-06-13,11th Sunday of Ordinary Time,3,secondReading,Second Reading,2 Corinthians 5:6–10,,,,1,2CO,5,6,10,0
2027-06-13,11th Sunday of Ordinary Time,4,gospel,Gospel,Mark 4:26–34,,,,1,MRK,4,26,34,0
2027-06-14,Monday of the 11th week of Ordinary Time,1,firstReading,First Reading,2 Corinthians 6:1–10,,,,1,2CO,6,1,10,0
2027-06-14,Monday of the 11th week of Ordinary Time,2,responsorialPsalm,Responsorial Psalm,"Psalm 98:1, 2b, 3ab, 3cd-4",,,,1,PSA,98,1,1,0
2027-06-14,Monday of the 11th week of Ordinary Time,2,responsorialPsalm,Responsorial Psalm,"Psalm 98:1, 2b, 3ab, 3cd-4",,,,2,PSA,98,2,2,0
2027-06-14,Monday of the 11th week of Ordinary Time,2,responsorialPsalm,Responsorial Psalm,"Psalm 98:1, 2b, 3ab, 3cd-4",,,,3,PSA,98,3,3,0
2027-06-14,Monday of the 11th week of Ordinary Time,2,responsorialPsalm,Responsorial Psalm,"Psalm 98:1, 2b, 3ab, 3cd-4",,,,4,PSA,98,3,4,0
2027-06-14,Monday of the 11th week of Ordinary Time,3,gospel,Gospel,Matthew 5:38–42,,,,1,MAT,5,38,42,0
2027-06-15,Tuesday of the 11th week of Ordinary Time,1,firstReading,First Reading,2 Corinthians 8:1–9,,,,1,2CO,8,1,9,0
2027-06-15,Tuesday of the 11th week of Ordinary Time,2,responsorialPsalm,Responsorial Psalm,"Psalm 146:2, 5–6ab, 6c- 7, 8–9a",,,,1,PSA,146,2,2,0
2027-06-15,Tuesday of the 11th week of Ordinary Time,2,responsorialPsalm,Responsorial Psalm,"Psalm 146:2, 5–6ab, 6c- 7, 8–9a",,,,2,PSA,146,5,6,0
2027-06-15,Tuesday of the 11th week of Ordinary Time,2,responsorialPsalm,Responsorial Psalm,"Psalm 146:2, 5–6ab, 6c- 7, 8–9a",,,,3,PSA,146,6,7,0
2027-06-15,Tuesday of the 11th week of Ordinary Time,2,responsorialPsalm,Responsorial Psalm,"Psalm 146:2, 5–6ab, 6c- 7, 8–9a",,,,4,PSA,146,8,9,0
2027-06-15,Tuesday of the 11th week of Ordinary Time,3,gospel,Gospel,Matthew 5:43–48,,,,1,MAT,5,43,48,0
2027-06-16,Wednesday of the 11th week of Ordinary Time,1,firstReading,First Reading,2 Corinthians 9:6–11,,,,1,2CO,9,6,11,0
2027-06-16,Wednesday of the 11th week of Ordinary Time,2,responsorialPsalm,Responsorial Psalm,"Psalm 112:1bc-2, 3–4, 9",,,,1,PSA,112,1,2,0
2027-06-16,Wednesday of the 11th week of Ordinary Time,2,responsorialPsalm,Responsorial Psalm,"Psalm 112:1bc-2, 3–4, 9",,,,2,PSA,112,3,4,0
2027-06-16,Wednesday of the 11th week of Ordinary Time,2,responsorialPsalm,Responsorial Psalm,"Psalm 112:1bc-2, 3–4, 9",,,,3,PSA,112,9,9,0
2027-06-16,Wednesday of the 11th week of Ordinary Time,3,gospel,Gospel,"Matthew 6:1–6, 16–18",,,,1,MAT,6,1,6,0
2027-06-16,Wednesday of the 11th week of Ordinary Time,3,gospel,Gospel,"Matthew 6:1–6, 16–18",,,,2,MAT,6,16,18,0
2027-06-17,Thursday of the 11th week of Ordinary Time,1,firstReading,First Reading,2 Corinthians 11:1–11,,,,1,2CO,11,1,11,0
2027-06-17,Thursday of the 11th week of Ordinary Time,2,responsorialPsalm,Responsorial Psalm,"Psalm 111:1b-2, 3–4, 7–8",,,,1,PSA,111,1,2,0
2027-06-17,Thursday of the 11th week of Ordinary Time,2,responsorialPsalm,Responsorial Psalm,"Psalm 111:1b-2, 3–4, 7–8",,,,2,PSA,111,3,4,0
2027-06-17,Thursday of the 11th week of Ordinary Time,2,responsorialPsalm,Responsorial Psalm,"Psalm 111:1b-2, 3–4, 7–8",,,,3,PSA,111,7,8,0
2027-06-17,Thursday of the 11th week of Ordinary Time,3,gospel,Gospel,Matthew 6:7–15,,,,1,MAT,6,7,15,0
2027-06-18,Friday of the 11th week of Ordinary Time,1,firstReading,First Reading,"2 Corinthians 11:18, 21–30",,,,1,2CO,11,18,18,0
2027-06-18,Friday of the 11th week of Ordinary Time,1,firstReading,First Reading,"2 Corinthians 11:18, 21–30",,,,2,2CO,11,21,30,0
2027-06-18,Friday of the 11th week of Ordinary Time,2,responsorialPsalm,Responsorial Psalm,"Psalm 34:2–3, 4–5, 6–7",,,,1,PSA,34,2,3,0
2027-06-18,Friday of the 11th week of Ordinary Time,2,responsorialPsalm,Responsorial Psalm,"Psalm 34:2–3, 4–5, 6–7",,,,2,PSA,34,4,5,0
2027-06-18,Friday of the 11th week of Ordinary Time,2,responsorialPsalm,Responsorial Psalm,"Psalm 34:2–3, 4–5, 6–7",,,,3,PSA,34,6,7,0
2027-06-18,Friday of the 11th week of Ordinary Time,3,gospel,Gospel,Matthew 6:19–23,,,,1,MAT,6,19,23,0
2027-06-19,"Saint Romuald, Abbot",1,firstReading,First Reading,2 Corinthians 12:1–10,,,,1,2CO,12,1,10,0
2027-06-19,"Saint Romuald, Abbot",2,responsorialPsalm,Responsorial Psalm,"Psalm 34:8–9, 10–11, 12–13",,,,1,PSA,34,8,9,0
2027-06-19,"Saint Romuald, Abbot",2,responsorialPsalm,Responsorial Psalm,"Psalm 34:8–9, 10–11, 12–13",,,,2,PSA,34,10,11,0
2027-06-19,"Saint Romuald, Abbot",2,responsorialPsalm,Responsorial Psalm,"Psalm 34:8–9, 10–11, 12–13",,,,3,PSA,34,12,13,0
2027-06-19,"Saint Romuald, Abbot",3,gospel,Gospel,Matthew 6:24–34,,,,1,MAT,6,24,34,0
2027-06-20,12th Sunday of Ordinary Time,1,firstReading,First Reading,"Job 38:1, 8–11",,,,1,JOB,38,1,1,0
2027-06-20,12th Sunday of Ordinary Time,1,firstReading,First Reading,"Job 38:1, 8–11",,,,2,JOB,38,8,11,0
2027-06-20,12th Sunday of Ordinary Time,2,responsorialPsalm,Responsorial Psalm,"Psalm 107:23–24, 25–26, 28–29, 30–31",,,,1,PSA,107,23,24,0
2027-06-20,12th Sunday of Ordinary Time,2,responsorialPsalm,Responsorial Psalm,"Psalm 107:23–24, 25–26, 28–29, 30–31",,,,2,PSA,107,25,26,0
2027-06-20,12th Sunday of Ordinary Time,2,responsorialPsalm,Responsorial Psalm,"Psalm 107:23–24, 25–26, 28–29, 30–31",,,,3,PSA,107,28,29,0
2027-06-20,12th Sunday of Ordinary Time,2,responsorialPsalm,Responsorial Psalm,"Psalm 107:23–24, 25–26, 28–29, 30–31",,,,4,PSA,107,30,31,0
2027-06-20,12th Sunday of Ordinary Time,3,secondReading,Second Reading,2 Corinthians 5:14–17,,,,1,2CO,5,14,17,0
2027-06-20,12th Sunday of Ordinary Time,4,gospel,Gospel,Mark 4:35–41,,,,1,MRK,4,35,41,0
2027-06-21,"Saint Aloysius Gonzaga, Religious",1,firstReading,First Reading,Genesis 12:1–9,,,,1,GEN,12,1,9,0
2027-06-21,"Saint Aloysius Gonzaga, Religious",2,responsorialPsalm,Responsorial Psalm,"Psalm 33:12–13, 18–19, 20 and 22",,,,1,PSA,33,12,13,0
2027-06-21,"Saint Aloysius Gonzaga, Religious",2,responsorialPsalm,Responsorial Psalm,"Psalm 33:12–13, 18–19, 20 and 22",,,,2,PSA,33,18,19,0
2027-06-21,"Saint Aloysius Gonzaga, Religious",2,responsorialPsalm,Responsorial Psalm,"Psalm 33:12–13, 18–19, 20 and 22",,,,3,PSA,33,20,20,0
2027-06-21,"Saint Aloysius Gonzaga, Religious",2,responsorialPsalm,Responsorial Psalm,"Psalm 33:12–13, 18–19, 20 and 22",,,,4,PSA,33,22,22,0
2027-06-21,"Saint Aloysius Gonzaga, Religious",3,gospel,Gospel,Matthew 7:1–5,,,,1,MAT,7,1,5,0
2027-06-22,"Saint Paulinus of Nola, Bishop/Saints John Fisher, Bishop and Thomas More, Martyrs",1,firstReading,First Reading,"Genesis 13:2, 5–18",,,,1,GEN,13,2,2,0
2027-06-22,"Saint Paulinus of Nola, Bishop/Saints John Fisher, Bishop and Thomas More, Martyrs",1,firstReading,First Reading,"Genesis 13:2, 5–18",,,,2,GEN,13,5,18,0
2027-06-22,"Saint Paulinus of Nola, Bishop/Saints John Fisher, Bishop and Thomas More, Martyrs",2,responsorialPsalm,Responsorial Psalm,"Psalm 15:2–3a, 3bc-4ab, 5",,,,1,PSA,15,2,3,0
2027-06-22,"Saint Paulinus of Nola, Bishop/Saints John Fisher, Bishop and Thomas More, Martyrs",2,responsorialPsalm,Responsorial Psalm,"Psalm 15:2–3a, 3bc-4ab, 5",,,,2,PSA,15,3,4,0
2027-06-22,"Saint Paulinus of Nola, Bishop/Saints John Fisher, Bishop and Thomas More, Martyrs",2,responsorialPsalm,Responsorial Psalm,"Psalm 15:2–3a, 3bc-4ab, 5",,,,3,PSA,15,5,5,0
2027-06-22,"Saint Paulinus of Nola, Bishop/Saints John Fisher, Bishop and Thomas More, Martyrs",3,gospel,Gospel,"Matthew 7:6, 12–14",,,,1,MAT,7,6,6,0
2027-06-22,"Saint Paulinus of Nola, Bishop/Saints John Fisher, Bishop and Thomas More, Martyrs",3,gospel,Gospel,"Matthew 7:6, 12–14",,,,2,MAT,7,12,14,0
2027-06-23,Wednesday of the 12th week of Ordinary Time,1,firstReading,First Reading,"Genesis 15:1–12, 17–18",,,,1,GEN,15,1,12,0
2027-06-23,Wednesday of the 12th week of Ordinary Time,1,firstReading,First Reading,"Genesis 15:1–12, 17–18",,,,2,GEN,15,17,18,0
2027-06-23,Wednesday of the 12th week of Ordinary Time,2,responsorialPsalm,Responsorial Psalm,"Psalm 105:1–2, 3–4, 6–7, 8–9",,,,1,PSA,105,1,2,0
2027-06-23,Wednesday of the 12th week of Ordinary Time,2,responsorialPsalm,Responsorial Psalm,"Psalm 105:1–2, 3–4, 6–7, 8–9",,,,2,PSA,105,3,4,0
2027-06-23,Wednesday of the 12th week of Ordinary Time,2,responsorialPsalm,Responsorial Psalm,"Psalm 105:1–2, 3–4, 6–7, 8–9",,,,3,PSA,105,6,7,0
2027-06-23,Wednesday of the 12th week of Ordinary Time,2,responsorialPsalm,Responsorial Psalm,"Psalm 105:1–2, 3–4, 6–7, 8–9",,,,4,PSA,105,8,9,0
2027-06-23,Wednesday of the 12th week of Ordinary Time,3,gospel,Gospel,Matthew 7:15–20,,,,1,MAT,7,15,20,0
2027-06-24,Birth of John the Baptist,1,firstReading,First Reading,Isaiah 49:1–6,,,,1,ISA,49,1,6,0
2027-06-24,Birth of John the Baptist,2,responsorialPsalm,Responsorial Psalm,"Psalm 139:1b-3, 13–14ab, 14c-15",,,,1,PSA,139,1,3,0
2027-06-24,Birth of John the Baptist,2,responsorialPsalm,Responsorial Psalm,"Psalm 139:1b-3, 13–14ab, 14c-15",,,,2,PSA,139,13,14,0
2027-06-24,Birth of John the Baptist,2,responsorialPsalm,Responsorial Psalm,"Psalm 139:1b-3, 13–14ab, 14c-15",,,,3,PSA,139,14,15,0
2027-06-24,Birth of John the Baptist,3,secondReading,Second Reading,Acts 13:22–26,,,,1,ACT,13,22,26,0
2027-06-24,Birth of John the Baptist,4,gospel,Gospel,"Luke 1:57–66, 80",,,,1,LUK,1,57,66,0
2027-06-24,Birth of John the Baptist,4,gospel,Gospel,"Luke 1:57–66, 80",,,,2,LUK,1,80,80,0
2027-06-25,Friday of the 12th week of Ordinary Time,1,firstReading,First Reading,"Genesis 17:1, 9–10, 15–22",,,,1,GEN,17,1,1,0
2027-06-25,Friday of the 12th week of Ordinary Time,1,firstReading,First Reading,"Genesis 17:1, 9–10, 15–22",,,,2,GEN,17,9,10,0
2027-06-25,Friday of the 12th week of Ordinary Time,1,firstReading,First Reading,"Genesis 17:1, 9–10, 15–22",,,,3,GEN,17,15,22,0
2027-06-25,Friday of the 12th week of Ordinary Time,2,responsorialPsalm,Responsorial Psalm,"Psalm 128:1–2, 3, 4–5",,,,1,PSA,128,1,2,0
2027-06-25,Friday of the 12th week of Ordinary Time,2,responsorialPsalm,Responsorial Psalm,"Psalm 128:1–2, 3, 4–5",,,,2,PSA,128,3,3,0
2027-06-25,Friday of the 12th week of Ordinary Time,2,responsorialPsalm,Responsorial Psalm,"Psalm 128:1–2, 3, 4–5",,,,3,PSA,128,4,5,0
2027-06-25,Friday of the 12th week of Ordinary Time,3,gospel,Gospel,Matthew 8:1–4,,,,1,MAT,8,1,4,0
2027-06-26,Saturday of the 12th week of Ordinary Time,1,firstReading,First Reading,Genesis 18:1–15,,,,1,GEN,18,1,15,0
2027-06-26,Saturday of the 12th week of Ordinary Time,2,responsorialPsalm,Responsorial Psalm,"Luke 1:46–47, 48–49, 50 and 53, 54–55",,,,1,LUK,1,46,47,0
2027-06-26,Saturday of the 12th week of Ordinary Time,2,responsorialPsalm,Responsorial Psalm,"Luke 1:46–47, 48–49, 50 and 53, 54–55",,,,2,LUK,1,48,49,0
2027-06-26,Saturday of the 12th week of Ordinary Time,2,responsorialPsalm,Responsorial Psalm,"Luke 1:46–47, 48–49, 50 and 53, 54–55",,,,3,LUK,1,50,50,0
2027-06-26,Saturday of the 12th week of Ordinary Time,2,responsorialPsalm,Responsorial Psalm,"Luke 1:46–47, 48–49, 50 and 53, 54–55",,,,4,LUK,1,53,53,0
2027-06-26,Saturday of the 12th week of Ordinary Time,2,responsorialPsalm,Responsorial Psalm,"Luke 1:46–47, 48–49, 50 and 53, 54–55",,,,5,LUK,1,54,55,0
2027-06-26,Saturday of the 12th week of Ordinary Time,3,gospel,Gospel,Matthew 8:5–17,,,,1,MAT,8,5,17,0
2027-06-27,13th Sunday of Ordinary Time,1,firstReading,First Reading,Wisdom 1:13–15; 2:23–24,,,,1,WIS,1,13,15,0
2027-06-27,13th Sunday of Ordinary Time,1,firstReading,First Reading,Wisdom 1:13–15; 2:23–24,,,,2,WIS,2,23,24,0
2027-06-27,13th Sunday of Ordinary Time,2,responsorialPsalm,Responsorial Psalm,"Psalm 30:2, 4, 5–6, 11, 12, 13",,,,1,PSA,30,1,1,1
2027-06-27,13th Sunday of Ordinary Time,2,responsorialPsalm,Responsorial Psalm,"Psalm 30:2, 4, 5–6, 11, 12, 13",,,,2,PSA,30,3,3,1
2027-06-27,13th Sunday of Ordinary Time,2,responsorialPsalm,Responsorial Psalm,"Psalm 30:2, 4, 5–6, 11, 12, 13",,,,3,PSA,30,4,5,1
2027-06-27,13th Sunday of Ordinary Time,2,responsorialPsalm,Responsorial Psalm,"Psalm 30:2, 4, 5–6, 11, 12, 13",,,,4,PSA,30,10,10,1
2027-06-27,13th Sunday of Ordinary Time,2,responsorialPsalm,Responsorial Psalm,"Psalm 30:2, 4, 5–6, 11, 12, 13",,,,5,PSA,30,11,11,1
2027-06-27,13th Sunday of Ordinary Time,2,responsorialPsalm,Responsorial Psalm,"Psalm 30:2, 4, 5–6, 11, 12, 13",,,,6,PSA,30,12,12,1
2027-06-27,13th Sunday of Ordinary Time,3,secondReading,Second Reading,"2 Corinthians 8:7, 9, 13–15",,,,1,2CO,8,7,7,0
2027-06-27,13th Sunday of Ordinary Time,3,secondReading,Second Reading,"2 Corinthians 8:7, 9, 13–15",,,,2,2CO,8,9,9,0
2027-06-27,13th Sunday of Ordinary Time,3,secondReading,Second Reading,"2 Corinthians 8:7, 9, 13–15",,,,3,2CO,8,13,15,0
2027-06-27,13th Sunday of Ordinary Time,4,gospel,Gospel — Choice One,Mark 5:21–43,,gospel,Choice One,1,MRK,5,21,43,0
2027-06-27,13th Sunday of Ordinary Time,5,gospel,Gospel — Choice Two,"Mark 5:21–24, 35b–43",,gospel,Choice Two,1,MRK,5,21,24,0
2027-06-27,13th Sunday of Ordinary Time,5,gospel,Gospel — Choice Two,"Mark 5:21–24, 35b–43",,gospel,Choice Two,2,MRK,5,35,43,0
2027-06-28,"Saint Irenaeus, Bishop and Martyr",1,firstReading,First Reading,Genesis 18:16–33,,,,1,GEN,18,16,33,0
2027-06-28,"Saint Irenaeus, Bishop and Martyr",2,responsorialPsalm,Responsorial Psalm,"Psalm 103:1b-2, 3–4, 8–9, 10–11",,,,1,PSA,103,1,2,0
2027-06-28,"Saint Irenaeus, Bishop and Martyr",2,responsorialPsalm,Responsorial Psalm,"Psalm 103:1b-2, 3–4, 8–9, 10–11",,,,2,PSA,103,3,4,0
2027-06-28,"Saint Irenaeus, Bishop and Martyr",2,responsorialPsalm,Responsorial Psalm,"Psalm 103:1b-2, 3–4, 8–9, 10–11",,,,3,PSA,103,8,9,0
2027-06-28,"Saint Irenaeus, Bishop and Martyr",2,responsorialPsalm,Responsorial Psalm,"Psalm 103:1b-2, 3–4, 8–9, 10–11",,,,4,PSA,103,10,11,0
2027-06-28,"Saint Irenaeus, Bishop and Martyr",3,gospel,Gospel,Matthew 8:18–22,,,,1,MAT,8,18,22,0
2027-06-29,"Saints Peter and Paul, Apostles",1,firstReading,First Reading,Acts 12:1–11,,,,1,ACT,12,1,11,0
2027-06-29,"Saints Peter and Paul, Apostles",2,responsorialPsalm,Responsorial Psalm,"Psalm 34:2–3, 4–5, 6–7, 8–9",,,,1,PSA,34,2,3,0
2027-06-29,"Saints Peter and Paul, Apostles",2,responsorialPsalm,Responsorial Psalm,"Psalm 34:2–3, 4–5, 6–7, 8–9",,,,2,PSA,34,4,5,0
2027-06-29,"Saints Peter and Paul, Apostles",2,responsorialPsalm,Responsorial Psalm,"Psalm 34:2–3, 4–5, 6–7, 8–9",,,,3,PSA,34,6,7,0
2027-06-29,"Saints Peter and Paul, Apostles",2,responsorialPsalm,Responsorial Psalm,"Psalm 34:2–3, 4–5, 6–7, 8–9",,,,4,PSA,34,8,9,0
2027-06-29,"Saints Peter and Paul, Apostles",3,secondReading,Second Reading,"2 Timothy 4:6–8, 17–18",,,,1,2TI,4,6,8,0
2027-06-29,"Saints Peter and Paul, Apostles",3,secondReading,Second Reading,"2 Timothy 4:6–8, 17–18",,,,2,2TI,4,17,18,0
2027-06-29,"Saints Peter and Paul, Apostles",4,gospel,Gospel,Matthew 16:13–19,,,,1,MAT,16,13,19,0
2027-06-30,First Martyrs of the Church of Rome,1,firstReading,First Reading,"Genesis 21:5, 8–20a",,,,1,GEN,21,5,5,0
2027-06-30,First Martyrs of the Church of Rome,1,firstReading,First Reading,"Genesis 21:5, 8–20a",,,,2,GEN,21,8,20,0
2027-06-30,First Martyrs of the Church of Rome,2,responsorialPsalm,Responsorial Psalm,"Psalm 34:7–8, 10–11, 12–13",,,,1,PSA,34,7,8,0
2027-06-30,First Martyrs of the Church of Rome,2,responsorialPsalm,Responsorial Psalm,"Psalm 34:7–8, 10–11, 12–13",,,,2,PSA,34,10,11,0
2027-06-30,First Martyrs of the Church of Rome,2,responsorialPsalm,Responsorial Psalm,"Psalm 34:7–8, 10–11, 12–13",,,,3,PSA,34,12,13,0
2027-06-30,First Martyrs of the Church of Rome,3,gospel,Gospel,Matthew 8:28–34,,,,1,MAT,8,28,34,0
2027-07-01,Thursday of the 13th week of Ordinary Time,1,firstReading,First Reading,Genesis 22:1b-19,,,,1,GEN,22,1,19,0
2027-07-01,Thursday of the 13th week of Ordinary Time,2,responsorialPsalm,Responsorial Psalm,"Psalm 115:1–2, 3–4, 5–6, 8–9",,,,1,PSA,115,1,2,0
2027-07-01,Thursday of the 13th week of Ordinary Time,2,responsorialPsalm,Responsorial Psalm,"Psalm 115:1–2, 3–4, 5–6, 8–9",,,,2,PSA,115,3,4,0
2027-07-01,Thursday of the 13th week of Ordinary Time,2,responsorialPsalm,Responsorial Psalm,"Psalm 115:1–2, 3–4, 5–6, 8–9",,,,3,PSA,115,5,6,0
2027-07-01,Thursday of the 13th week of Ordinary Time,2,responsorialPsalm,Responsorial Psalm,"Psalm 115:1–2, 3–4, 5–6, 8–9",,,,4,PSA,115,8,9,0
2027-07-01,Thursday of the 13th week of Ordinary Time,3,gospel,Gospel,Matthew 9:1–8,,,,1,MAT,9,1,8,0
2027-07-02,Friday of the 13th week of Ordinary Time,1,firstReading,First Reading,"Genesis 23:1–4, 19; 24:1–8, 62–67",,,,1,GEN,23,1,4,0
2027-07-02,Friday of the 13th week of Ordinary Time,1,firstReading,First Reading,"Genesis 23:1–4, 19; 24:1–8, 62–67",,,,2,GEN,23,19,19,0
2027-07-02,Friday of the 13th week of Ordinary Time,1,firstReading,First Reading,"Genesis 23:1–4, 19; 24:1–8, 62–67",,,,3,GEN,24,1,8,0
2027-07-02,Friday of the 13th week of Ordinary Time,1,firstReading,First Reading,"Genesis 23:1–4, 19; 24:1–8, 62–67",,,,4,GEN,24,62,67,0
2027-07-02,Friday of the 13th week of Ordinary Time,2,responsorialPsalm,Responsorial Psalm,"Psalm 106:1b-2, 3–4a, 4b-5",,,,1,PSA,106,1,2,0
2027-07-02,Friday of the 13th week of Ordinary Time,2,responsorialPsalm,Responsorial Psalm,"Psalm 106:1b-2, 3–4a, 4b-5",,,,2,PSA,106,3,4,0
2027-07-02,Friday of the 13th week of Ordinary Time,2,responsorialPsalm,Responsorial Psalm,"Psalm 106:1b-2, 3–4a, 4b-5",,,,3,PSA,106,4,5,0
2027-07-02,Friday of the 13th week of Ordinary Time,3,gospel,Gospel,Matthew 9:9–13,,,,1,MAT,9,9,13,0
2027-07-03,Saint Thomas the Apostle,1,firstReading,First Reading,Ephesians 2:19–22,,,,1,EPH,2,19,22,0
2027-07-03,Saint Thomas the Apostle,2,responsorialPsalm,Responsorial Psalm,"Psalm 117:1bc, 2",,,,1,PSA,117,1,1,0
2027-07-03,Saint Thomas the Apostle,2,responsorialPsalm,Responsorial Psalm,"Psalm 117:1bc, 2",,,,2,PSA,117,2,2,0
2027-07-03,Saint Thomas the Apostle,3,gospel,Gospel,John 20:24–29,,,,1,JHN,20,24,29,0
2027-07-04,14th Sunday of Ordinary Time,1,firstReading,First Reading,Ezekiel 2:2–5,,,,1,EZK,2,2,5,0
2027-07-04,14th Sunday of Ordinary Time,2,responsorialPsalm,Responsorial Psalm,"Psalm 123:1–2, 2, 3–4",,,,1,PSA,123,1,2,0
2027-07-04,14th Sunday of Ordinary Time,2,responsorialPsalm,Responsorial Psalm,"Psalm 123:1–2, 2, 3–4",,,,2,PSA,123,2,2,0
2027-07-04,14th Sunday of Ordinary Time,2,responsorialPsalm,Responsorial Psalm,"Psalm 123:1–2, 2, 3–4",,,,3,PSA,123,3,4,0
2027-07-04,14th Sunday of Ordinary Time,3,secondReading,Second Reading,2 Corinthians 12:7–10,,,,1,2CO,12,7,10,0
2027-07-04,14th Sunday of Ordinary Time,4,gospel,Gospel,Mark 6:1–6,,,,1,MRK,6,1,6,0
2027-07-05,"Saint Anthony Zaccaria, Priest",1,firstReading,First Reading,Genesis 28:10–22a,,,,1,GEN,28,10,22,0
2027-07-05,"Saint Anthony Zaccaria, Priest",2,responsorialPsalm,Responsorial Psalm,"Psalm 91:1–2, 3–4, 14–15ab",,,,1,PSA,91,1,2,0
2027-07-05,"Saint Anthony Zaccaria, Priest",2,responsorialPsalm,Responsorial Psalm,"Psalm 91:1–2, 3–4, 14–15ab",,,,2,PSA,91,3,4,0
2027-07-05,"Saint Anthony Zaccaria, Priest",2,responsorialPsalm,Responsorial Psalm,"Psalm 91:1–2, 3–4, 14–15ab",,,,3,PSA,91,14,15,0
2027-07-05,"Saint Anthony Zaccaria, Priest",3,gospel,Gospel,Matthew 9:18–26,,,,1,MAT,9,18,26,0
2027-07-06,"Saint Maria Goretti, Virgin and Martyr",1,firstReading,First Reading,Genesis 32:23–33,,,,1,GEN,32,22,32,1
2027-07-06,"Saint Maria Goretti, Virgin and Martyr",2,responsorialPsalm,Responsorial Psalm,"Psalm 17:1b, 2–3, 6–7ab, 8b and 15",,,,1,PSA,17,1,1,0
2027-07-06,"Saint Maria Goretti, Virgin and Martyr",2,responsorialPsalm,Responsorial Psalm,"Psalm 17:1b, 2–3, 6–7ab, 8b and 15",,,,2,PSA,17,2,3,0
2027-07-06,"Saint Maria Goretti, Virgin and Martyr",2,responsorialPsalm,Responsorial Psalm,"Psalm 17:1b, 2–3, 6–7ab, 8b and 15",,,,3,PSA,17,6,7,0
2027-07-06,"Saint Maria Goretti, Virgin and Martyr",2,responsorialPsalm,Responsorial Psalm,"Psalm 17:1b, 2–3, 6–7ab, 8b and 15",,,,4,PSA,17,8,8,0
2027-07-06,"Saint Maria Goretti, Virgin and Martyr",2,responsorialPsalm,Responsorial Psalm,"Psalm 17:1b, 2–3, 6–7ab, 8b and 15",,,,5,PSA,17,15,15,0
2027-07-06,"Saint Maria Goretti, Virgin and Martyr",3,gospel,Gospel,Matthew 9:32–38,,,,1,MAT,9,32,38,0
2027-07-07,Wednesday of the 14th week of Ordinary Time,1,firstReading,First Reading,"Genesis 41:55–57; 42:5–7a, 17–24a",,,,1,GEN,41,55,57,0
2027-07-07,Wednesday of the 14th week of Ordinary Time,1,firstReading,First Reading,"Genesis 41:55–57; 42:5–7a, 17–24a",,,,2,GEN,42,5,7,0
2027-07-07,Wednesday of the 14th week of Ordinary Time,1,firstReading,First Reading,"Genesis 41:55–57; 42:5–7a, 17–24a",,,,3,GEN,42,17,24,0
2027-07-07,Wednesday of the 14th week of Ordinary Time,2,responsorialPsalm,Responsorial Psalm,"Psalm 33:2–3, 10–11, 18–19",,,,1,PSA,33,2,3,0
2027-07-07,Wednesday of the 14th week of Ordinary Time,2,responsorialPsalm,Responsorial Psalm,"Psalm 33:2–3, 10–11, 18–19",,,,2,PSA,33,10,11,0
2027-07-07,Wednesday of the 14th week of Ordinary Time,2,responsorialPsalm,Responsorial Psalm,"Psalm 33:2–3, 10–11, 18–19",,,,3,PSA,33,18,19,0
2027-07-07,Wednesday of the 14th week of Ordinary Time,3,gospel,Gospel,Matthew 10:1–7,,,,1,MAT,10,1,7,0
2027-07-08,Thursday of the 14th week of Ordinary Time,1,firstReading,First Reading,"Genesis 44:18–21, 23b-29; 45:1–5",,,,1,GEN,44,18,21,0
2027-07-08,Thursday of the 14th week of Ordinary Time,1,firstReading,First Reading,"Genesis 44:18–21, 23b-29; 45:1–5",,,,2,GEN,44,23,29,0
2027-07-08,Thursday of the 14th week of Ordinary Time,1,firstReading,First Reading,"Genesis 44:18–21, 23b-29; 45:1–5",,,,3,GEN,45,1,5,0
2027-07-08,Thursday of the 14th week of Ordinary Time,2,responsorialPsalm,Responsorial Psalm,"Psalm 105:16–17, 18–19, 20–21",,,,1,PSA,105,16,17,0
2027-07-08,Thursday of the 14th week of Ordinary Time,2,responsorialPsalm,Responsorial Psalm,"Psalm 105:16–17, 18–19, 20–21",,,,2,PSA,105,18,19,0
2027-07-08,Thursday of the 14th week of Ordinary Time,2,responsorialPsalm,Responsorial Psalm,"Psalm 105:16–17, 18–19, 20–21",,,,3,PSA,105,20,21,0
2027-07-08,Thursday of the 14th week of Ordinary Time,3,gospel,Gospel,Matthew 10:7–15,,,,1,MAT,10,7,15,0
2027-07-09,"Saints Augustine Zhao Rong, Priest, and Companions, Martyrs",1,firstReading,First Reading,"Genesis 46:1–7, 28–30",,,,1,GEN,46,1,7,0
2027-07-09,"Saints Augustine Zhao Rong, Priest, and Companions, Martyrs",1,firstReading,First Reading,"Genesis 46:1–7, 28–30",,,,2,GEN,46,28,30,0
2027-07-09,"Saints Augustine Zhao Rong, Priest, and Companions, Martyrs",2,responsorialPsalm,Responsorial Psalm,"Psalm 37:3–4, 18–19, 27–28, 39–40",,,,1,PSA,37,3,4,0
2027-07-09,"Saints Augustine Zhao Rong, Priest, and Companions, Martyrs",2,responsorialPsalm,Responsorial Psalm,"Psalm 37:3–4, 18–19, 27–28, 39–40",,,,2,PSA,37,18,19,0
2027-07-09,"Saints Augustine Zhao Rong, Priest, and Companions, Martyrs",2,responsorialPsalm,Responsorial Psalm,"Psalm 37:3–4, 18–19, 27–28, 39–40",,,,3,PSA,37,27,28,0
2027-07-09,"Saints Augustine Zhao Rong, Priest, and Companions, Martyrs",2,responsorialPsalm,Responsorial Psalm,"Psalm 37:3–4, 18–19, 27–28, 39–40",,,,4,PSA,37,39,40,0
2027-07-09,"Saints Augustine Zhao Rong, Priest, and Companions, Martyrs",3,gospel,Gospel,Matthew 10:16–23,,,,1,MAT,10,16,23,0
2027-07-10,Saturday of the 14th week of Ordinary Time,1,firstReading,First Reading,Genesis 49:29–32; 50:15–26a,,,,1,GEN,49,29,32,0
2027-07-10,Saturday of the 14th week of Ordinary Time,1,firstReading,First Reading,Genesis 49:29–32; 50:15–26a,,,,2,GEN,50,15,26,0
2027-07-10,Saturday of the 14th week of Ordinary Time,2,responsorialPsalm,Responsorial Psalm,"Psalm 105:1–2, 3–4, 6–7",,,,1,PSA,105,1,2,0
2027-07-10,Saturday of the 14th week of Ordinary Time,2,responsorialPsalm,Responsorial Psalm,"Psalm 105:1–2, 3–4, 6–7",,,,2,PSA,105,3,4,0
2027-07-10,Saturday of the 14th week of Ordinary Time,2,responsorialPsalm,Responsorial Psalm,"Psalm 105:1–2, 3–4, 6–7",,,,3,PSA,105,6,7,0
2027-07-10,Saturday of the 14th week of Ordinary Time,3,gospel,Gospel,Matthew 10:24–33,,,,1,MAT,10,24,33,0
2027-07-11,15th Sunday of Ordinary Time,1,firstReading,First Reading,Amos 7:12–15,,,,1,AMO,7,12,15,0
2027-07-11,15th Sunday of Ordinary Time,2,responsorialPsalm,Responsorial Psalm,"Psalm 85:9–10, 11–12, 13–14",,,,1,PSA,85,8,9,1
2027-07-11,15th Sunday of Ordinary Time,2,responsorialPsalm,Responsorial Psalm,"Psalm 85:9–10, 11–12, 13–14",,,,2,PSA,85,10,11,1
2027-07-11,15th Sunday of Ordinary Time,2,responsorialPsalm,Responsorial Psalm,"Psalm 85:9–10, 11–12, 13–14",,,,3,PSA,85,12,13,1
2027-07-11,15th Sunday of Ordinary Time,3,secondReading,Second Reading — Choice One,Ephesians 1:3–14,,secondReading,Choice One,1,EPH,1,3,14,0
2027-07-11,15th Sunday of Ordinary Time,4,secondReading,Second Reading — Choice Two,Ephesians 1:3–10,,secondReading,Choice Two,1,EPH,1,3,10,0
2027-07-11,15th Sunday of Ordinary Time,5,gospel,Gospel,Mark 6:7–13,,,,1,MRK,6,7,13,0
2027-07-12,Monday of the 15th week of Ordinary Time,1,firstReading,First Reading,"Exodus 1:8–14, 22",,,,1,EXO,1,8,14,0
2027-07-12,Monday of the 15th week of Ordinary Time,1,firstReading,First Reading,"Exodus 1:8–14, 22",,,,2,EXO,1,22,22,0
2027-07-12,Monday of the 15th week of Ordinary Time,2,responsorialPsalm,Responsorial Psalm,"Psalm 124:1b-3, 4–6, 7–8",,,,1,PSA,124,1,3,0
2027-07-12,Monday of the 15th week of Ordinary Time,2,responsorialPsalm,Responsorial Psalm,"Psalm 124:1b-3, 4–6, 7–8",,,,2,PSA,124,4,6,0
2027-07-12,Monday of the 15th week of Ordinary Time,2,responsorialPsalm,Responsorial Psalm,"Psalm 124:1b-3, 4–6, 7–8",,,,3,PSA,124,7,8,0
2027-07-12,Monday of the 15th week of Ordinary Time,3,gospel,Gospel,Matthew 10:34–11:1,,,,1,MAT,10,34,42,0
2027-07-12,Monday of the 15th week of Ordinary Time,3,gospel,Gospel,Matthew 10:34–11:1,,,,2,MAT,11,1,1,0
2027-07-13,"Saint Henry, Bishop and Martyr",1,firstReading,First Reading,Exodus 2:1–15a,,,,1,EXO,2,1,15,0
2027-07-13,"Saint Henry, Bishop and Martyr",2,responsorialPsalm,Responsorial Psalm,"Psalm 69:3, 14, 30–31, 33–34",,,,1,PSA,69,3,3,0
2027-07-13,"Saint Henry, Bishop and Martyr",2,responsorialPsalm,Responsorial Psalm,"Psalm 69:3, 14, 30–31, 33–34",,,,2,PSA,69,14,14,0
2027-07-13,"Saint Henry, Bishop and Martyr",2,responsorialPsalm,Responsorial Psalm,"Psalm 69:3, 14, 30–31, 33–34",,,,3,PSA,69,30,31,0
2027-07-13,"Saint Henry, Bishop and Martyr",2,responsorialPsalm,Responsorial Psalm,"Psalm 69:3, 14, 30–31, 33–34",,,,4,PSA,69,33,34,0
2027-07-13,"Saint Henry, Bishop and Martyr",3,gospel,Gospel,Matthew 11:20–24,,,,1,MAT,11,20,24,0
2027-07-14,"Saint Camillus de Lellis, Priest",1,firstReading,First Reading,"Exodus 3:1–6, 9–12",,,,1,EXO,3,1,6,0
2027-07-14,"Saint Camillus de Lellis, Priest",1,firstReading,First Reading,"Exodus 3:1–6, 9–12",,,,2,EXO,3,9,12,0
2027-07-14,"Saint Camillus de Lellis, Priest",2,responsorialPsalm,Responsorial Psalm,"Psalm 103:1b-2, 3–4, 6–7",,,,1,PSA,103,1,2,0
2027-07-14,"Saint Camillus de Lellis, Priest",2,responsorialPsalm,Responsorial Psalm,"Psalm 103:1b-2, 3–4, 6–7",,,,2,PSA,103,3,4,0
2027-07-14,"Saint Camillus de Lellis, Priest",2,responsorialPsalm,Responsorial Psalm,"Psalm 103:1b-2, 3–4, 6–7",,,,3,PSA,103,6,7,0
2027-07-14,"Saint Camillus de Lellis, Priest",3,gospel,Gospel,Matthew 11:25–27,,,,1,MAT,11,25,27,0
2027-07-15,"Saint Bonaventure, Bishop and Doctor",1,firstReading,First Reading,Exodus 3:13–20,,,,1,EXO,3,13,20,0
2027-07-15,"Saint Bonaventure, Bishop and Doctor",2,responsorialPsalm,Responsorial Psalm,"Psalm 105:1 and 5, 8–9, 24–25, 26–27",,,,1,PSA,105,1,1,0
2027-07-15,"Saint Bonaventure, Bishop and Doctor",2,responsorialPsalm,Responsorial Psalm,"Psalm 105:1 and 5, 8–9, 24–25, 26–27",,,,2,PSA,105,5,5,0
2027-07-15,"Saint Bonaventure, Bishop and Doctor",2,responsorialPsalm,Responsorial Psalm,"Psalm 105:1 and 5, 8–9, 24–25, 26–27",,,,3,PSA,105,8,9,0
2027-07-15,"Saint Bonaventure, Bishop and Doctor",2,responsorialPsalm,Responsorial Psalm,"Psalm 105:1 and 5, 8–9, 24–25, 26–27",,,,4,PSA,105,24,25,0
2027-07-15,"Saint Bonaventure, Bishop and Doctor",2,responsorialPsalm,Responsorial Psalm,"Psalm 105:1 and 5, 8–9, 24–25, 26–27",,,,5,PSA,105,26,27,0
2027-07-15,"Saint Bonaventure, Bishop and Doctor",3,gospel,Gospel,Matthew 11:28–30,,,,1,MAT,11,28,30,0
2027-07-16,Our Lady of Mount Carmel,1,firstReading,First Reading,Exodus 11:10–12:14,,,,1,EXO,11,10,10,0
2027-07-16,Our Lady of Mount Carmel,1,firstReading,First Reading,Exodus 11:10–12:14,,,,2,EXO,12,1,14,0
2027-07-16,Our Lady of Mount Carmel,2,responsorialPsalm,Responsorial Psalm,"Psalm 116:12–13, 15 and 16bc, 17–18",,,,1,PSA,116,12,13,0
2027-07-16,Our Lady of Mount Carmel,2,responsorialPsalm,Responsorial Psalm,"Psalm 116:12–13, 15 and 16bc, 17–18",,,,2,PSA,116,15,15,0
2027-07-16,Our Lady of Mount Carmel,2,responsorialPsalm,Responsorial Psalm,"Psalm 116:12–13, 15 and 16bc, 17–18",,,,3,PSA,116,16,16,0
2027-07-16,Our Lady of Mount Carmel,2,responsorialPsalm,Responsorial Psalm,"Psalm 116:12–13, 15 and 16bc, 17–18",,,,4,PSA,116,17,18,0
2027-07-16,Our Lady of Mount Carmel,3,gospel,Gospel,Matthew 12:1–8,,,,1,MAT,12,1,8,0
2027-07-17,Saturday of the 15th week of Ordinary Time,1,firstReading,First Reading,Exodus 12:37–42,,,,1,EXO,12,37,42,0
2027-07-17,Saturday of the 15th week of Ordinary Time,2,responsorialPsalm,Responsorial Psalm,"Psalm 136:1 and 23–24, 10–12, 13–15",,,,1,PSA,136,1,1,0
2027-07-17,Saturday of the 15th week of Ordinary Time,2,responsorialPsalm,Responsorial Psalm,"Psalm 136:1 and 23–24, 10–12, 13–15",,,,2,PSA,136,23,24,0
2027-07-17,Saturday of the 15th week of Ordinary Time,2,responsorialPsalm,Responsorial Psalm,"Psalm 136:1 and 23–24, 10–12, 13–15",,,,3,PSA,136,10,12,0
2027-07-17,Saturday of the 15th week of Ordinary Time,2,responsorialPsalm,Responsorial Psalm,"Psalm 136:1 and 23–24, 10–12, 13–15",,,,4,PSA,136,13,15,0
2027-07-17,Saturday of the 15th week of Ordinary Time,3,gospel,Gospel,Matthew 12:14–21,,,,1,MAT,12,14,21,0
2027-07-18,16th Sunday of Ordinary Time,1,firstReading,First Reading,Jeremiah 23:1–6,,,,1,JER,23,1,6,0
2027-07-18,16th Sunday of Ordinary Time,2,responsorialPsalm,Responsorial Psalm,"Psalm 23:1–3, 3–4, 5, 6",,,,1,PSA,23,1,3,0
2027-07-18,16th Sunday of Ordinary Time,2,responsorialPsalm,Responsorial Psalm,"Psalm 23:1–3, 3–4, 5, 6",,,,2,PSA,23,3,4,0
2027-07-18,16th Sunday of Ordinary Time,2,responsorialPsalm,Responsorial Psalm,"Psalm 23:1–3, 3–4, 5, 6",,,,3,PSA,23,5,5,0
2027-07-18,16th Sunday of Ordinary Time,2,responsorialPsalm,Responsorial Psalm,"Psalm 23:1–3, 3–4, 5, 6",,,,4,PSA,23,6,6,0
2027-07-18,16th Sunday of Ordinary Time,3,secondReading,Second Reading,Ephesians 2:13–18,,,,1,EPH,2,13,18,0
2027-07-18,16th Sunday of Ordinary Time,4,gospel,Gospel,Mark 6:30–34,,,,1,MRK,6,30,34,0
2027-07-19,Monday of the 16th week of Ordinary Time,1,firstReading,First Reading,Exodus 14:5–18,,,,1,EXO,14,5,18,0
2027-07-19,Monday of the 16th week of Ordinary Time,2,responsorialPsalm,Responsorial Psalm,"Exodus 15:1bc-2, 3–4, 5–6",,,,1,EXO,15,1,2,0
2027-07-19,Monday of the 16th week of Ordinary Time,2,responsorialPsalm,Responsorial Psalm,"Exodus 15:1bc-2, 3–4, 5–6",,,,2,EXO,15,3,4,0
2027-07-19,Monday of the 16th week of Ordinary Time,2,responsorialPsalm,Responsorial Psalm,"Exodus 15:1bc-2, 3–4, 5–6",,,,3,EXO,15,5,6,0
2027-07-19,Monday of the 16th week of Ordinary Time,3,gospel,Gospel,Matthew 12:38–42,,,,1,MAT,12,38,42,0
2027-07-20,Saint Apollinaris,1,firstReading,First Reading,Exodus 14:21–15:1,,,,1,EXO,14,21,31,0
2027-07-20,Saint Apollinaris,1,firstReading,First Reading,Exodus 14:21–15:1,,,,2,EXO,15,1,1,0
2027-07-20,Saint Apollinaris,2,responsorialPsalm,Responsorial Psalm,"Exodus 15:8–9, 10 and 12, 17",,,,1,EXO,15,8,9,0
2027-07-20,Saint Apollinaris,2,responsorialPsalm,Responsorial Psalm,"Exodus 15:8–9, 10 and 12, 17",,,,2,EXO,15,10,10,0
2027-07-20,Saint Apollinaris,2,responsorialPsalm,Responsorial Psalm,"Exodus 15:8–9, 10 and 12, 17",,,,3,EXO,15,12,12,0
2027-07-20,Saint Apollinaris,2,responsorialPsalm,Responsorial Psalm,"Exodus 15:8–9, 10 and 12, 17",,,,4,EXO,15,17,17,0
2027-07-20,Saint Apollinaris,3,gospel,Gospel,Matthew 12:46–50,,,,1,MAT,12,46,50,0
2027-07-21,"Saint Lawrence of Brindisi, Priest and Doctor",1,firstReading,First Reading,"Exodus 16:1–5, 9–15",,,,1,EXO,16,1,5,0
2027-07-21,"Saint Lawrence of Brindisi, Priest and Doctor",1,firstReading,First Reading,"Exodus 16:1–5, 9–15",,,,2,EXO,16,9,15,0
2027-07-21,"Saint Lawrence of Brindisi, Priest and Doctor",2,responsorialPsalm,Responsorial Psalm,"Psalm 78:18–19, 23–24, 25–26, 27–28",,,,1,PSA,78,18,19,0
2027-07-21,"Saint Lawrence of Brindisi, Priest and Doctor",2,responsorialPsalm,Responsorial Psalm,"Psalm 78:18–19, 23–24, 25–26, 27–28",,,,2,PSA,78,23,24,0
2027-07-21,"Saint Lawrence of Brindisi, Priest and Doctor",2,responsorialPsalm,Responsorial Psalm,"Psalm 78:18–19, 23–24, 25–26, 27–28",,,,3,PSA,78,25,26,0
2027-07-21,"Saint Lawrence of Brindisi, Priest and Doctor",2,responsorialPsalm,Responsorial Psalm,"Psalm 78:18–19, 23–24, 25–26, 27–28",,,,4,PSA,78,27,28,0
2027-07-21,"Saint Lawrence of Brindisi, Priest and Doctor",3,gospel,Gospel,Matthew 13:1–9,,,,1,MAT,13,1,9,0
2027-07-22,Saint Mary Magdalene,1,firstReading,First Reading,Song of Songs 3:1–4b,,,,1,SNG,3,1,4,0
2027-07-22,Saint Mary Magdalene,2,responsorialPsalm,Responsorial Psalm,"Psalm 63:2, 3–4, 5–6, 8–9",,,,1,PSA,63,2,2,0
2027-07-22,Saint Mary Magdalene,2,responsorialPsalm,Responsorial Psalm,"Psalm 63:2, 3–4, 5–6, 8–9",,,,2,PSA,63,3,4,0
2027-07-22,Saint Mary Magdalene,2,responsorialPsalm,Responsorial Psalm,"Psalm 63:2, 3–4, 5–6, 8–9",,,,3,PSA,63,5,6,0
2027-07-22,Saint Mary Magdalene,2,responsorialPsalm,Responsorial Psalm,"Psalm 63:2, 3–4, 5–6, 8–9",,,,4,PSA,63,8,9,0
2027-07-22,Saint Mary Magdalene,3,gospel,Gospel,"John 20:1–2, 11–18",,,,1,JHN,20,1,2,0
2027-07-22,Saint Mary Magdalene,3,gospel,Gospel,"John 20:1–2, 11–18",,,,2,JHN,20,11,18,0
2027-07-23,"Saint Bridget of Sweden, Religious, Patron of Europe",1,firstReading,First Reading,Exodus 20:1–17,,,,1,EXO,20,1,17,0
2027-07-23,"Saint Bridget of Sweden, Religious, Patron of Europe",2,responsorialPsalm,Responsorial Psalm,"Psalm 19:8, 9, 10, 11",,,,1,PSA,19,8,8,0
2027-07-23,"Saint Bridget of Sweden, Religious, Patron of Europe",2,responsorialPsalm,Responsorial Psalm,"Psalm 19:8, 9, 10, 11",,,,2,PSA,19,9,9,0
2027-07-23,"Saint Bridget of Sweden, Religious, Patron of Europe",2,responsorialPsalm,Responsorial Psalm,"Psalm 19:8, 9, 10, 11",,,,3,PSA,19,10,10,0
2027-07-23,"Saint Bridget of Sweden, Religious, Patron of Europe",2,responsorialPsalm,Responsorial Psalm,"Psalm 19:8, 9, 10, 11",,,,4,PSA,19,11,11,0
2027-07-23,"Saint Bridget of Sweden, Religious, Patron of Europe",3,gospel,Gospel,Matthew 13:18–23,,,,1,MAT,13,18,23,0
2027-07-24,"Saint Charbel Makhlouf, Priest and Hermit",1,firstReading,First Reading,Exodus 24:3–8,,,,1,EXO,24,3,8,0
2027-07-24,"Saint Charbel Makhlouf, Priest and Hermit",2,responsorialPsalm,Responsorial Psalm,"Psalm 50:1b-2, 5–6, 14–15",,,,1,PSA,50,1,2,0
2027-07-24,"Saint Charbel Makhlouf, Priest and Hermit",2,responsorialPsalm,Responsorial Psalm,"Psalm 50:1b-2, 5–6, 14–15",,,,2,PSA,50,5,6,0
2027-07-24,"Saint Charbel Makhlouf, Priest and Hermit",2,responsorialPsalm,Responsorial Psalm,"Psalm 50:1b-2, 5–6, 14–15",,,,3,PSA,50,14,15,0
2027-07-24,"Saint Charbel Makhlouf, Priest and Hermit",3,gospel,Gospel,Matthew 13:24–30,,,,1,MAT,13,24,30,0
2027-07-25,17th Sunday of Ordinary Time,1,firstReading,First Reading,2 Kings 4:42–44,,,,1,2KI,4,42,44,0
2027-07-25,17th Sunday of Ordinary Time,2,responsorialPsalm,Responsorial Psalm,"Psalm 145:10–11, 15–16, 17–18",,,,1,PSA,145,10,11,0
2027-07-25,17th Sunday of Ordinary Time,2,responsorialPsalm,Responsorial Psalm,"Psalm 145:10–11, 15–16, 17–18",,,,2,PSA,145,15,16,0
2027-07-25,17th Sunday of Ordinary Time,2,responsorialPsalm,Responsorial Psalm,"Psalm 145:10–11, 15–16, 17–18",,,,3,PSA,145,17,18,0
2027-07-25,17th Sunday of Ordinary Time,3,secondReading,Second Reading,Ephesians 4:1–6,,,,1,EPH,4,1,6,0
2027-07-25,17th Sunday of Ordinary Time,4,gospel,Gospel,John 6:1–15,,,,1,JHN,6,1,15,0
2027-07-26,Saints Joachim and Anne,1,firstReading,First Reading,"Exodus 32:15–24, 30–34",,,,1,EXO,32,15,24,0
2027-07-26,Saints Joachim and Anne,1,firstReading,First Reading,"Exodus 32:15–24, 30–34",,,,2,EXO,32,30,34,0
2027-07-26,Saints Joachim and Anne,2,responsorialPsalm,Responsorial Psalm,"Psalm 106:19–20, 21–22, 23",,,,1,PSA,106,19,20,0
2027-07-26,Saints Joachim and Anne,2,responsorialPsalm,Responsorial Psalm,"Psalm 106:19–20, 21–22, 23",,,,2,PSA,106,21,22,0
2027-07-26,Saints Joachim and Anne,2,responsorialPsalm,Responsorial Psalm,"Psalm 106:19–20, 21–22, 23",,,,3,PSA,106,23,23,0
2027-07-26,Saints Joachim and Anne,3,gospel,Gospel,Matthew 13:31–35,,,,1,MAT,13,31,35,0
2027-07-27,Tuesday of the 17th week of Ordinary Time,1,firstReading,First Reading,"Exodus 33:7–11; 34:5b-9, 28",,,,1,EXO,33,7,11,0
2027-07-27,Tuesday of the 17th week of Ordinary Time,1,firstReading,First Reading,"Exodus 33:7–11; 34:5b-9, 28",,,,2,EXO,34,5,9,0
2027-07-27,Tuesday of the 17th week of Ordinary Time,1,firstReading,First Reading,"Exodus 33:7–11; 34:5b-9, 28",,,,3,EXO,34,28,28,0
2027-07-27,Tuesday of the 17th week of Ordinary Time,2,responsorialPsalm,Responsorial Psalm,"Psalm 103:6–7, 8–9, 10–11, 12–13",,,,1,PSA,103,6,7,0
2027-07-27,Tuesday of the 17th week of Ordinary Time,2,responsorialPsalm,Responsorial Psalm,"Psalm 103:6–7, 8–9, 10–11, 12–13",,,,2,PSA,103,8,9,0
2027-07-27,Tuesday of the 17th week of Ordinary Time,2,responsorialPsalm,Responsorial Psalm,"Psalm 103:6–7, 8–9, 10–11, 12–13",,,,3,PSA,103,10,11,0
2027-07-27,Tuesday of the 17th week of Ordinary Time,2,responsorialPsalm,Responsorial Psalm,"Psalm 103:6–7, 8–9, 10–11, 12–13",,,,4,PSA,103,12,13,0
2027-07-27,Tuesday of the 17th week of Ordinary Time,3,gospel,Gospel,Matthew 13:36–43,,,,1,MAT,13,36,43,0
2027-07-28,Wednesday of the 17th week of Ordinary Time,1,firstReading,First Reading,Exodus 34:29–35,,,,1,EXO,34,29,35,0
2027-07-28,Wednesday of the 17th week of Ordinary Time,2,responsorialPsalm,Responsorial Psalm,"Psalm 99:5, 6, 7, 9",,,,1,PSA,99,5,5,0
2027-07-28,Wednesday of the 17th week of Ordinary Time,2,responsorialPsalm,Responsorial Psalm,"Psalm 99:5, 6, 7, 9",,,,2,PSA,99,6,6,0
2027-07-28,Wednesday of the 17th week of Ordinary Time,2,responsorialPsalm,Responsorial Psalm,"Psalm 99:5, 6, 7, 9",,,,3,PSA,99,7,7,0
2027-07-28,Wednesday of the 17th week of Ordinary Time,2,responsorialPsalm,Responsorial Psalm,"Psalm 99:5, 6, 7, 9",,,,4,PSA,99,9,9,0
2027-07-28,Wednesday of the 17th week of Ordinary Time,3,gospel,Gospel,Matthew 13:44–46,,,,1,MAT,13,44,46,0
2027-07-29,Saint Martha,1,firstReading,First Reading,"Exodus 40:16–21, 34–38",,,,1,EXO,40,16,21,0
2027-07-29,Saint Martha,1,firstReading,First Reading,"Exodus 40:16–21, 34–38",,,,2,EXO,40,34,38,0
2027-07-29,Saint Martha,2,responsorialPsalm,Responsorial Psalm,"Psalm 84:3, 4, 5–6a and 8a, 11",,,,1,PSA,84,3,3,0
2027-07-29,Saint Martha,2,responsorialPsalm,Responsorial Psalm,"Psalm 84:3, 4, 5–6a and 8a, 11",,,,2,PSA,84,4,4,0
2027-07-29,Saint Martha,2,responsorialPsalm,Responsorial Psalm,"Psalm 84:3, 4, 5–6a and 8a, 11",,,,3,PSA,84,5,6,0
2027-07-29,Saint Martha,2,responsorialPsalm,Responsorial Psalm,"Psalm 84:3, 4, 5–6a and 8a, 11",,,,4,PSA,84,8,8,0
2027-07-29,Saint Martha,2,responsorialPsalm,Responsorial Psalm,"Psalm 84:3, 4, 5–6a and 8a, 11",,,,5,PSA,84,11,11,0
2027-07-29,Saint Martha,3,gospel,Gospel,John 11:19–27,,,,1,JHN,11,19,27,0
2027-07-30,"Saint Peter Chrysologus, Bishop and Doctor",1,firstReading,First Reading,"Leviticus 23:1, 4–11, 15–16, 27, 34b-37",,,,1,LEV,23,1,1,0
2027-07-30,"Saint Peter Chrysologus, Bishop and Doctor",1,firstReading,First Reading,"Leviticus 23:1, 4–11, 15–16, 27, 34b-37",,,,2,LEV,23,4,11,0
2027-07-30,"Saint Peter Chrysologus, Bishop and Doctor",1,firstReading,First Reading,"Leviticus 23:1, 4–11, 15–16, 27, 34b-37",,,,3,LEV,23,15,16,0
2027-07-30,"Saint Peter Chrysologus, Bishop and Doctor",1,firstReading,First Reading,"Leviticus 23:1, 4–11, 15–16, 27, 34b-37",,,,4,LEV,23,27,27,0
2027-07-30,"Saint Peter Chrysologus, Bishop and Doctor",1,firstReading,First Reading,"Leviticus 23:1, 4–11, 15–16, 27, 34b-37",,,,5,LEV,23,34,37,0
2027-07-30,"Saint Peter Chrysologus, Bishop and Doctor",2,responsorialPsalm,Responsorial Psalm,"Psalm 81:3–4, 5–6, 10–11ab",,,,1,PSA,81,3,4,0
2027-07-30,"Saint Peter Chrysologus, Bishop and Doctor",2,responsorialPsalm,Responsorial Psalm,"Psalm 81:3–4, 5–6, 10–11ab",,,,2,PSA,81,5,6,0
2027-07-30,"Saint Peter Chrysologus, Bishop and Doctor",2,responsorialPsalm,Responsorial Psalm,"Psalm 81:3–4, 5–6, 10–11ab",,,,3,PSA,81,10,11,0
2027-07-30,"Saint Peter Chrysologus, Bishop and Doctor",3,gospel,Gospel,Matthew 13:54–58,,,,1,MAT,13,54,58,0
2027-07-31,"Saint Ignatius of Loyola, Priest",1,firstReading,First Reading,"Leviticus 25:1, 8–17",,,,1,LEV,25,1,1,0
2027-07-31,"Saint Ignatius of Loyola, Priest",1,firstReading,First Reading,"Leviticus 25:1, 8–17",,,,2,LEV,25,8,17,0
2027-07-31,"Saint Ignatius of Loyola, Priest",2,responsorialPsalm,Responsorial Psalm,"Psalm 67:2–3, 5, 7–8",,,,1,PSA,67,1,2,1
2027-07-31,"Saint Ignatius of Loyola, Priest",2,responsorialPsalm,Responsorial Psalm,"Psalm 67:2–3, 5, 7–8",,,,2,PSA,67,4,4,1
2027-07-31,"Saint Ignatius of Loyola, Priest",2,responsorialPsalm,Responsorial Psalm,"Psalm 67:2–3, 5, 7–8",,,,3,PSA,67,6,7,1
2027-07-31,"Saint Ignatius of Loyola, Priest",3,gospel,Gospel,Matthew 14:1–12,,,,1,MAT,14,1,12,0
2027-08-01,18th Sunday of Ordinary Time,1,firstReading,First Reading,"Exodus 16:2–4, 12–15",,,,1,EXO,16,2,4,0
2027-08-01,18th Sunday of Ordinary Time,1,firstReading,First Reading,"Exodus 16:2–4, 12–15",,,,2,EXO,16,12,15,0
2027-08-01,18th Sunday of Ordinary Time,2,responsorialPsalm,Responsorial Psalm,"Psalm 78:3–4, 23–24, 25, 54",,,,1,PSA,78,3,4,0
2027-08-01,18th Sunday of Ordinary Time,2,responsorialPsalm,Responsorial Psalm,"Psalm 78:3–4, 23–24, 25, 54",,,,2,PSA,78,23,24,0
2027-08-01,18th Sunday of Ordinary Time,2,responsorialPsalm,Responsorial Psalm,"Psalm 78:3–4, 23–24, 25, 54",,,,3,PSA,78,25,25,0
2027-08-01,18th Sunday of Ordinary Time,2,responsorialPsalm,Responsorial Psalm,"Psalm 78:3–4, 23–24, 25, 54",,,,4,PSA,78,54,54,0
2027-08-01,18th Sunday of Ordinary Time,3,secondReading,Second Reading,"Ephesians 4:17, 20–24",,,,1,EPH,4,17,17,0
2027-08-01,18th Sunday of Ordinary Time,3,secondReading,Second Reading,"Ephesians 4:17, 20–24",,,,2,EPH,4,20,24,0
2027-08-01,18th Sunday of Ordinary Time,4,gospel,Gospel,John 6:24–35,,,,1,JHN,6,24,35,0
2027-08-02,"Saint Eusebius of Vercelli, Bishop/Saint Peter Julian Eymard, Priest",1,firstReading,First Reading,Numbers 11:4b-15,,,,1,NUM,11,4,15,0
2027-08-02,"Saint Eusebius of Vercelli, Bishop/Saint Peter Julian Eymard, Priest",2,responsorialPsalm,Responsorial Psalm,"Psalm 81:12–13, 14–15, 16–17",,,,1,PSA,81,11,12,1
2027-08-02,"Saint Eusebius of Vercelli, Bishop/Saint Peter Julian Eymard, Priest",2,responsorialPsalm,Responsorial Psalm,"Psalm 81:12–13, 14–15, 16–17",,,,2,PSA,81,13,14,1
2027-08-02,"Saint Eusebius of Vercelli, Bishop/Saint Peter Julian Eymard, Priest",2,responsorialPsalm,Responsorial Psalm,"Psalm 81:12–13, 14–15, 16–17",,,,3,PSA,81,15,16,1
2027-08-02,"Saint Eusebius of Vercelli, Bishop/Saint Peter Julian Eymard, Priest",3,gospel,Gospel,Matthew 14:13–21,,,,1,MAT,14,13,21,0
2027-08-03,Tuesday of the 18th week of Ordinary Time,1,firstReading,First Reading,Numbers 12:1–13,,,,1,NUM,12,1,13,0
2027-08-03,Tuesday of the 18th week of Ordinary Time,2,responsorialPsalm,Responsorial Psalm,"Psalm 51:3–4, 5–6ab, 6cd-7, 12–13",,,,1,PSA,51,3,4,0
2027-08-03,Tuesday of the 18th week of Ordinary Time,2,responsorialPsalm,Responsorial Psalm,"Psalm 51:3–4, 5–6ab, 6cd-7, 12–13",,,,2,PSA,51,5,6,0
2027-08-03,Tuesday of the 18th week of Ordinary Time,2,responsorialPsalm,Responsorial Psalm,"Psalm 51:3–4, 5–6ab, 6cd-7, 12–13",,,,3,PSA,51,6,7,0
2027-08-03,Tuesday of the 18th week of Ordinary Time,2,responsorialPsalm,Responsorial Psalm,"Psalm 51:3–4, 5–6ab, 6cd-7, 12–13",,,,4,PSA,51,12,13,0
2027-08-03,Tuesday of the 18th week of Ordinary Time,3,gospel,Gospel,Matthew 14:22–36,,,,1,MAT,14,22,36,0
2027-08-04,"Saint John Vianney, Priest",1,firstReading,First Reading,"Numbers 13:1–2, 25–14:1, 26a-29a, 34–35",,,,1,NUM,13,1,2,0
2027-08-04,"Saint John Vianney, Priest",1,firstReading,First Reading,"Numbers 13:1–2, 25–14:1, 26a-29a, 34–35",,,,2,NUM,13,25,33,0
2027-08-04,"Saint John Vianney, Priest",1,firstReading,First Reading,"Numbers 13:1–2, 25–14:1, 26a-29a, 34–35",,,,3,NUM,14,1,1,0
2027-08-04,"Saint John Vianney, Priest",1,firstReading,First Reading,"Numbers 13:1–2, 25–14:1, 26a-29a, 34–35",,,,4,NUM,14,26,29,0
2027-08-04,"Saint John Vianney, Priest",1,firstReading,First Reading,"Numbers 13:1–2, 25–14:1, 26a-29a, 34–35",,,,5,NUM,14,34,35,0
2027-08-04,"Saint John Vianney, Priest",2,responsorialPsalm,Responsorial Psalm,"Psalm 106:6–7ab, 13–14, 21–22, 23",,,,1,PSA,106,6,7,0
2027-08-04,"Saint John Vianney, Priest",2,responsorialPsalm,Responsorial Psalm,"Psalm 106:6–7ab, 13–14, 21–22, 23",,,,2,PSA,106,13,14,0
2027-08-04,"Saint John Vianney, Priest",2,responsorialPsalm,Responsorial Psalm,"Psalm 106:6–7ab, 13–14, 21–22, 23",,,,3,PSA,106,21,22,0
2027-08-04,"Saint John Vianney, Priest",2,responsorialPsalm,Responsorial Psalm,"Psalm 106:6–7ab, 13–14, 21–22, 23",,,,4,PSA,106,23,23,0
2027-08-04,"Saint John Vianney, Priest",3,gospel,Gospel,Matthew 15: 21–28,,,,1,MAT,15,21,28,0
2027-08-05,Dedication of the Basilica of Saint Mary Major,1,firstReading,First Reading,Numbers 20:1–13,,,,1,NUM,20,1,13,0
2027-08-05,Dedication of the Basilica of Saint Mary Major,2,responsorialPsalm,Responsorial Psalm,"Psalm 95:1–2, 6–7, 8–9",,,,1,PSA,95,1,2,0
2027-08-05,Dedication of the Basilica of Saint Mary Major,2,responsorialPsalm,Responsorial Psalm,"Psalm 95:1–2, 6–7, 8–9",,,,2,PSA,95,6,7,0
2027-08-05,Dedication of the Basilica of Saint Mary Major,2,responsorialPsalm,Responsorial Psalm,"Psalm 95:1–2, 6–7, 8–9",,,,3,PSA,95,8,9,0
2027-08-05,Dedication of the Basilica of Saint Mary Major,3,gospel,Gospel,Matthew 16:13–23,,,,1,MAT,16,13,23,0
2027-08-06,Transfiguration,1,firstReading,First Reading,"Daniel 7:9–10, 13–14",,,,1,DAG,7,9,10,0
2027-08-06,Transfiguration,1,firstReading,First Reading,"Daniel 7:9–10, 13–14",,,,2,DAG,7,13,14,0
2027-08-06,Transfiguration,2,responsorialPsalm,Responsorial Psalm,"Psalm 97:1–2, 5–6, 9",,,,1,PSA,97,1,2,0
2027-08-06,Transfiguration,2,responsorialPsalm,Responsorial Psalm,"Psalm 97:1–2, 5–6, 9",,,,2,PSA,97,5,6,0
2027-08-06,Transfiguration,2,responsorialPsalm,Responsorial Psalm,"Psalm 97:1–2, 5–6, 9",,,,3,PSA,97,9,9,0
2027-08-06,Transfiguration,3,secondReading,Second Reading,2 Peter 1:16–19,,,,1,2PE,1,16,19,0
2027-08-06,Transfiguration,4,gospel,Gospel,Mark 9:2–10,,,,1,MRK,9,2,10,0
2027-08-07,"Saint Sixtus II, Pope, and Companions, Martyrs/Saint Cajetan, Priest",1,firstReading,First Reading,Deuteronomy 6:4–13,,,,1,DEU,6,4,13,0
2027-08-07,"Saint Sixtus II, Pope, and Companions, Martyrs/Saint Cajetan, Priest",2,responsorialPsalm,Responsorial Psalm,"Psalm 18:2–3a, 3bc-4, 47 and 51",,,,1,PSA,18,1,2,1
2027-08-07,"Saint Sixtus II, Pope, and Companions, Martyrs/Saint Cajetan, Priest",2,responsorialPsalm,Responsorial Psalm,"Psalm 18:2–3a, 3bc-4, 47 and 51",,,,2,PSA,18,2,3,1
2027-08-07,"Saint Sixtus II, Pope, and Companions, Martyrs/Saint Cajetan, Priest",2,responsorialPsalm,Responsorial Psalm,"Psalm 18:2–3a, 3bc-4, 47 and 51",,,,3,PSA,18,46,46,1
2027-08-07,"Saint Sixtus II, Pope, and Companions, Martyrs/Saint Cajetan, Priest",2,responsorialPsalm,Responsorial Psalm,"Psalm 18:2–3a, 3bc-4, 47 and 51",,,,4,PSA,18,50,50,1
2027-08-07,"Saint Sixtus II, Pope, and Companions, Martyrs/Saint Cajetan, Priest",3,gospel,Gospel,Matthew 17:14–20,,,,1,MAT,17,14,20,0
2027-08-08,19th Sunday of Ordinary Time,1,firstReading,First Reading,1 Kings 19:4–8,,,,1,1KI,19,4,8,0
2027-08-08,19th Sunday of Ordinary Time,2,responsorialPsalm,Responsorial Psalm,"Psalm 34:2–3, 4–5, 6–7, 8–9",,,,1,PSA,34,2,3,0
2027-08-08,19th Sunday of Ordinary Time,2,responsorialPsalm,Responsorial Psalm,"Psalm 34:2–3, 4–5, 6–7, 8–9",,,,2,PSA,34,4,5,0
2027-08-08,19th Sunday of Ordinary Time,2,responsorialPsalm,Responsorial Psalm,"Psalm 34:2–3, 4–5, 6–7, 8–9",,,,3,PSA,34,6,7,0
2027-08-08,19th Sunday of Ordinary Time,2,responsorialPsalm,Responsorial Psalm,"Psalm 34:2–3, 4–5, 6–7, 8–9",,,,4,PSA,34,8,9,0
2027-08-08,19th Sunday of Ordinary Time,3,secondReading,Second Reading,Ephesians 4:30–5:2,,,,1,EPH,4,30,32,0
2027-08-08,19th Sunday of Ordinary Time,3,secondReading,Second Reading,Ephesians 4:30–5:2,,,,2,EPH,5,1,2,0
2027-08-08,19th Sunday of Ordinary Time,4,gospel,Gospel,John 6:41–51,,,,1,JHN,6,41,51,0
2027-08-09,"Saint Teresa Benedicta of The Cross (Edith Stein), Virgin and Martyr, Patron of Europe",1,firstReading,First Reading,Deuteronomy 10:12–22,,,,1,DEU,10,12,22,0
2027-08-09,"Saint Teresa Benedicta of The Cross (Edith Stein), Virgin and Martyr, Patron of Europe",2,responsorialPsalm,Responsorial Psalm,"Psalm 147:12–13, 14–15, 19–20",,,,1,PSA,147,12,13,0
2027-08-09,"Saint Teresa Benedicta of The Cross (Edith Stein), Virgin and Martyr, Patron of Europe",2,responsorialPsalm,Responsorial Psalm,"Psalm 147:12–13, 14–15, 19–20",,,,2,PSA,147,14,15,0
2027-08-09,"Saint Teresa Benedicta of The Cross (Edith Stein), Virgin and Martyr, Patron of Europe",2,responsorialPsalm,Responsorial Psalm,"Psalm 147:12–13, 14–15, 19–20",,,,3,PSA,147,19,20,0
2027-08-09,"Saint Teresa Benedicta of The Cross (Edith Stein), Virgin and Martyr, Patron of Europe",3,gospel,Gospel,Matthew 17:22–27,,,,1,MAT,17,22,27,0
2027-08-10,"Saint Lawrence of Rome, Deacon and Martyr",1,firstReading,First Reading,2 Corinthians 9:6–10,,,,1,2CO,9,6,10,0
2027-08-10,"Saint Lawrence of Rome, Deacon and Martyr",2,responsorialPsalm,Responsorial Psalm,"Psalm 112:1–2, 5–6, 7–8, 9",,,,1,PSA,112,1,2,0
2027-08-10,"Saint Lawrence of Rome, Deacon and Martyr",2,responsorialPsalm,Responsorial Psalm,"Psalm 112:1–2, 5–6, 7–8, 9",,,,2,PSA,112,5,6,0
2027-08-10,"Saint Lawrence of Rome, Deacon and Martyr",2,responsorialPsalm,Responsorial Psalm,"Psalm 112:1–2, 5–6, 7–8, 9",,,,3,PSA,112,7,8,0
2027-08-10,"Saint Lawrence of Rome, Deacon and Martyr",2,responsorialPsalm,Responsorial Psalm,"Psalm 112:1–2, 5–6, 7–8, 9",,,,4,PSA,112,9,9,0
2027-08-10,"Saint Lawrence of Rome, Deacon and Martyr",3,gospel,Gospel,John 12:24–26,,,,1,JHN,12,24,26,0
2027-08-11,"Saint Clare, Virgin",1,firstReading,First Reading,Deuteronomy 34:1–12,,,,1,DEU,34,1,12,0
2027-08-11,"Saint Clare, Virgin",2,responsorialPsalm,Responsorial Psalm,"Psalm 66:1–3a, 5 and 8, 16–17",,,,1,PSA,66,1,3,0
2027-08-11,"Saint Clare, Virgin",2,responsorialPsalm,Responsorial Psalm,"Psalm 66:1–3a, 5 and 8, 16–17",,,,2,PSA,66,5,5,0
2027-08-11,"Saint Clare, Virgin",2,responsorialPsalm,Responsorial Psalm,"Psalm 66:1–3a, 5 and 8, 16–17",,,,3,PSA,66,8,8,0
2027-08-11,"Saint Clare, Virgin",2,responsorialPsalm,Responsorial Psalm,"Psalm 66:1–3a, 5 and 8, 16–17",,,,4,PSA,66,16,17,0
2027-08-11,"Saint Clare, Virgin",3,gospel,Gospel,Matthew 18:15–20,,,,1,MAT,18,15,20,0
2027-08-12,"Saint Jane Frances de Chantal, Religious",1,firstReading,First Reading,"Joshua 3:7–10a, 11, 13–17",,,,1,JOS,3,7,10,0
2027-08-12,"Saint Jane Frances de Chantal, Religious",1,firstReading,First Reading,"Joshua 3:7–10a, 11, 13–17",,,,2,JOS,3,11,11,0
2027-08-12,"Saint Jane Frances de Chantal, Religious",1,firstReading,First Reading,"Joshua 3:7–10a, 11, 13–17",,,,3,JOS,3,13,17,0
2027-08-12,"Saint Jane Frances de Chantal, Religious",2,responsorialPsalm,Responsorial Psalm,"Psalm 114:1–2, 3–4, 5–6",,,,1,PSA,114,1,2,0
2027-08-12,"Saint Jane Frances de Chantal, Religious",2,responsorialPsalm,Responsorial Psalm,"Psalm 114:1–2, 3–4, 5–6",,,,2,PSA,114,3,4,0
2027-08-12,"Saint Jane Frances de Chantal, Religious",2,responsorialPsalm,Responsorial Psalm,"Psalm 114:1–2, 3–4, 5–6",,,,3,PSA,114,5,6,0
2027-08-12,"Saint Jane Frances de Chantal, Religious",3,gospel,Gospel,Matthew 18:21–19:1,,,,1,MAT,18,21,35,0
2027-08-12,"Saint Jane Frances de Chantal, Religious",3,gospel,Gospel,Matthew 18:21–19:1,,,,2,MAT,19,1,1,0
2027-08-13,"Saints Pontian, Pope and Hippolytus, Priest, Martyrs",1,firstReading,First Reading,Joshua 24:1–13,,,,1,JOS,24,1,13,0
2027-08-13,"Saints Pontian, Pope and Hippolytus, Priest, Martyrs",2,responsorialPsalm,Responsorial Psalm,"Psalm 136:1–3, 16–18, 21–22 and 24",,,,1,PSA,136,1,3,0
2027-08-13,"Saints Pontian, Pope and Hippolytus, Priest, Martyrs",2,responsorialPsalm,Responsorial Psalm,"Psalm 136:1–3, 16–18, 21–22 and 24",,,,2,PSA,136,16,18,0
2027-08-13,"Saints Pontian, Pope and Hippolytus, Priest, Martyrs",2,responsorialPsalm,Responsorial Psalm,"Psalm 136:1–3, 16–18, 21–22 and 24",,,,3,PSA,136,21,22,0
2027-08-13,"Saints Pontian, Pope and Hippolytus, Priest, Martyrs",2,responsorialPsalm,Responsorial Psalm,"Psalm 136:1–3, 16–18, 21–22 and 24",,,,4,PSA,136,24,24,0
2027-08-13,"Saints Pontian, Pope and Hippolytus, Priest, Martyrs",3,gospel,Gospel,Matthew 19:3–12,,,,1,MAT,19,3,12,0
2027-08-14,"Saint Maximilian Mary Kolbe, Priest and Martyr",1,firstReading,First Reading,Joshua 24:14–29,,,,1,JOS,24,14,29,0
2027-08-14,"Saint Maximilian Mary Kolbe, Priest and Martyr",2,responsorialPsalm,Responsorial Psalm,"Psalm 16:1–2a and 5, 7–8, 11",,,,1,PSA,16,1,2,0
2027-08-14,"Saint Maximilian Mary Kolbe, Priest and Martyr",2,responsorialPsalm,Responsorial Psalm,"Psalm 16:1–2a and 5, 7–8, 11",,,,2,PSA,16,5,5,0
2027-08-14,"Saint Maximilian Mary Kolbe, Priest and Martyr",2,responsorialPsalm,Responsorial Psalm,"Psalm 16:1–2a and 5, 7–8, 11",,,,3,PSA,16,7,8,0
2027-08-14,"Saint Maximilian Mary Kolbe, Priest and Martyr",2,responsorialPsalm,Responsorial Psalm,"Psalm 16:1–2a and 5, 7–8, 11",,,,4,PSA,16,11,11,0
2027-08-14,"Saint Maximilian Mary Kolbe, Priest and Martyr",3,gospel,Gospel,Matthew 19:13–15,,,,1,MAT,19,13,15,0
2027-08-15,The Assumption of the Blessed Virgin Mary,1,firstReading,First Reading,"Revelation 11:19A; 12:1–6A, 10AB",,,,1,REV,11,19,19,0
2027-08-15,The Assumption of the Blessed Virgin Mary,1,firstReading,First Reading,"Revelation 11:19A; 12:1–6A, 10AB",,,,2,REV,12,1,6,0
2027-08-15,The Assumption of the Blessed Virgin Mary,1,firstReading,First Reading,"Revelation 11:19A; 12:1–6A, 10AB",,,,3,REV,12,10,10,0
2027-08-15,The Assumption of the Blessed Virgin Mary,2,responsorialPsalm,Responsorial Psalm,"Psalm 45:10, 11, 12, 16",,,,1,PSA,45,10,10,0
2027-08-15,The Assumption of the Blessed Virgin Mary,2,responsorialPsalm,Responsorial Psalm,"Psalm 45:10, 11, 12, 16",,,,2,PSA,45,11,11,0
2027-08-15,The Assumption of the Blessed Virgin Mary,2,responsorialPsalm,Responsorial Psalm,"Psalm 45:10, 11, 12, 16",,,,3,PSA,45,12,12,0
2027-08-15,The Assumption of the Blessed Virgin Mary,2,responsorialPsalm,Responsorial Psalm,"Psalm 45:10, 11, 12, 16",,,,4,PSA,45,16,16,0
2027-08-15,The Assumption of the Blessed Virgin Mary,3,secondReading,Second Reading,1 Corinthians 15:20–27,,,,1,1CO,15,20,27,0
2027-08-15,The Assumption of the Blessed Virgin Mary,4,gospel,Gospel,Luke 1:39–56,,,,1,LUK,1,39,56,0
2027-08-16,Saint Stephen of Hungary,1,firstReading,First Reading,Judges 2:11–19,,,,1,JDG,2,11,19,0
2027-08-16,Saint Stephen of Hungary,2,responsorialPsalm,Responsorial Psalm,"Psalm 106:34–35, 36–37, 39–40, 43ab and 44",,,,1,PSA,106,34,35,0
2027-08-16,Saint Stephen of Hungary,2,responsorialPsalm,Responsorial Psalm,"Psalm 106:34–35, 36–37, 39–40, 43ab and 44",,,,2,PSA,106,36,37,0
2027-08-16,Saint Stephen of Hungary,2,responsorialPsalm,Responsorial Psalm,"Psalm 106:34–35, 36–37, 39–40, 43ab and 44",,,,3,PSA,106,39,40,0
2027-08-16,Saint Stephen of Hungary,2,responsorialPsalm,Responsorial Psalm,"Psalm 106:34–35, 36–37, 39–40, 43ab and 44",,,,4,PSA,106,43,43,0
2027-08-16,Saint Stephen of Hungary,2,responsorialPsalm,Responsorial Psalm,"Psalm 106:34–35, 36–37, 39–40, 43ab and 44",,,,5,PSA,106,44,44,0
2027-08-16,Saint Stephen of Hungary,3,gospel,Gospel,Matthew 19:16–22,,,,1,MAT,19,16,22,0
2027-08-17,Tuesday of the 20th week of Ordinary Time,1,firstReading,First Reading,Judges 6:11–24a,,,,1,JDG,6,11,24,0
2027-08-17,Tuesday of the 20th week of Ordinary Time,2,responsorialPsalm,Responsorial Psalm,"Psalm 85:9, 11–12, 13–14",,,,1,PSA,85,8,8,1
2027-08-17,Tuesday of the 20th week of Ordinary Time,2,responsorialPsalm,Responsorial Psalm,"Psalm 85:9, 11–12, 13–14",,,,2,PSA,85,10,11,1
2027-08-17,Tuesday of the 20th week of Ordinary Time,2,responsorialPsalm,Responsorial Psalm,"Psalm 85:9, 11–12, 13–14",,,,3,PSA,85,12,13,1
2027-08-17,Tuesday of the 20th week of Ordinary Time,3,gospel,Gospel,Matthew 19:23–30,,,,1,MAT,19,23,30,0
2027-08-18,Wednesday of the 20th week of Ordinary Time,1,firstReading,First Reading,Judges 9:6–15,,,,1,JDG,9,6,15,0
2027-08-18,Wednesday of the 20th week of Ordinary Time,2,responsorialPsalm,Responsorial Psalm,"Psalm 21:2–3, 4–5, 6–7",,,,1,PSA,21,2,3,0
2027-08-18,Wednesday of the 20th week of Ordinary Time,2,responsorialPsalm,Responsorial Psalm,"Psalm 21:2–3, 4–5, 6–7",,,,2,PSA,21,4,5,0
2027-08-18,Wednesday of the 20th week of Ordinary Time,2,responsorialPsalm,Responsorial Psalm,"Psalm 21:2–3, 4–5, 6–7",,,,3,PSA,21,6,7,0
2027-08-18,Wednesday of the 20th week of Ordinary Time,3,gospel,Gospel,Matthew 20:1–16,,,,1,MAT,20,1,16,0
2027-08-19,"Saint John Eudes, Priest",1,firstReading,First Reading,Judges 11:29–39a,,,,1,JDG,11,29,39,0
2027-08-19,"Saint John Eudes, Priest",2,responsorialPsalm,Responsorial Psalm,"Psalm 40:5, 7–8a, 8b-9, 10",,,,1,PSA,40,5,5,0
2027-08-19,"Saint John Eudes, Priest",2,responsorialPsalm,Responsorial Psalm,"Psalm 40:5, 7–8a, 8b-9, 10",,,,2,PSA,40,7,8,0
2027-08-19,"Saint John Eudes, Priest",2,responsorialPsalm,Responsorial Psalm,"Psalm 40:5, 7–8a, 8b-9, 10",,,,3,PSA,40,8,9,0
2027-08-19,"Saint John Eudes, Priest",2,responsorialPsalm,Responsorial Psalm,"Psalm 40:5, 7–8a, 8b-9, 10",,,,4,PSA,40,10,10,0
2027-08-19,"Saint John Eudes, Priest",3,gospel,Gospel,Matthew 22:1–14,,,,1,MAT,22,1,14,0
2027-08-20,"Saint Bernard of Clairvaux, Abbot and Doctor of the Church",1,firstReading,First Reading,"Ruth 1:1, 3–6, 14b-16, 22",,,,1,RUT,1,1,1,0
2027-08-20,"Saint Bernard of Clairvaux, Abbot and Doctor of the Church",1,firstReading,First Reading,"Ruth 1:1, 3–6, 14b-16, 22",,,,2,RUT,1,3,6,0
2027-08-20,"Saint Bernard of Clairvaux, Abbot and Doctor of the Church",1,firstReading,First Reading,"Ruth 1:1, 3–6, 14b-16, 22",,,,3,RUT,1,14,16,0
2027-08-20,"Saint Bernard of Clairvaux, Abbot and Doctor of the Church",1,firstReading,First Reading,"Ruth 1:1, 3–6, 14b-16, 22",,,,4,RUT,1,22,22,0
2027-08-20,"Saint Bernard of Clairvaux, Abbot and Doctor of the Church",2,responsorialPsalm,Responsorial Psalm,"Psalm 146:5–6ab, 6c-7, 8–9a, 9bc-10",,,,1,PSA,146,5,6,0
2027-08-20,"Saint Bernard of Clairvaux, Abbot and Doctor of the Church",2,responsorialPsalm,Responsorial Psalm,"Psalm 146:5–6ab, 6c-7, 8–9a, 9bc-10",,,,2,PSA,146,6,7,0
2027-08-20,"Saint Bernard of Clairvaux, Abbot and Doctor of the Church",2,responsorialPsalm,Responsorial Psalm,"Psalm 146:5–6ab, 6c-7, 8–9a, 9bc-10",,,,3,PSA,146,8,9,0
2027-08-20,"Saint Bernard of Clairvaux, Abbot and Doctor of the Church",2,responsorialPsalm,Responsorial Psalm,"Psalm 146:5–6ab, 6c-7, 8–9a, 9bc-10",,,,4,PSA,146,9,10,0
2027-08-20,"Saint Bernard of Clairvaux, Abbot and Doctor of the Church",3,gospel,Gospel,Matthew 22:34–40,,,,1,MAT,22,34,40,0
2027-08-21,"Saint Pius X, Pope",1,firstReading,First Reading,"Ruth 2:1–3, 8–11; 4:13–17",,,,1,RUT,2,1,3,0
2027-08-21,"Saint Pius X, Pope",1,firstReading,First Reading,"Ruth 2:1–3, 8–11; 4:13–17",,,,2,RUT,2,8,11,0
2027-08-21,"Saint Pius X, Pope",1,firstReading,First Reading,"Ruth 2:1–3, 8–11; 4:13–17",,,,3,RUT,4,13,17,0
2027-08-21,"Saint Pius X, Pope",2,responsorialPsalm,Responsorial Psalm,"Psalm 128:1b-2, 3, 4, 5",,,,1,PSA,128,1,2,0
2027-08-21,"Saint Pius X, Pope",2,responsorialPsalm,Responsorial Psalm,"Psalm 128:1b-2, 3, 4, 5",,,,2,PSA,128,3,3,0
2027-08-21,"Saint Pius X, Pope",2,responsorialPsalm,Responsorial Psalm,"Psalm 128:1b-2, 3, 4, 5",,,,3,PSA,128,4,4,0
2027-08-21,"Saint Pius X, Pope",2,responsorialPsalm,Responsorial Psalm,"Psalm 128:1b-2, 3, 4, 5",,,,4,PSA,128,5,5,0
2027-08-21,"Saint Pius X, Pope",3,gospel,Gospel,Matthew 23:1–12,,,,1,MAT,23,1,12,0
2027-08-22,21st Sunday of Ordinary Time,1,firstReading,First Reading,"Joshua 24:1–2a, 15–17, 18b",,,,1,JOS,24,1,2,0
2027-08-22,21st Sunday of Ordinary Time,1,firstReading,First Reading,"Joshua 24:1–2a, 15–17, 18b",,,,2,JOS,24,15,17,0
2027-08-22,21st Sunday of Ordinary Time,1,firstReading,First Reading,"Joshua 24:1–2a, 15–17, 18b",,,,3,JOS,24,18,18,0
2027-08-22,21st Sunday of Ordinary Time,2,responsorialPsalm,Responsorial Psalm,"Psalm 34:2–3, 16–17, 18–19, 20–21",,,,1,PSA,34,2,3,0
2027-08-22,21st Sunday of Ordinary Time,2,responsorialPsalm,Responsorial Psalm,"Psalm 34:2–3, 16–17, 18–19, 20–21",,,,2,PSA,34,16,17,0
2027-08-22,21st Sunday of Ordinary Time,2,responsorialPsalm,Responsorial Psalm,"Psalm 34:2–3, 16–17, 18–19, 20–21",,,,3,PSA,34,18,19,0
2027-08-22,21st Sunday of Ordinary Time,2,responsorialPsalm,Responsorial Psalm,"Psalm 34:2–3, 16–17, 18–19, 20–21",,,,4,PSA,34,20,21,0
2027-08-22,21st Sunday of Ordinary Time,3,secondReading,Second Reading — Choice One,Ephesians 5:21–32,,secondReading,Choice One,1,EPH,5,21,32,0
2027-08-22,21st Sunday of Ordinary Time,4,secondReading,Second Reading — Choice Two,"Ephesians 5:2a, 25–32",,secondReading,Choice Two,1,EPH,5,2,2,0
2027-08-22,21st Sunday of Ordinary Time,4,secondReading,Second Reading — Choice Two,"Ephesians 5:2a, 25–32",,secondReading,Choice Two,2,EPH,5,25,32,0
2027-08-22,21st Sunday of Ordinary Time,5,gospel,Gospel,John 6:60–69,,,,1,JHN,6,60,69,0
2027-08-23,"Saint Rose of Lima, Virgin",1,firstReading,First Reading,"1 Thessalonians 1:1–5, 8b-10",,,,1,1TH,1,1,5,0
2027-08-23,"Saint Rose of Lima, Virgin",1,firstReading,First Reading,"1 Thessalonians 1:1–5, 8b-10",,,,2,1TH,1,8,10,0
2027-08-23,"Saint Rose of Lima, Virgin",2,responsorialPsalm,Responsorial Psalm,"Psalm 149:1b-2, 3–4, 5–6a and 9b",,,,1,PSA,149,1,2,0
2027-08-23,"Saint Rose of Lima, Virgin",2,responsorialPsalm,Responsorial Psalm,"Psalm 149:1b-2, 3–4, 5–6a and 9b",,,,2,PSA,149,3,4,0
2027-08-23,"Saint Rose of Lima, Virgin",2,responsorialPsalm,Responsorial Psalm,"Psalm 149:1b-2, 3–4, 5–6a and 9b",,,,3,PSA,149,5,6,0
2027-08-23,"Saint Rose of Lima, Virgin",2,responsorialPsalm,Responsorial Psalm,"Psalm 149:1b-2, 3–4, 5–6a and 9b",,,,4,PSA,149,9,9,0
2027-08-23,"Saint Rose of Lima, Virgin",3,gospel,Gospel,Matthew 23:13–22,,,,1,MAT,23,13,22,0
2027-08-24,Saint Bartholomew the Apostle,1,firstReading,First Reading,Revelation 21:9b-14,,,,1,REV,21,9,14,0
2027-08-24,Saint Bartholomew the Apostle,2,responsorialPsalm,Responsorial Psalm,"Psalm 145:10–11, 12–13, 17–18",,,,1,PSA,145,10,11,0
2027-08-24,Saint Bartholomew the Apostle,2,responsorialPsalm,Responsorial Psalm,"Psalm 145:10–11, 12–13, 17–18",,,,2,PSA,145,12,13,0
2027-08-24,Saint Bartholomew the Apostle,2,responsorialPsalm,Responsorial Psalm,"Psalm 145:10–11, 12–13, 17–18",,,,3,PSA,145,17,18,0
2027-08-24,Saint Bartholomew the Apostle,3,gospel,Gospel,John 1:45–51,,,,1,JHN,1,45,51,0
2027-08-25,"Saint Louis/Saint Joseph of Calasanz, Priest",1,firstReading,First Reading,1 Thessalonians 2:9–13,,,,1,1TH,2,9,13,0
2027-08-25,"Saint Louis/Saint Joseph of Calasanz, Priest",2,responsorialPsalm,Responsorial Psalm,"Psalm 139:7–8, 9–10, 11–12ab",,,,1,PSA,139,7,8,0
2027-08-25,"Saint Louis/Saint Joseph of Calasanz, Priest",2,responsorialPsalm,Responsorial Psalm,"Psalm 139:7–8, 9–10, 11–12ab",,,,2,PSA,139,9,10,0
2027-08-25,"Saint Louis/Saint Joseph of Calasanz, Priest",2,responsorialPsalm,Responsorial Psalm,"Psalm 139:7–8, 9–10, 11–12ab",,,,3,PSA,139,11,12,0
2027-08-25,"Saint Louis/Saint Joseph of Calasanz, Priest",3,gospel,Gospel,Matthew 23:27–32,,,,1,MAT,23,27,32,0
2027-08-26,Thursday of the 21st week of Ordinary Time,1,firstReading,First Reading,1 Thessalonians 3:7–13,,,,1,1TH,3,7,13,0
2027-08-26,Thursday of the 21st week of Ordinary Time,2,responsorialPsalm,Responsorial Psalm,"Psalm 90:3–5a, 12–13, 14 and 17",,,,1,PSA,90,3,5,0
2027-08-26,Thursday of the 21st week of Ordinary Time,2,responsorialPsalm,Responsorial Psalm,"Psalm 90:3–5a, 12–13, 14 and 17",,,,2,PSA,90,12,13,0
2027-08-26,Thursday of the 21st week of Ordinary Time,2,responsorialPsalm,Responsorial Psalm,"Psalm 90:3–5a, 12–13, 14 and 17",,,,3,PSA,90,14,14,0
2027-08-26,Thursday of the 21st week of Ordinary Time,2,responsorialPsalm,Responsorial Psalm,"Psalm 90:3–5a, 12–13, 14 and 17",,,,4,PSA,90,17,17,0
2027-08-26,Thursday of the 21st week of Ordinary Time,3,gospel,Gospel,Matthew 24:42–51,,,,1,MAT,24,42,51,0
2027-08-27,Saint Monica,1,firstReading,First Reading,1 Thessalonians 4:1–8,,,,1,1TH,4,1,8,0
2027-08-27,Saint Monica,2,responsorialPsalm,Responsorial Psalm,"Psalm 97:1 and 2b, 5–6, 10, 11–12",,,,1,PSA,97,1,1,0
2027-08-27,Saint Monica,2,responsorialPsalm,Responsorial Psalm,"Psalm 97:1 and 2b, 5–6, 10, 11–12",,,,2,PSA,97,2,2,0
2027-08-27,Saint Monica,2,responsorialPsalm,Responsorial Psalm,"Psalm 97:1 and 2b, 5–6, 10, 11–12",,,,3,PSA,97,5,6,0
2027-08-27,Saint Monica,2,responsorialPsalm,Responsorial Psalm,"Psalm 97:1 and 2b, 5–6, 10, 11–12",,,,4,PSA,97,10,10,0
2027-08-27,Saint Monica,2,responsorialPsalm,Responsorial Psalm,"Psalm 97:1 and 2b, 5–6, 10, 11–12",,,,5,PSA,97,11,12,0
2027-08-27,Saint Monica,3,gospel,Gospel,Matthew 25:1–13,,,,1,MAT,25,1,13,0
2027-08-28,"Saint Augustine of Hippo, Bishop and Doctor of the Church",1,firstReading,First Reading,1 Thessalonians 4:9–11,,,,1,1TH,4,9,11,0
2027-08-28,"Saint Augustine of Hippo, Bishop and Doctor of the Church",2,responsorialPsalm,Responsorial Psalm,"Psalm 98:1, 7–8, 9",,,,1,PSA,98,1,1,0
2027-08-28,"Saint Augustine of Hippo, Bishop and Doctor of the Church",2,responsorialPsalm,Responsorial Psalm,"Psalm 98:1, 7–8, 9",,,,2,PSA,98,7,8,0
2027-08-28,"Saint Augustine of Hippo, Bishop and Doctor of the Church",2,responsorialPsalm,Responsorial Psalm,"Psalm 98:1, 7–8, 9",,,,3,PSA,98,9,9,0
2027-08-28,"Saint Augustine of Hippo, Bishop and Doctor of the Church",3,gospel,Gospel,Matthew 25:14–30,,,,1,MAT,25,14,30,0
2027-08-29,22nd Sunday of Ordinary Time,1,firstReading,First Reading,"Deuteronomy 4:1–2, 6–8",,,,1,DEU,4,1,2,0
2027-08-29,22nd Sunday of Ordinary Time,1,firstReading,First Reading,"Deuteronomy 4:1–2, 6–8",,,,2,DEU,4,6,8,0
2027-08-29,22nd Sunday of Ordinary Time,2,responsorialPsalm,Responsorial Psalm,"Psalm 15:2–3, 3–4, 4–5",,,,1,PSA,15,2,3,0
2027-08-29,22nd Sunday of Ordinary Time,2,responsorialPsalm,Responsorial Psalm,"Psalm 15:2–3, 3–4, 4–5",,,,2,PSA,15,3,4,0
2027-08-29,22nd Sunday of Ordinary Time,2,responsorialPsalm,Responsorial Psalm,"Psalm 15:2–3, 3–4, 4–5",,,,3,PSA,15,4,5,0
2027-08-29,22nd Sunday of Ordinary Time,3,secondReading,Second Reading,"James 1:17–18, 21b-22, 27",,,,1,JAS,1,17,18,0
2027-08-29,22nd Sunday of Ordinary Time,3,secondReading,Second Reading,"James 1:17–18, 21b-22, 27",,,,2,JAS,1,21,22,0
2027-08-29,22nd Sunday of Ordinary Time,3,secondReading,Second Reading,"James 1:17–18, 21b-22, 27",,,,3,JAS,1,27,27,0
2027-08-29,22nd Sunday of Ordinary Time,4,gospel,Gospel,"Mark 7:1–8, 14–15, 21–23",,,,1,MRK,7,1,8,0
2027-08-29,22nd Sunday of Ordinary Time,4,gospel,Gospel,"Mark 7:1–8, 14–15, 21–23",,,,2,MRK,7,14,15,0
2027-08-29,22nd Sunday of Ordinary Time,4,gospel,Gospel,"Mark 7:1–8, 14–15, 21–23",,,,3,MRK,7,21,23,0
2027-08-30,Monday of the 22nd week of Ordinary Time,1,firstReading,First Reading,1 Thessalonians 4:13–18,,,,1,1TH,4,13,18,0
2027-08-30,Monday of the 22nd week of Ordinary Time,2,responsorialPsalm,Responsorial Psalm,"Psalm 96:1 and 3, 4–5, 11–12, 13",,,,1,PSA,96,1,1,0
2027-08-30,Monday of the 22nd week of Ordinary Time,2,responsorialPsalm,Responsorial Psalm,"Psalm 96:1 and 3, 4–5, 11–12, 13",,,,2,PSA,96,3,3,0
2027-08-30,Monday of the 22nd week of Ordinary Time,2,responsorialPsalm,Responsorial Psalm,"Psalm 96:1 and 3, 4–5, 11–12, 13",,,,3,PSA,96,4,5,0
2027-08-30,Monday of the 22nd week of Ordinary Time,2,responsorialPsalm,Responsorial Psalm,"Psalm 96:1 and 3, 4–5, 11–12, 13",,,,4,PSA,96,11,12,0
2027-08-30,Monday of the 22nd week of Ordinary Time,2,responsorialPsalm,Responsorial Psalm,"Psalm 96:1 and 3, 4–5, 11–12, 13",,,,5,PSA,96,13,13,0
2027-08-30,Monday of the 22nd week of Ordinary Time,3,gospel,Gospel,Luke 4:16–30,,,,1,LUK,4,16,30,0
2027-08-31,Tuesday of the 22nd week of Ordinary Time,1,firstReading,First Reading,"1 Thessalonians 5:1–6, 9–11",,,,1,1TH,5,1,6,0
2027-08-31,Tuesday of the 22nd week of Ordinary Time,1,firstReading,First Reading,"1 Thessalonians 5:1–6, 9–11",,,,2,1TH,5,9,11,0
2027-08-31,Tuesday of the 22nd week of Ordinary Time,2,responsorialPsalm,Responsorial Psalm,"Psalm 27:1, 4, 13–14",,,,1,PSA,27,1,1,0
2027-08-31,Tuesday of the 22nd week of Ordinary Time,2,responsorialPsalm,Responsorial Psalm,"Psalm 27:1, 4, 13–14",,,,2,PSA,27,4,4,0
2027-08-31,Tuesday of the 22nd week of Ordinary Time,2,responsorialPsalm,Responsorial Psalm,"Psalm 27:1, 4, 13–14",,,,3,PSA,27,13,14,0
2027-08-31,Tuesday of the 22nd week of Ordinary Time,3,gospel,Gospel,Luke 4:31–37,,,,1,LUK,4,31,37,0
2027-09-01,Wednesday of the 22nd week of Ordinary Time,1,firstReading,First Reading,Colossians 1:1–8,,,,1,COL,1,1,8,0
2027-09-01,Wednesday of the 22nd week of Ordinary Time,2,responsorialPsalm,Responsorial Psalm,"Psalm 52:10, 11",,,,1,PSA,52,8,9,2
2027-09-01,Wednesday of the 22nd week of Ordinary Time,3,gospel,Gospel,Luke 4:38–44,,,,1,LUK,4,38,44,0
2027-09-02,Thursday of the 22nd week of Ordinary Time,1,firstReading,First Reading,Colossians 1:9–14,,,,1,COL,1,9,14,0
2027-09-02,Thursday of the 22nd week of Ordinary Time,2,responsorialPsalm,Responsorial Psalm,"Psalm 98:2–3ab, 3cd-4, 5–6",,,,1,PSA,98,2,3,0
2027-09-02,Thursday of the 22nd week of Ordinary Time,2,responsorialPsalm,Responsorial Psalm,"Psalm 98:2–3ab, 3cd-4, 5–6",,,,2,PSA,98,3,4,0
2027-09-02,Thursday of the 22nd week of Ordinary Time,2,responsorialPsalm,Responsorial Psalm,"Psalm 98:2–3ab, 3cd-4, 5–6",,,,3,PSA,98,5,6,0
2027-09-02,Thursday of the 22nd week of Ordinary Time,3,gospel,Gospel,Luke 5:1–11,,,,1,LUK,5,1,11,0
2027-09-03,"Saint Gregory the Great, Pope and Doctor of the Church",1,firstReading,First Reading,Colossians 1:15–20,,,,1,COL,1,15,20,0
2027-09-03,"Saint Gregory the Great, Pope and Doctor of the Church",2,responsorialPsalm,Responsorial Psalm,"Psalm 100:1b-2, 3, 4, 5",,,,1,PSA,100,1,2,0
2027-09-03,"Saint Gregory the Great, Pope and Doctor of the Church",2,responsorialPsalm,Responsorial Psalm,"Psalm 100:1b-2, 3, 4, 5",,,,2,PSA,100,3,3,0
2027-09-03,"Saint Gregory the Great, Pope and Doctor of the Church",2,responsorialPsalm,Responsorial Psalm,"Psalm 100:1b-2, 3, 4, 5",,,,3,PSA,100,4,4,0
2027-09-03,"Saint Gregory the Great, Pope and Doctor of the Church",2,responsorialPsalm,Responsorial Psalm,"Psalm 100:1b-2, 3, 4, 5",,,,4,PSA,100,5,5,0
2027-09-03,"Saint Gregory the Great, Pope and Doctor of the Church",3,gospel,Gospel,Luke 5:33–39,,,,1,LUK,5,33,39,0
2027-09-04,Saturday of the 22nd week of Ordinary Time,1,firstReading,First Reading,Colossians 1:21–23,,,,1,COL,1,21,23,0
2027-09-04,Saturday of the 22nd week of Ordinary Time,2,responsorialPsalm,Responsorial Psalm,"Psalm 54:3–4, 6 and 8",,,,1,PSA,54,2,3,1
2027-09-04,Saturday of the 22nd week of Ordinary Time,2,responsorialPsalm,Responsorial Psalm,"Psalm 54:3–4, 6 and 8",,,,2,PSA,54,5,5,1
2027-09-04,Saturday of the 22nd week of Ordinary Time,2,responsorialPsalm,Responsorial Psalm,"Psalm 54:3–4, 6 and 8",,,,3,PSA,54,7,7,1
2027-09-04,Saturday of the 22nd week of Ordinary Time,3,gospel,Gospel,Luke 6:1–5,,,,1,LUK,6,1,5,0
2027-09-05,23rd Sunday of Ordinary Time,1,firstReading,First Reading,Isaiah 35:4–7a,,,,1,ISA,35,4,7,0
2027-09-05,23rd Sunday of Ordinary Time,2,responsorialPsalm,Responsorial Psalm,"Psalm 146:6–7, 8–9, 9–10",,,,1,PSA,146,6,7,0
2027-09-05,23rd Sunday of Ordinary Time,2,responsorialPsalm,Responsorial Psalm,"Psalm 146:6–7, 8–9, 9–10",,,,2,PSA,146,8,9,0
2027-09-05,23rd Sunday of Ordinary Time,2,responsorialPsalm,Responsorial Psalm,"Psalm 146:6–7, 8–9, 9–10",,,,3,PSA,146,9,10,0
2027-09-05,23rd Sunday of Ordinary Time,3,secondReading,Second Reading,James 2:1–5,,,,1,JAS,2,1,5,0
2027-09-05,23rd Sunday of Ordinary Time,4,gospel,Gospel,Mark 7:31–37,,,,1,MRK,7,31,37,0
2027-09-06,Monday of the 23rd week of Ordinary Time,1,firstReading,First Reading,Colossians 1:24–2:3,,,,1,COL,1,24,29,0
2027-09-06,Monday of the 23rd week of Ordinary Time,1,firstReading,First Reading,Colossians 1:24–2:3,,,,2,COL,2,1,3,0
2027-09-06,Monday of the 23rd week of Ordinary Time,2,responsorialPsalm,Responsorial Psalm,"Psalm 62:6–7, 9",,,,1,PSA,62,6,7,0
2027-09-06,Monday of the 23rd week of Ordinary Time,2,responsorialPsalm,Responsorial Psalm,"Psalm 62:6–7, 9",,,,2,PSA,62,9,9,0
2027-09-06,Monday of the 23rd week of Ordinary Time,3,gospel,Gospel,Luke 6:6–11,,,,1,LUK,6,6,11,0
2027-09-07,Tuesday of the 23rd week of Ordinary Time,1,firstReading,First Reading,Colossians 2:6–15,,,,1,COL,2,6,15,0
2027-09-07,Tuesday of the 23rd week of Ordinary Time,2,responsorialPsalm,Responsorial Psalm,"Psalm 145:1b-2, 8–9, 10–11",,,,1,PSA,145,1,2,0
2027-09-07,Tuesday of the 23rd week of Ordinary Time,2,responsorialPsalm,Responsorial Psalm,"Psalm 145:1b-2, 8–9, 10–11",,,,2,PSA,145,8,9,0
2027-09-07,Tuesday of the 23rd week of Ordinary Time,2,responsorialPsalm,Responsorial Psalm,"Psalm 145:1b-2, 8–9, 10–11",,,,3,PSA,145,10,11,0
2027-09-07,Tuesday of the 23rd week of Ordinary Time,3,gospel,Gospel,Luke 6:12–19,,,,1,LUK,6,12,19,0
2027-09-08,Birth of the Blessed Virgin Mary,1,firstReading,First Reading,Micah 5:1–4a,,,,1,MIC,5,1,4,0
2027-09-08,Birth of the Blessed Virgin Mary,2,responsorialPsalm,Responsorial Psalm,"Psalm 13:6ab, 6c",,,,1,PSA,13,6,6,0
2027-09-08,Birth of the Blessed Virgin Mary,3,gospel,Gospel,"Matthew 1:1–16, 18–23",,,,1,MAT,1,1,16,0
2027-09-08,Birth of the Blessed Virgin Mary,3,gospel,Gospel,"Matthew 1:1–16, 18–23",,,,2,MAT,1,18,23,0
2027-09-09,"Saint Peter Claver, Priest",1,firstReading,First Reading,Colossians 3:12–17,,,,1,COL,3,12,17,0
2027-09-09,"Saint Peter Claver, Priest",2,responsorialPsalm,Responsorial Psalm,"Psalm 150:1b-2, 3–4, 5–6",,,,1,PSA,150,1,2,0
2027-09-09,"Saint Peter Claver, Priest",2,responsorialPsalm,Responsorial Psalm,"Psalm 150:1b-2, 3–4, 5–6",,,,2,PSA,150,3,4,0
2027-09-09,"Saint Peter Claver, Priest",2,responsorialPsalm,Responsorial Psalm,"Psalm 150:1b-2, 3–4, 5–6",,,,3,PSA,150,5,6,0
2027-09-09,"Saint Peter Claver, Priest",3,gospel,Gospel,Luke 6:27–38,,,,1,LUK,6,27,38,0
2027-09-10,Friday of the 23rd week of Ordinary Time,1,firstReading,First Reading,"1 Timothy 1:1–2, 12–14",,,,1,1TI,1,1,2,0
2027-09-10,Friday of the 23rd week of Ordinary Time,1,firstReading,First Reading,"1 Timothy 1:1–2, 12–14",,,,2,1TI,1,12,14,0
2027-09-10,Friday of the 23rd week of Ordinary Time,2,responsorialPsalm,Responsorial Psalm,"Psalm 16:1b-2a and 5, 7–8, 11",,,,1,PSA,16,1,2,0
2027-09-10,Friday of the 23rd week of Ordinary Time,2,responsorialPsalm,Responsorial Psalm,"Psalm 16:1b-2a and 5, 7–8, 11",,,,2,PSA,16,5,5,0
2027-09-10,Friday of the 23rd week of Ordinary Time,2,responsorialPsalm,Responsorial Psalm,"Psalm 16:1b-2a and 5, 7–8, 11",,,,3,PSA,16,7,8,0
2027-09-10,Friday of the 23rd week of Ordinary Time,2,responsorialPsalm,Responsorial Psalm,"Psalm 16:1b-2a and 5, 7–8, 11",,,,4,PSA,16,11,11,0
2027-09-10,Friday of the 23rd week of Ordinary Time,3,gospel,Gospel,Luke 6:39–42,,,,1,LUK,6,39,42,0
2027-09-11,Saturday of the 23rd week of Ordinary Time,1,firstReading,First Reading,1 Timothy 1:15–17,,,,1,1TI,1,15,17,0
2027-09-11,Saturday of the 23rd week of Ordinary Time,2,responsorialPsalm,Responsorial Psalm,"Psalm 113:1b-2, 3–4, 5 and 6–7",,,,1,PSA,113,1,2,0
2027-09-11,Saturday of the 23rd week of Ordinary Time,2,responsorialPsalm,Responsorial Psalm,"Psalm 113:1b-2, 3–4, 5 and 6–7",,,,2,PSA,113,3,4,0
2027-09-11,Saturday of the 23rd week of Ordinary Time,2,responsorialPsalm,Responsorial Psalm,"Psalm 113:1b-2, 3–4, 5 and 6–7",,,,3,PSA,113,5,5,0
2027-09-11,Saturday of the 23rd week of Ordinary Time,2,responsorialPsalm,Responsorial Psalm,"Psalm 113:1b-2, 3–4, 5 and 6–7",,,,4,PSA,113,6,7,0
2027-09-11,Saturday of the 23rd week of Ordinary Time,3,gospel,Gospel,Luke 6:43–49,,,,1,LUK,6,43,49,0
2027-09-12,24th Sunday of Ordinary Time,1,firstReading,First Reading,Isaiah 50:5–9a,,,,1,ISA,50,5,9,0
2027-09-12,24th Sunday of Ordinary Time,2,responsorialPsalm,Responsorial Psalm,"Psalm 116:1–2, 3–4, 5–6, 8–9",,,,1,PSA,116,1,2,0
2027-09-12,24th Sunday of Ordinary Time,2,responsorialPsalm,Responsorial Psalm,"Psalm 116:1–2, 3–4, 5–6, 8–9",,,,2,PSA,116,3,4,0
2027-09-12,24th Sunday of Ordinary Time,2,responsorialPsalm,Responsorial Psalm,"Psalm 116:1–2, 3–4, 5–6, 8–9",,,,3,PSA,116,5,6,0
2027-09-12,24th Sunday of Ordinary Time,2,responsorialPsalm,Responsorial Psalm,"Psalm 116:1–2, 3–4, 5–6, 8–9",,,,4,PSA,116,8,9,0
2027-09-12,24th Sunday of Ordinary Time,3,secondReading,Second Reading,James 2:14–18,,,,1,JAS,2,14,18,0
2027-09-12,24th Sunday of Ordinary Time,4,gospel,Gospel,Mark 8:27–35,,,,1,MRK,8,27,35,0
2027-09-13,"Saint John Chrysostom, Bishop and Doctor of the Church",1,firstReading,First Reading,1 Timothy 2:1–8,,,,1,1TI,2,1,8,0
2027-09-13,"Saint John Chrysostom, Bishop and Doctor of the Church",2,responsorialPsalm,Responsorial Psalm,"Psalm 28:2, 7, 8–9",,,,1,PSA,28,2,2,0
2027-09-13,"Saint John Chrysostom, Bishop and Doctor of the Church",2,responsorialPsalm,Responsorial Psalm,"Psalm 28:2, 7, 8–9",,,,2,PSA,28,7,7,0
2027-09-13,"Saint John Chrysostom, Bishop and Doctor of the Church",2,responsorialPsalm,Responsorial Psalm,"Psalm 28:2, 7, 8–9",,,,3,PSA,28,8,9,0
2027-09-13,"Saint John Chrysostom, Bishop and Doctor of the Church",3,gospel,Gospel,Luke 7:1–10,,,,1,LUK,7,1,10,0
2027-09-14,The Exaltation of the Holy Cross,1,firstReading,First Reading,Numbers 21:4b-9,,,,1,NUM,21,4,9,0
2027-09-14,The Exaltation of the Holy Cross,2,responsorialPsalm,Responsorial Psalm,"Psalm 78:1bc-2, 34–35, 36–37, 38",,,,1,PSA,78,1,2,0
2027-09-14,The Exaltation of the Holy Cross,2,responsorialPsalm,Responsorial Psalm,"Psalm 78:1bc-2, 34–35, 36–37, 38",,,,2,PSA,78,34,35,0
2027-09-14,The Exaltation of the Holy Cross,2,responsorialPsalm,Responsorial Psalm,"Psalm 78:1bc-2, 34–35, 36–37, 38",,,,3,PSA,78,36,37,0
2027-09-14,The Exaltation of the Holy Cross,2,responsorialPsalm,Responsorial Psalm,"Psalm 78:1bc-2, 34–35, 36–37, 38",,,,4,PSA,78,38,38,0
2027-09-14,The Exaltation of the Holy Cross,3,secondReading,Second Reading,Philippians 2:6–11,,,,1,PHP,2,6,11,0
2027-09-14,The Exaltation of the Holy Cross,4,gospel,Gospel,John 3:13–17,,,,1,JHN,3,13,17,0
2027-09-15,Our Lady of Sorrows,1,firstReading,First Reading,1 Timothy 3:14–16,,,,1,1TI,3,14,16,0
2027-09-15,Our Lady of Sorrows,2,responsorialPsalm,Responsorial Psalm,"Psalm 111:1–2, 3–4, 5–6",,,,1,PSA,111,1,2,0
2027-09-15,Our Lady of Sorrows,2,responsorialPsalm,Responsorial Psalm,"Psalm 111:1–2, 3–4, 5–6",,,,2,PSA,111,3,4,0
2027-09-15,Our Lady of Sorrows,2,responsorialPsalm,Responsorial Psalm,"Psalm 111:1–2, 3–4, 5–6",,,,3,PSA,111,5,6,0
2027-09-15,Our Lady of Sorrows,3,gospel,Gospel,John 19:25–27,,,,1,JHN,19,25,27,0
2027-09-16,"Saints Cornelius, Pope, and Cyprian, Bishop, Martyrs",1,firstReading,First Reading,1 Timothy 4:12–16,,,,1,1TI,4,12,16,0
2027-09-16,"Saints Cornelius, Pope, and Cyprian, Bishop, Martyrs",2,responsorialPsalm,Responsorial Psalm,"Psalm 111:7–8, 9, 10",,,,1,PSA,111,7,8,0
2027-09-16,"Saints Cornelius, Pope, and Cyprian, Bishop, Martyrs",2,responsorialPsalm,Responsorial Psalm,"Psalm 111:7–8, 9, 10",,,,2,PSA,111,9,9,0
2027-09-16,"Saints Cornelius, Pope, and Cyprian, Bishop, Martyrs",2,responsorialPsalm,Responsorial Psalm,"Psalm 111:7–8, 9, 10",,,,3,PSA,111,10,10,0
2027-09-16,"Saints Cornelius, Pope, and Cyprian, Bishop, Martyrs",3,gospel,Gospel,Luke 7:36–50,,,,1,LUK,7,36,50,0
2027-09-17,"Saint Robert Bellarmine, Bishop and Doctor of the Church",1,firstReading,First Reading,1 Timothy 6:2c-12,,,,1,1TI,6,2,12,0
2027-09-17,"Saint Robert Bellarmine, Bishop and Doctor of the Church",2,responsorialPsalm,Responsorial Psalm,"Psalm 49:6–7, 8–10, 17–18, 19–20",,,,1,PSA,49,6,7,0
2027-09-17,"Saint Robert Bellarmine, Bishop and Doctor of the Church",2,responsorialPsalm,Responsorial Psalm,"Psalm 49:6–7, 8–10, 17–18, 19–20",,,,2,PSA,49,8,10,0
2027-09-17,"Saint Robert Bellarmine, Bishop and Doctor of the Church",2,responsorialPsalm,Responsorial Psalm,"Psalm 49:6–7, 8–10, 17–18, 19–20",,,,3,PSA,49,17,18,0
2027-09-17,"Saint Robert Bellarmine, Bishop and Doctor of the Church",2,responsorialPsalm,Responsorial Psalm,"Psalm 49:6–7, 8–10, 17–18, 19–20",,,,4,PSA,49,19,20,0
2027-09-17,"Saint Robert Bellarmine, Bishop and Doctor of the Church",3,gospel,Gospel,Luke 8:1–3,,,,1,LUK,8,1,3,0
2027-09-18,Saturday of the 24th week of Ordinary Time,1,firstReading,First Reading,1 Timothy 6:13–16,,,,1,1TI,6,13,16,0
2027-09-18,Saturday of the 24th week of Ordinary Time,2,responsorialPsalm,Responsorial Psalm,"Psalm 100:1b-2, 3, 4, 5",,,,1,PSA,100,1,2,0
2027-09-18,Saturday of the 24th week of Ordinary Time,2,responsorialPsalm,Responsorial Psalm,"Psalm 100:1b-2, 3, 4, 5",,,,2,PSA,100,3,3,0
2027-09-18,Saturday of the 24th week of Ordinary Time,2,responsorialPsalm,Responsorial Psalm,"Psalm 100:1b-2, 3, 4, 5",,,,3,PSA,100,4,4,0
2027-09-18,Saturday of the 24th week of Ordinary Time,2,responsorialPsalm,Responsorial Psalm,"Psalm 100:1b-2, 3, 4, 5",,,,4,PSA,100,5,5,0
2027-09-18,Saturday of the 24th week of Ordinary Time,3,gospel,Gospel,Luke 8:4–15,,,,1,LUK,8,4,15,0
2027-09-19,25th Sunday of Ordinary Time,1,firstReading,First Reading,"Wisdom 2:12, 17–20",,,,1,WIS,2,12,12,0
2027-09-19,25th Sunday of Ordinary Time,1,firstReading,First Reading,"Wisdom 2:12, 17–20",,,,2,WIS,2,17,20,0
2027-09-19,25th Sunday of Ordinary Time,2,responsorialPsalm,Responsorial Psalm,"Psalm 54:3–4, 5, 6 and 8",,,,1,PSA,54,2,3,1
2027-09-19,25th Sunday of Ordinary Time,2,responsorialPsalm,Responsorial Psalm,"Psalm 54:3–4, 5, 6 and 8",,,,2,PSA,54,4,4,1
2027-09-19,25th Sunday of Ordinary Time,2,responsorialPsalm,Responsorial Psalm,"Psalm 54:3–4, 5, 6 and 8",,,,3,PSA,54,5,5,1
2027-09-19,25th Sunday of Ordinary Time,2,responsorialPsalm,Responsorial Psalm,"Psalm 54:3–4, 5, 6 and 8",,,,4,PSA,54,7,7,1
2027-09-19,25th Sunday of Ordinary Time,3,secondReading,Second Reading,James 3:16–4:3,,,,1,JAS,3,16,18,0
2027-09-19,25th Sunday of Ordinary Time,3,secondReading,Second Reading,James 3:16–4:3,,,,2,JAS,4,1,3,0
2027-09-19,25th Sunday of Ordinary Time,4,gospel,Gospel,Mark 9:30–37,,,,1,MRK,9,30,37,0
2027-09-20,"Saint Andrew Kim Taegon, Priest, and Paul Chong Hasang and Companions, Martyrs",1,firstReading,First Reading,Ezra 1:1–6,,,,1,EZR,1,1,6,0
2027-09-20,"Saint Andrew Kim Taegon, Priest, and Paul Chong Hasang and Companions, Martyrs",2,responsorialPsalm,Responsorial Psalm,"Psalm 126:1b-2ab, 2cd-3, 4–5, 6",,,,1,PSA,126,1,2,0
2027-09-20,"Saint Andrew Kim Taegon, Priest, and Paul Chong Hasang and Companions, Martyrs",2,responsorialPsalm,Responsorial Psalm,"Psalm 126:1b-2ab, 2cd-3, 4–5, 6",,,,2,PSA,126,2,3,0
2027-09-20,"Saint Andrew Kim Taegon, Priest, and Paul Chong Hasang and Companions, Martyrs",2,responsorialPsalm,Responsorial Psalm,"Psalm 126:1b-2ab, 2cd-3, 4–5, 6",,,,3,PSA,126,4,5,0
2027-09-20,"Saint Andrew Kim Taegon, Priest, and Paul Chong Hasang and Companions, Martyrs",2,responsorialPsalm,Responsorial Psalm,"Psalm 126:1b-2ab, 2cd-3, 4–5, 6",,,,4,PSA,126,6,6,0
2027-09-20,"Saint Andrew Kim Taegon, Priest, and Paul Chong Hasang and Companions, Martyrs",3,gospel,Gospel,Luke 8:16–18,,,,1,LUK,8,16,18,0
2027-09-21,"Saint Matthew, Apostle and Evangelist",1,firstReading,First Reading,"Ephesians 4:1–7, 11–13",,,,1,EPH,4,1,7,0
2027-09-21,"Saint Matthew, Apostle and Evangelist",1,firstReading,First Reading,"Ephesians 4:1–7, 11–13",,,,2,EPH,4,11,13,0
2027-09-21,"Saint Matthew, Apostle and Evangelist",2,responsorialPsalm,Responsorial Psalm,"Psalm 19:2–3, 4–5",,,,1,PSA,19,2,3,0
2027-09-21,"Saint Matthew, Apostle and Evangelist",2,responsorialPsalm,Responsorial Psalm,"Psalm 19:2–3, 4–5",,,,2,PSA,19,4,5,0
2027-09-21,"Saint Matthew, Apostle and Evangelist",3,gospel,Gospel,Matthew 9:9–13,,,,1,MAT,9,9,13,0
2027-09-22,Wednesday of the 25th week of Ordinary Time,1,firstReading,First Reading,Ezra 9:5–9,,,,1,EZR,9,5,9,0
2027-09-22,Wednesday of the 25th week of Ordinary Time,2,responsorialPsalm,Responsorial Psalm,"Tobit 13:2, 3–4a, 4befghn, 7–8",,,,1,TOB,13,2,2,0
2027-09-22,Wednesday of the 25th week of Ordinary Time,2,responsorialPsalm,Responsorial Psalm,"Tobit 13:2, 3–4a, 4befghn, 7–8",,,,2,TOB,13,3,4,0
2027-09-22,Wednesday of the 25th week of Ordinary Time,2,responsorialPsalm,Responsorial Psalm,"Tobit 13:2, 3–4a, 4befghn, 7–8",,,,3,TOB,13,4,4,0
2027-09-22,Wednesday of the 25th week of Ordinary Time,2,responsorialPsalm,Responsorial Psalm,"Tobit 13:2, 3–4a, 4befghn, 7–8",,,,4,TOB,13,7,8,0
2027-09-22,Wednesday of the 25th week of Ordinary Time,3,gospel,Gospel,Luke 9:1–6,,,,1,LUK,9,1,6,0
2027-09-23,"Saint Pio of Pietrelcina (Padre Pio), Priest",1,firstReading,First Reading,Haggai 1:1–8,,,,1,HAG,1,1,8,0
2027-09-23,"Saint Pio of Pietrelcina (Padre Pio), Priest",2,responsorialPsalm,Responsorial Psalm,"Psalm 149:1b-2, 3–4, 5–6a and 9b",,,,1,PSA,149,1,2,0
2027-09-23,"Saint Pio of Pietrelcina (Padre Pio), Priest",2,responsorialPsalm,Responsorial Psalm,"Psalm 149:1b-2, 3–4, 5–6a and 9b",,,,2,PSA,149,3,4,0
2027-09-23,"Saint Pio of Pietrelcina (Padre Pio), Priest",2,responsorialPsalm,Responsorial Psalm,"Psalm 149:1b-2, 3–4, 5–6a and 9b",,,,3,PSA,149,5,6,0
2027-09-23,"Saint Pio of Pietrelcina (Padre Pio), Priest",2,responsorialPsalm,Responsorial Psalm,"Psalm 149:1b-2, 3–4, 5–6a and 9b",,,,4,PSA,149,9,9,0
2027-09-23,"Saint Pio of Pietrelcina (Padre Pio), Priest",3,gospel,Gospel,Luke 9:7–9,,,,1,LUK,9,7,9,0
2027-09-24,Friday of the 25th week of Ordinary Time,1,firstReading,First Reading,Haggai 2:1–9,,,,1,HAG,2,1,9,0
2027-09-24,Friday of the 25th week of Ordinary Time,2,responsorialPsalm,Responsorial Psalm,"Psalm 43:1, 2, 3, 4",,,,1,PSA,43,1,1,0
2027-09-24,Friday of the 25th week of Ordinary Time,2,responsorialPsalm,Responsorial Psalm,"Psalm 43:1, 2, 3, 4",,,,2,PSA,43,2,2,0
2027-09-24,Friday of the 25th week of Ordinary Time,2,responsorialPsalm,Responsorial Psalm,"Psalm 43:1, 2, 3, 4",,,,3,PSA,43,3,3,0
2027-09-24,Friday of the 25th week of Ordinary Time,2,responsorialPsalm,Responsorial Psalm,"Psalm 43:1, 2, 3, 4",,,,4,PSA,43,4,4,0
2027-09-24,Friday of the 25th week of Ordinary Time,3,gospel,Gospel,Luke 9:18–22,,,,1,LUK,9,18,22,0
2027-09-25,Saturday of the 25th week of Ordinary Time,1,firstReading,First Reading,"Zechariah 2:5–9, 14–15a",,,,1,ZEC,2,1,5,4
2027-09-25,Saturday of the 25th week of Ordinary Time,1,firstReading,First Reading,"Zechariah 2:5–9, 14–15a",,,,2,ZEC,2,10,11,4
2027-09-25,Saturday of the 25th week of Ordinary Time,2,responsorialPsalm,Responsorial Psalm,"Jeremiah 31:10, 11–12ab, 13",,,,1,JER,31,10,10,0
2027-09-25,Saturday of the 25th week of Ordinary Time,2,responsorialPsalm,Responsorial Psalm,"Jeremiah 31:10, 11–12ab, 13",,,,2,JER,31,11,12,0
2027-09-25,Saturday of the 25th week of Ordinary Time,2,responsorialPsalm,Responsorial Psalm,"Jeremiah 31:10, 11–12ab, 13",,,,3,JER,31,13,13,0
2027-09-25,Saturday of the 25th week of Ordinary Time,3,gospel,Gospel,Luke 9:43b-45,,,,1,LUK,9,43,45,0
2027-09-26,26th Sunday of Ordinary Time,1,firstReading,First Reading,Numbers 11:25–29,,,,1,NUM,11,25,29,0
2027-09-26,26th Sunday of Ordinary Time,2,responsorialPsalm,Responsorial Psalm,"Psalm 19:8, 10, 12–13, 14",,,,1,PSA,19,8,8,0
2027-09-26,26th Sunday of Ordinary Time,2,responsorialPsalm,Responsorial Psalm,"Psalm 19:8, 10, 12–13, 14",,,,2,PSA,19,10,10,0
2027-09-26,26th Sunday of Ordinary Time,2,responsorialPsalm,Responsorial Psalm,"Psalm 19:8, 10, 12–13, 14",,,,3,PSA,19,12,13,0
2027-09-26,26th Sunday of Ordinary Time,2,responsorialPsalm,Responsorial Psalm,"Psalm 19:8, 10, 12–13, 14",,,,4,PSA,19,14,14,0
2027-09-26,26th Sunday of Ordinary Time,3,secondReading,Second Reading,James 5:1–6,,,,1,JAS,5,1,6,0
2027-09-26,26th Sunday of Ordinary Time,4,gospel,Gospel,"Mark 9:38–43, 45, 47–48",,,,1,MRK,9,38,43,0
2027-09-26,26th Sunday of Ordinary Time,4,gospel,Gospel,"Mark 9:38–43, 45, 47–48",,,,2,MRK,9,45,45,0
2027-09-26,26th Sunday of Ordinary Time,4,gospel,Gospel,"Mark 9:38–43, 45, 47–48",,,,3,MRK,9,47,48,0
2027-09-27,"Saint Vincent de Paul, Priest",1,firstReading,First Reading,Zechariah 8:1–8,,,,1,ZEC,8,1,8,0
2027-09-27,"Saint Vincent de Paul, Priest",2,responsorialPsalm,Responsorial Psalm,"Psalm 102:16–18, 19–21, 29 and 22–23",,,,1,PSA,102,15,17,1
2027-09-27,"Saint Vincent de Paul, Priest",2,responsorialPsalm,Responsorial Psalm,"Psalm 102:16–18, 19–21, 29 and 22–23",,,,2,PSA,102,18,20,1
2027-09-27,"Saint Vincent de Paul, Priest",2,responsorialPsalm,Responsorial Psalm,"Psalm 102:16–18, 19–21, 29 and 22–23",,,,3,PSA,102,28,28,1
2027-09-27,"Saint Vincent de Paul, Priest",2,responsorialPsalm,Responsorial Psalm,"Psalm 102:16–18, 19–21, 29 and 22–23",,,,4,PSA,102,21,22,1
2027-09-27,"Saint Vincent de Paul, Priest",3,gospel,Gospel,Luke 9:46–50,,,,1,LUK,9,46,50,0
2027-09-28,"Saint Wenceslaus, Martyr/Saints Lawrence Ruiz and Companions, Martyrs",1,firstReading,First Reading,Zechariah 8:20–23,,,,1,ZEC,8,20,23,0
2027-09-28,"Saint Wenceslaus, Martyr/Saints Lawrence Ruiz and Companions, Martyrs",2,responsorialPsalm,Responsorial Psalm,"Psalm 87:1b-3, 4–5, 6–7",,,,1,PSA,87,1,3,0
2027-09-28,"Saint Wenceslaus, Martyr/Saints Lawrence Ruiz and Companions, Martyrs",2,responsorialPsalm,Responsorial Psalm,"Psalm 87:1b-3, 4–5, 6–7",,,,2,PSA,87,4,5,0
2027-09-28,"Saint Wenceslaus, Martyr/Saints Lawrence Ruiz and Companions, Martyrs",2,responsorialPsalm,Responsorial Psalm,"Psalm 87:1b-3, 4–5, 6–7",,,,3,PSA,87,6,7,0
2027-09-28,"Saint Wenceslaus, Martyr/Saints Lawrence Ruiz and Companions, Martyrs",3,gospel,Gospel,Luke 9:51–56,,,,1,LUK,9,51,56,0
2027-09-29,"Saints Michael, Gabriel and Raphael, Archangels",1,firstReading,First Reading,"Daniel 7:9–10, 13–14",,,,1,DAG,7,9,10,0
2027-09-29,"Saints Michael, Gabriel and Raphael, Archangels",1,firstReading,First Reading,"Daniel 7:9–10, 13–14",,,,2,DAG,7,13,14,0
2027-09-29,"Saints Michael, Gabriel and Raphael, Archangels",2,responsorialPsalm,Responsorial Psalm,"Psalm 138:1–2ab, 2cde-3, 4–5",,,,1,PSA,138,1,2,0
2027-09-29,"Saints Michael, Gabriel and Raphael, Archangels",2,responsorialPsalm,Responsorial Psalm,"Psalm 138:1–2ab, 2cde-3, 4–5",,,,2,PSA,138,2,3,0
2027-09-29,"Saints Michael, Gabriel and Raphael, Archangels",2,responsorialPsalm,Responsorial Psalm,"Psalm 138:1–2ab, 2cde-3, 4–5",,,,3,PSA,138,4,5,0
2027-09-29,"Saints Michael, Gabriel and Raphael, Archangels",3,gospel,Gospel,John 1:47–51,,,,1,JHN,1,47,51,0
2027-09-30,"Saint Jerome, Priest and Doctor",1,firstReading,First Reading,"Nehemiah 8:1–4a, 5–6, 7b-12",,,,1,NEH,8,1,4,0
2027-09-30,"Saint Jerome, Priest and Doctor",1,firstReading,First Reading,"Nehemiah 8:1–4a, 5–6, 7b-12",,,,2,NEH,8,5,6,0
2027-09-30,"Saint Jerome, Priest and Doctor",1,firstReading,First Reading,"Nehemiah 8:1–4a, 5–6, 7b-12",,,,3,NEH,8,7,12,0
2027-09-30,"Saint Jerome, Priest and Doctor",2,responsorialPsalm,Responsorial Psalm,"Psalm 19:8, 9, 10, 11",,,,1,PSA,19,8,8,0
2027-09-30,"Saint Jerome, Priest and Doctor",2,responsorialPsalm,Responsorial Psalm,"Psalm 19:8, 9, 10, 11",,,,2,PSA,19,9,9,0
2027-09-30,"Saint Jerome, Priest and Doctor",2,responsorialPsalm,Responsorial Psalm,"Psalm 19:8, 9, 10, 11",,,,3,PSA,19,10,10,0
2027-09-30,"Saint Jerome, Priest and Doctor",2,responsorialPsalm,Responsorial Psalm,"Psalm 19:8, 9, 10, 11",,,,4,PSA,19,11,11,0
2027-09-30,"Saint Jerome, Priest and Doctor",3,gospel,Gospel,Luke 10:1–12,,,,1,LUK,10,1,12,0
2027-10-01,"Saint Therese of the Child Jesus, Virgin and Doctor",1,firstReading,First Reading,Baruch 1:15–22,,,,1,BAR,1,15,22,0
2027-10-01,"Saint Therese of the Child Jesus, Virgin and Doctor",2,responsorialPsalm,Responsorial Psalm,"Psalm 79:1b-2, 3–5, 8, 9",,,,1,PSA,79,1,2,0
2027-10-01,"Saint Therese of the Child Jesus, Virgin and Doctor",2,responsorialPsalm,Responsorial Psalm,"Psalm 79:1b-2, 3–5, 8, 9",,,,2,PSA,79,3,5,0
2027-10-01,"Saint Therese of the Child Jesus, Virgin and Doctor",2,responsorialPsalm,Responsorial Psalm,"Psalm 79:1b-2, 3–5, 8, 9",,,,3,PSA,79,8,8,0
2027-10-01,"Saint Therese of the Child Jesus, Virgin and Doctor",2,responsorialPsalm,Responsorial Psalm,"Psalm 79:1b-2, 3–5, 8, 9",,,,4,PSA,79,9,9,0
2027-10-01,"Saint Therese of the Child Jesus, Virgin and Doctor",3,gospel,Gospel,Luke 10:13–16,,,,1,LUK,10,13,16,0
2027-10-02,Guardian Angels,1,firstReading,First Reading,"Baruch 4:5–12, 27–29",,,,1,BAR,4,5,12,0
2027-10-02,Guardian Angels,1,firstReading,First Reading,"Baruch 4:5–12, 27–29",,,,2,BAR,4,27,29,0
2027-10-02,Guardian Angels,2,responsorialPsalm,Responsorial Psalm,"Psalm 69:33–35, 36–37",,,,1,PSA,69,32,34,1
2027-10-02,Guardian Angels,2,responsorialPsalm,Responsorial Psalm,"Psalm 69:33–35, 36–37",,,,2,PSA,69,35,36,1
2027-10-02,Guardian Angels,3,gospel,Gospel,"Matthew 18:1–5, 10",,,,1,MAT,18,1,5,0
2027-10-02,Guardian Angels,3,gospel,Gospel,"Matthew 18:1–5, 10",,,,2,MAT,18,10,10,0
2027-10-03,27th Sunday of Ordinary Time,1,firstReading,First Reading,Genesis 2:18–24,,,,1,GEN,2,18,24,0
2027-10-03,27th Sunday of Ordinary Time,2,responsorialPsalm,Responsorial Psalm,"Psalm 128:1–2, 3, 4–5, 6",,,,1,PSA,128,1,2,0
2027-10-03,27th Sunday of Ordinary Time,2,responsorialPsalm,Responsorial Psalm,"Psalm 128:1–2, 3, 4–5, 6",,,,2,PSA,128,3,3,0
2027-10-03,27th Sunday of Ordinary Time,2,responsorialPsalm,Responsorial Psalm,"Psalm 128:1–2, 3, 4–5, 6",,,,3,PSA,128,4,5,0
2027-10-03,27th Sunday of Ordinary Time,2,responsorialPsalm,Responsorial Psalm,"Psalm 128:1–2, 3, 4–5, 6",,,,4,PSA,128,6,6,0
2027-10-03,27th Sunday of Ordinary Time,3,secondReading,Second Reading,Hebrews 2:9–11,,,,1,HEB,2,9,11,0
2027-10-03,27th Sunday of Ordinary Time,4,gospel,Gospel — Choice One,Mark 10:2–16,,gospel,Choice One,1,MRK,10,2,16,0
2027-10-03,27th Sunday of Ordinary Time,5,gospel,Gospel — Choice Two,Mark 10:2–12,,gospel,Choice Two,1,MRK,10,2,12,0
2027-10-04,Saint Francis of Assisi,1,firstReading,First Reading,"Jonah 1:1—2:1–2, 11",,,,1,JON,1,1,16,0
2027-10-04,Saint Francis of Assisi,1,firstReading,First Reading,"Jonah 1:1—2:1–2, 11",,,,2,JON,1,17,17,-16
2027-10-04,Saint Francis of Assisi,1,firstReading,First Reading,"Jonah 1:1—2:1–2, 11",,,,3,JON,2,1,1,1
2027-10-04,Saint Francis of Assisi,1,firstReading,First Reading,"Jonah 1:1—2:1–2, 11",,,,4,JON,2,10,10,1
2027-10-04,Saint Francis of Assisi,2,responsorialPsalm,Responsorial Psalm,"Jonah 2:3, 4, 5, 8",,,,1,JON,2,3,3,0
2027-10-04,Saint Francis of Assisi,2,responsorialPsalm,Responsorial Psalm,"Jonah 2:3, 4, 5, 8",,,,2,JON,2,4,4,0
2027-10-04,Saint Francis of Assisi,2,responsorialPsalm,Responsorial Psalm,"Jonah 2:3, 4, 5, 8",,,,3,JON,2,5,5,0
2027-10-04,Saint Francis of Assisi,2,responsorialPsalm,Responsorial Psalm,"Jonah 2:3, 4, 5, 8",,,,4,JON,2,8,8,0
2027-10-04,Saint Francis of Assisi,3,gospel,Gospel,Luke 10:25–37,,,,1,LUK,10,25,37,0
2027-10-05,Tuesday of the 27th week of Ordinary Time,1,firstReading,First Reading,Jonah 3:1–10,,,,1,JON,3,1,10,0
2027-10-05,Tuesday of the 27th week of Ordinary Time,2,responsorialPsalm,Responsorial Psalm,"Psalm 130:1b-2, 3–4ab, 7–8",,,,1,PSA,130,1,2,0
2027-10-05,Tuesday of the 27th week of Ordinary Time,2,responsorialPsalm,Responsorial Psalm,"Psalm 130:1b-2, 3–4ab, 7–8",,,,2,PSA,130,3,4,0
2027-10-05,Tuesday of the 27th week of Ordinary Time,2,responsorialPsalm,Responsorial Psalm,"Psalm 130:1b-2, 3–4ab, 7–8",,,,3,PSA,130,7,8,0
2027-10-05,Tuesday of the 27th week of Ordinary Time,3,gospel,Gospel,Luke 10:38–42,,,,1,LUK,10,38,42,0
2027-10-06,"Saint Bruno, Priest",1,firstReading,First Reading,Jonah 4:1–11,,,,1,JON,4,1,11,0
2027-10-06,"Saint Bruno, Priest",2,responsorialPsalm,Responsorial Psalm,"Psalm 86:3–4, 5–6, 9–10",,,,1,PSA,86,3,4,0
2027-10-06,"Saint Bruno, Priest",2,responsorialPsalm,Responsorial Psalm,"Psalm 86:3–4, 5–6, 9–10",,,,2,PSA,86,5,6,0
2027-10-06,"Saint Bruno, Priest",2,responsorialPsalm,Responsorial Psalm,"Psalm 86:3–4, 5–6, 9–10",,,,3,PSA,86,9,10,0
2027-10-06,"Saint Bruno, Priest",3,gospel,Gospel,Luke 11:1–4,,,,1,LUK,11,1,4,0
2027-10-07,Our Lady of the Rosary,1,firstReading,First Reading,Malachi 3:13–20b,,,,1,MAL,3,13,18,0
2027-10-07,Our Lady of the Rosary,1,firstReading,First Reading,Malachi 3:13–20b,,,,2,MAL,4,1,2,18
2027-10-07,Our Lady of the Rosary,2,responsorialPsalm,Responsorial Psalm,"Psalm 1:1–2, 3, 4 and 6",,,,1,PSA,1,1,2,0
2027-10-07,Our Lady of the Rosary,2,responsorialPsalm,Responsorial Psalm,"Psalm 1:1–2, 3, 4 and 6",,,,2,PSA,1,3,3,0
2027-10-07,Our Lady of the Rosary,2,responsorialPsalm,Responsorial Psalm,"Psalm 1:1–2, 3, 4 and 6",,,,3,PSA,1,4,4,0
2027-10-07,Our Lady of the Rosary,2,responsorialPsalm,Responsorial Psalm,"Psalm 1:1–2, 3, 4 and 6",,,,4,PSA,1,6,6,0
2027-10-07,Our Lady of the Rosary,3,gospel,Gospel,Luke 11:5–13,,,,1,LUK,11,5,13,0
2027-10-08,Friday of the 27th week of Ordinary Time,1,firstReading,First Reading,Joel 1:13–15; 2:1–2,,,,1,JOL,1,13,15,0
2027-10-08,Friday of the 27th week of Ordinary Time,1,firstReading,First Reading,Joel 1:13–15; 2:1–2,,,,2,JOL,2,1,2,0
2027-10-08,Friday of the 27th week of Ordinary Time,2,responsorialPsalm,Responsorial Psalm,"Psalm 9:2–3, 6 and 16, 8–9",,,,1,PSA,9,2,3,0
2027-10-08,Friday of the 27th week of Ordinary Time,2,responsorialPsalm,Responsorial Psalm,"Psalm 9:2–3, 6 and 16, 8–9",,,,2,PSA,9,6,6,0
2027-10-08,Friday of the 27th week of Ordinary Time,2,responsorialPsalm,Responsorial Psalm,"Psalm 9:2–3, 6 and 16, 8–9",,,,3,PSA,9,16,16,0
2027-10-08,Friday of the 27th week of Ordinary Time,2,responsorialPsalm,Responsorial Psalm,"Psalm 9:2–3, 6 and 16, 8–9",,,,4,PSA,9,8,9,0
2027-10-08,Friday of the 27th week of Ordinary Time,3,gospel,Gospel,Luke 11:15–26,,,,1,LUK,11,15,26,0
2027-10-09,"Saint Denis and Companions Martyrs/Saint John Leonardi, Priest",1,firstReading,First Reading,Joel 4:12–21,,,,1,JOL,3,12,21,0
2027-10-09,"Saint Denis and Companions Martyrs/Saint John Leonardi, Priest",2,responsorialPsalm,Responsorial Psalm,"Psalm 97:1–2, 5–6, 11–12",,,,1,PSA,97,1,2,0
2027-10-09,"Saint Denis and Companions Martyrs/Saint John Leonardi, Priest",2,responsorialPsalm,Responsorial Psalm,"Psalm 97:1–2, 5–6, 11–12",,,,2,PSA,97,5,6,0
2027-10-09,"Saint Denis and Companions Martyrs/Saint John Leonardi, Priest",2,responsorialPsalm,Responsorial Psalm,"Psalm 97:1–2, 5–6, 11–12",,,,3,PSA,97,11,12,0
2027-10-09,"Saint Denis and Companions Martyrs/Saint John Leonardi, Priest",3,gospel,Gospel,Luke 11:27–28,,,,1,LUK,11,27,28,0
2027-10-10,28th Sunday of Ordinary Time,1,firstReading,First Reading,Wisdom 7:7–11,,,,1,WIS,7,7,11,0
2027-10-10,28th Sunday of Ordinary Time,2,responsorialPsalm,Responsorial Psalm,"Psalm 90:12–13, 14–15, 16–17",,,,1,PSA,90,12,13,0
2027-10-10,28th Sunday of Ordinary Time,2,responsorialPsalm,Responsorial Psalm,"Psalm 90:12–13, 14–15, 16–17",,,,2,PSA,90,14,15,0
2027-10-10,28th Sunday of Ordinary Time,2,responsorialPsalm,Responsorial Psalm,"Psalm 90:12–13, 14–15, 16–17",,,,3,PSA,90,16,17,0
2027-10-10,28th Sunday of Ordinary Time,3,secondReading,Second Reading,Hebrews 4:12–13,,,,1,HEB,4,12,13,0
2027-10-10,28th Sunday of Ordinary Time,4,gospel,Gospel — Choice One,Mark 10:17–30,,gospel,Choice One,1,MRK,10,17,30,0
2027-10-10,28th Sunday of Ordinary Time,5,gospel,Gospel — Choice Two,Mark 10:17–27,,gospel,Choice Two,1,MRK,10,17,27,0
2027-10-11,Pope Saint John XXIII,1,firstReading,First Reading,Romans 1:1–7,,,,1,ROM,1,1,7,0
2027-10-11,Pope Saint John XXIII,2,responsorialPsalm,Responsorial Psalm,"Psalm 98:1bcde, 2–3ab, 3cd-4",,,,1,PSA,98,1,1,0
2027-10-11,Pope Saint John XXIII,2,responsorialPsalm,Responsorial Psalm,"Psalm 98:1bcde, 2–3ab, 3cd-4",,,,2,PSA,98,2,3,0
2027-10-11,Pope Saint John XXIII,2,responsorialPsalm,Responsorial Psalm,"Psalm 98:1bcde, 2–3ab, 3cd-4",,,,3,PSA,98,3,4,0
2027-10-11,Pope Saint John XXIII,3,gospel,Gospel,Luke 11:29–32,,,,1,LUK,11,29,32,0
2027-10-12,Tuesday of the 28th week of Ordinary Time,1,firstReading,First Reading,Romans 1:16–25,,,,1,ROM,1,16,25,0
2027-10-12,Tuesday of the 28th week of Ordinary Time,2,responsorialPsalm,Responsorial Psalm,"Psalm 19:2–3, 4–5",,,,1,PSA,19,2,3,0
2027-10-12,Tuesday of the 28th week of Ordinary Time,2,responsorialPsalm,Responsorial Psalm,"Psalm 19:2–3, 4–5",,,,2,PSA,19,4,5,0
2027-10-12,Tuesday of the 28th week of Ordinary Time,3,gospel,Gospel,Luke 11:37–41,,,,1,LUK,11,37,41,0
2027-10-13,Wednesday of the 28th week of Ordinary Time,1,firstReading,First Reading,Romans 2:1–11,,,,1,ROM,2,1,11,0
2027-10-13,Wednesday of the 28th week of Ordinary Time,2,responsorialPsalm,Responsorial Psalm,"Psalm 62:2–3, 6–7, 9",,,,1,PSA,62,2,3,0
2027-10-13,Wednesday of the 28th week of Ordinary Time,2,responsorialPsalm,Responsorial Psalm,"Psalm 62:2–3, 6–7, 9",,,,2,PSA,62,6,7,0
2027-10-13,Wednesday of the 28th week of Ordinary Time,2,responsorialPsalm,Responsorial Psalm,"Psalm 62:2–3, 6–7, 9",,,,3,PSA,62,9,9,0
2027-10-13,Wednesday of the 28th week of Ordinary Time,3,gospel,Gospel,Luke 11:42–46,,,,1,LUK,11,42,46,0
2027-10-14,"Saint Callistus I, Pope and Martyr",1,firstReading,First Reading,Romans 3:21–30,,,,1,ROM,3,21,30,0
2027-10-14,"Saint Callistus I, Pope and Martyr",2,responsorialPsalm,Responsorial Psalm,"Psalm 130:1b-2, 3–4, 5–6ab",,,,1,PSA,130,1,2,0
2027-10-14,"Saint Callistus I, Pope and Martyr",2,responsorialPsalm,Responsorial Psalm,"Psalm 130:1b-2, 3–4, 5–6ab",,,,2,PSA,130,3,4,0
2027-10-14,"Saint Callistus I, Pope and Martyr",2,responsorialPsalm,Responsorial Psalm,"Psalm 130:1b-2, 3–4, 5–6ab",,,,3,PSA,130,5,6,0
2027-10-14,"Saint Callistus I, Pope and Martyr",3,gospel,Gospel,Luke 11:47–54,,,,1,LUK,11,47,54,0
2027-10-15,"Saint Teresa of Jesus, Virgin and Doctor",1,firstReading,First Reading,Romans 4:1–8,,,,1,ROM,4,1,8,0
2027-10-15,"Saint Teresa of Jesus, Virgin and Doctor",2,responsorialPsalm,Responsorial Psalm,"Psalm 32:1b-2, 5, 11",,,,1,PSA,32,1,2,0
2027-10-15,"Saint Teresa of Jesus, Virgin and Doctor",2,responsorialPsalm,Responsorial Psalm,"Psalm 32:1b-2, 5, 11",,,,2,PSA,32,5,5,0
2027-10-15,"Saint Teresa of Jesus, Virgin and Doctor",2,responsorialPsalm,Responsorial Psalm,"Psalm 32:1b-2, 5, 11",,,,3,PSA,32,11,11,0
2027-10-15,"Saint Teresa of Jesus, Virgin and Doctor",3,gospel,Gospel,Luke 12:1–7,,,,1,LUK,12,1,7,0
2027-10-16,"Saint Hedwig, Religious/Saint Margaret Mary Alacoque, Virgin",1,firstReading,First Reading,"Romans 4:13, 16–18",,,,1,ROM,4,13,13,0
2027-10-16,"Saint Hedwig, Religious/Saint Margaret Mary Alacoque, Virgin",1,firstReading,First Reading,"Romans 4:13, 16–18",,,,2,ROM,4,16,18,0
2027-10-16,"Saint Hedwig, Religious/Saint Margaret Mary Alacoque, Virgin",2,responsorialPsalm,Responsorial Psalm,"Psalm 105:6–7, 8–9, 42–43",,,,1,PSA,105,6,7,0
2027-10-16,"Saint Hedwig, Religious/Saint Margaret Mary Alacoque, Virgin",2,responsorialPsalm,Responsorial Psalm,"Psalm 105:6–7, 8–9, 42–43",,,,2,PSA,105,8,9,0
2027-10-16,"Saint Hedwig, Religious/Saint Margaret Mary Alacoque, Virgin",2,responsorialPsalm,Responsorial Psalm,"Psalm 105:6–7, 8–9, 42–43",,,,3,PSA,105,42,43,0
2027-10-16,"Saint Hedwig, Religious/Saint Margaret Mary Alacoque, Virgin",3,gospel,Gospel,Luke 12:8–12,,,,1,LUK,12,8,12,0
2027-10-17,29th Sunday of Ordinary Time,1,firstReading,First Reading,Isaiah 53:10–11,,,,1,ISA,53,10,11,0
2027-10-17,29th Sunday of Ordinary Time,2,responsorialPsalm,Responsorial Psalm,"Psalm 33:4–5, 18–19, 20, 22",,,,1,PSA,33,4,5,0
2027-10-17,29th Sunday of Ordinary Time,2,responsorialPsalm,Responsorial Psalm,"Psalm 33:4–5, 18–19, 20, 22",,,,2,PSA,33,18,19,0
2027-10-17,29th Sunday of Ordinary Time,2,responsorialPsalm,Responsorial Psalm,"Psalm 33:4–5, 18–19, 20, 22",,,,3,PSA,33,20,20,0
2027-10-17,29th Sunday of Ordinary Time,2,responsorialPsalm,Responsorial Psalm,"Psalm 33:4–5, 18–19, 20, 22",,,,4,PSA,33,22,22,0
2027-10-17,29th Sunday of Ordinary Time,3,secondReading,Second Reading,Hebrews 4:14–16,,,,1,HEB,4,14,16,0
2027-10-17,29th Sunday of Ordinary Time,4,gospel,Gospel — Choice One,Mark 10:35–45,,gospel,Choice One,1,MRK,10,35,45,0
2027-10-17,29th Sunday of Ordinary Time,5,gospel,Gospel — Choice Two,Mark 10:42–45,,gospel,Choice Two,1,MRK,10,42,45,0
2027-10-18,Saint Luke the Evangelist,1,firstReading,First Reading,2 Timothy 4:10–17b,,,,1,2TI,4,10,17,0
2027-10-18,Saint Luke the Evangelist,2,responsorialPsalm,Responsorial Psalm,"Psalm 145:10–11, 12–13, 17–18",,,,1,PSA,145,10,11,0
2027-10-18,Saint Luke the Evangelist,2,responsorialPsalm,Responsorial Psalm,"Psalm 145:10–11, 12–13, 17–18",,,,2,PSA,145,12,13,0
2027-10-18,Saint Luke the Evangelist,2,responsorialPsalm,Responsorial Psalm,"Psalm 145:10–11, 12–13, 17–18",,,,3,PSA,145,17,18,0
2027-10-18,Saint Luke the Evangelist,3,gospel,Gospel,Luke 10:1–9,,,,1,LUK,10,1,9,0
2027-10-19,"Saints Jean de Brebeuf and Isaac Jogues, Priests and Companions, Martyrs/Saint Paul of the Cross, Priest",1,firstReading,First Reading,"Romans 5:12, 15b, 17–19, 20b-21",,,,1,ROM,5,12,12,0
2027-10-19,"Saints Jean de Brebeuf and Isaac Jogues, Priests and Companions, Martyrs/Saint Paul of the Cross, Priest",1,firstReading,First Reading,"Romans 5:12, 15b, 17–19, 20b-21",,,,2,ROM,5,15,15,0
2027-10-19,"Saints Jean de Brebeuf and Isaac Jogues, Priests and Companions, Martyrs/Saint Paul of the Cross, Priest",1,firstReading,First Reading,"Romans 5:12, 15b, 17–19, 20b-21",,,,3,ROM,5,17,19,0
2027-10-19,"Saints Jean de Brebeuf and Isaac Jogues, Priests and Companions, Martyrs/Saint Paul of the Cross, Priest",1,firstReading,First Reading,"Romans 5:12, 15b, 17–19, 20b-21",,,,4,ROM,5,20,21,0
2027-10-19,"Saints Jean de Brebeuf and Isaac Jogues, Priests and Companions, Martyrs/Saint Paul of the Cross, Priest",2,responsorialPsalm,Responsorial Psalm,"Psalm 40:7–8a, 8b-9, 10, 17",,,,1,PSA,40,7,8,0
2027-10-19,"Saints Jean de Brebeuf and Isaac Jogues, Priests and Companions, Martyrs/Saint Paul of the Cross, Priest",2,responsorialPsalm,Responsorial Psalm,"Psalm 40:7–8a, 8b-9, 10, 17",,,,2,PSA,40,8,9,0
2027-10-19,"Saints Jean de Brebeuf and Isaac Jogues, Priests and Companions, Martyrs/Saint Paul of the Cross, Priest",2,responsorialPsalm,Responsorial Psalm,"Psalm 40:7–8a, 8b-9, 10, 17",,,,3,PSA,40,10,10,0
2027-10-19,"Saints Jean de Brebeuf and Isaac Jogues, Priests and Companions, Martyrs/Saint Paul of the Cross, Priest",2,responsorialPsalm,Responsorial Psalm,"Psalm 40:7–8a, 8b-9, 10, 17",,,,4,PSA,40,17,17,0
2027-10-19,"Saints Jean de Brebeuf and Isaac Jogues, Priests and Companions, Martyrs/Saint Paul of the Cross, Priest",3,gospel,Gospel,Luke 12:35–38,,,,1,LUK,12,35,38,0
2027-10-20,Wednesday of the 29th week of Ordinary Time,1,firstReading,First Reading,Romans 6:12–18,,,,1,ROM,6,12,18,0
2027-10-20,Wednesday of the 29th week of Ordinary Time,2,responsorialPsalm,Responsorial Psalm,"Psalm 124:1b-3, 4–6, 7–8",,,,1,PSA,124,1,3,0
2027-10-20,Wednesday of the 29th week of Ordinary Time,2,responsorialPsalm,Responsorial Psalm,"Psalm 124:1b-3, 4–6, 7–8",,,,2,PSA,124,4,6,0
2027-10-20,Wednesday of the 29th week of Ordinary Time,2,responsorialPsalm,Responsorial Psalm,"Psalm 124:1b-3, 4–6, 7–8",,,,3,PSA,124,7,8,0
2027-10-20,Wednesday of the 29th week of Ordinary Time,3,gospel,Gospel,Luke 12:39–48,,,,1,LUK,12,39,48,0
2027-10-21,Thursday of the 29th week of Ordinary Time,1,firstReading,First Reading,Romans 6:19–23,,,,1,ROM,6,19,23,0
2027-10-21,Thursday of the 29th week of Ordinary Time,2,responsorialPsalm,Responsorial Psalm,"Psalm 1:1–2, 3, 4 and 6",,,,1,PSA,1,1,2,0
2027-10-21,Thursday of the 29th week of Ordinary Time,2,responsorialPsalm,Responsorial Psalm,"Psalm 1:1–2, 3, 4 and 6",,,,2,PSA,1,3,3,0
2027-10-21,Thursday of the 29th week of Ordinary Time,2,responsorialPsalm,Responsorial Psalm,"Psalm 1:1–2, 3, 4 and 6",,,,3,PSA,1,4,4,0
2027-10-21,Thursday of the 29th week of Ordinary Time,2,responsorialPsalm,Responsorial Psalm,"Psalm 1:1–2, 3, 4 and 6",,,,4,PSA,1,6,6,0
2027-10-21,Thursday of the 29th week of Ordinary Time,3,gospel,Gospel,Luke 12:49–53,,,,1,LUK,12,49,53,0
2027-10-22,Pope Saint John Paul II,1,firstReading,First Reading,Romans 7:18–25a,,,,1,ROM,7,18,25,0
2027-10-22,Pope Saint John Paul II,2,responsorialPsalm,Responsorial Psalm,"Psalm 119:66, 68, 76, 77, 93, 94",,,,1,PSA,119,66,66,0
2027-10-22,Pope Saint John Paul II,2,responsorialPsalm,Responsorial Psalm,"Psalm 119:66, 68, 76, 77, 93, 94",,,,2,PSA,119,68,68,0
2027-10-22,Pope Saint John Paul II,2,responsorialPsalm,Responsorial Psalm,"Psalm 119:66, 68, 76, 77, 93, 94",,,,3,PSA,119,76,76,0
2027-10-22,Pope Saint John Paul II,2,responsorialPsalm,Responsorial Psalm,"Psalm 119:66, 68, 76, 77, 93, 94",,,,4,PSA,119,77,77,0
2027-10-22,Pope Saint John Paul II,2,responsorialPsalm,Responsorial Psalm,"Psalm 119:66, 68, 76, 77, 93, 94",,,,5,PSA,119,93,93,0
2027-10-22,Pope Saint John Paul II,2,responsorialPsalm,Responsorial Psalm,"Psalm 119:66, 68, 76, 77, 93, 94",,,,6,PSA,119,94,94,0
2027-10-22,Pope Saint John Paul II,3,gospel,Gospel,Luke 12:54–59,,,,1,LUK,12,54,59,0
2027-10-23,"Saint John of Capistrano, Priest",1,firstReading,First Reading,Romans 8:1–11,,,,1,ROM,8,1,11,0
2027-10-23,"Saint John of Capistrano, Priest",2,responsorialPsalm,Responsorial Psalm,"Psalm 24:1b-2, 3–4ab, 5–6",,,,1,PSA,24,1,2,0
2027-10-23,"Saint John of Capistrano, Priest",2,responsorialPsalm,Responsorial Psalm,"Psalm 24:1b-2, 3–4ab, 5–6",,,,2,PSA,24,3,4,0
2027-10-23,"Saint John of Capistrano, Priest",2,responsorialPsalm,Responsorial Psalm,"Psalm 24:1b-2, 3–4ab, 5–6",,,,3,PSA,24,5,6,0
2027-10-23,"Saint John of Capistrano, Priest",3,gospel,Gospel,Luke 13:1–9,,,,1,LUK,13,1,9,0
2027-10-24,30th Sunday of Ordinary Time,1,firstReading,First Reading,Jeremiah 31:7–9,,,,1,JER,31,7,9,0
2027-10-24,30th Sunday of Ordinary Time,2,responsorialPsalm,Responsorial Psalm,"Psalm 126:1–2, 2–3, 4–5, 6",,,,1,PSA,126,1,2,0
2027-10-24,30th Sunday of Ordinary Time,2,responsorialPsalm,Responsorial Psalm,"Psalm 126:1–2, 2–3, 4–5, 6",,,,2,PSA,126,2,3,0
2027-10-24,30th Sunday of Ordinary Time,2,responsorialPsalm,Responsorial Psalm,"Psalm 126:1–2, 2–3, 4–5, 6",,,,3,PSA,126,4,5,0
2027-10-24,30th Sunday of Ordinary Time,2,responsorialPsalm,Responsorial Psalm,"Psalm 126:1–2, 2–3, 4–5, 6",,,,4,PSA,126,6,6,0
2027-10-24,30th Sunday of Ordinary Time,3,secondReading,Second Reading,Hebrews 5:1–6,,,,1,HEB,5,1,6,0
2027-10-24,30th Sunday of Ordinary Time,4,gospel,Gospel,Mark 10:46–52,,,,1,MRK,10,46,52,0
2027-10-25,Monday of the 30th week of Ordinary Time,1,firstReading,First Reading,Romans 8:12–17,,,,1,ROM,8,12,17,0
2027-10-25,Monday of the 30th week of Ordinary Time,2,responsorialPsalm,Responsorial Psalm,"Psalm 68:2 and 4, 6–7ab, 20–21",,,,1,PSA,68,2,2,0
2027-10-25,Monday of the 30th week of Ordinary Time,2,responsorialPsalm,Responsorial Psalm,"Psalm 68:2 and 4, 6–7ab, 20–21",,,,2,PSA,68,4,4,0
2027-10-25,Monday of the 30th week of Ordinary Time,2,responsorialPsalm,Responsorial Psalm,"Psalm 68:2 and 4, 6–7ab, 20–21",,,,3,PSA,68,6,7,0
2027-10-25,Monday of the 30th week of Ordinary Time,2,responsorialPsalm,Responsorial Psalm,"Psalm 68:2 and 4, 6–7ab, 20–21",,,,4,PSA,68,20,21,0
2027-10-25,Monday of the 30th week of Ordinary Time,3,gospel,Gospel,Luke 13:10–17,,,,1,LUK,13,10,17,0
2027-10-26,Tuesday of the 30th week of Ordinary Time,1,firstReading,First Reading,Romans 8:18–25,,,,1,ROM,8,18,25,0
2027-10-26,Tuesday of the 30th week of Ordinary Time,2,responsorialPsalm,Responsorial Psalm,"Psalm 126:1b-2ab, 2cd-3, 4–5, 6",,,,1,PSA,126,1,2,0
2027-10-26,Tuesday of the 30th week of Ordinary Time,2,responsorialPsalm,Responsorial Psalm,"Psalm 126:1b-2ab, 2cd-3, 4–5, 6",,,,2,PSA,126,2,3,0
2027-10-26,Tuesday of the 30th week of Ordinary Time,2,responsorialPsalm,Responsorial Psalm,"Psalm 126:1b-2ab, 2cd-3, 4–5, 6",,,,3,PSA,126,4,5,0
2027-10-26,Tuesday of the 30th week of Ordinary Time,2,responsorialPsalm,Responsorial Psalm,"Psalm 126:1b-2ab, 2cd-3, 4–5, 6",,,,4,PSA,126,6,6,0
2027-10-26,Tuesday of the 30th week of Ordinary Time,3,gospel,Gospel,Luke 13:18–21,,,,1,LUK,13,18,21,0
2027-10-27,Wednesday of the 30th week of Ordinary Time,1,firstReading,First Reading,Romans 8:26–30,,,,1,ROM,8,26,30,0
2027-10-27,Wednesday of the 30th week of Ordinary Time,2,responsorialPsalm,Responsorial Psalm,"Psalm 13:4–5, 6",,,,1,PSA,13,4,5,0
2027-10-27,Wednesday of the 30th week of Ordinary Time,2,responsorialPsalm,Responsorial Psalm,"Psalm 13:4–5, 6",,,,2,PSA,13,6,6,0
2027-10-27,Wednesday of the 30th week of Ordinary Time,3,gospel,Gospel,Luke 13:22–30,,,,1,LUK,13,22,30,0
2027-10-28,"Saints Simon and Jude, Apostles",1,firstReading,First Reading,Ephesians 2:19–22,,,,1,EPH,2,19,22,0
2027-10-28,"Saints Simon and Jude, Apostles",2,responsorialPsalm,Responsorial Psalm,"Psalm 19:2–3, 4–5",,,,1,PSA,19,2,3,0
2027-10-28,"Saints Simon and Jude, Apostles",2,responsorialPsalm,Responsorial Psalm,"Psalm 19:2–3, 4–5",,,,2,PSA,19,4,5,0
2027-10-28,"Saints Simon and Jude, Apostles",3,gospel,Gospel,Luke 6:12–16,,,,1,LUK,6,12,16,0
2027-10-29,Friday of the 30th week of Ordinary Time,1,firstReading,First Reading,Romans 9:1–5,,,,1,ROM,9,1,5,0
2027-10-29,Friday of the 30th week of Ordinary Time,2,responsorialPsalm,Responsorial Psalm,"Psalm 147:12–13, 14–15, 19–20",,,,1,PSA,147,12,13,0
2027-10-29,Friday of the 30th week of Ordinary Time,2,responsorialPsalm,Responsorial Psalm,"Psalm 147:12–13, 14–15, 19–20",,,,2,PSA,147,14,15,0
2027-10-29,Friday of the 30th week of Ordinary Time,2,responsorialPsalm,Responsorial Psalm,"Psalm 147:12–13, 14–15, 19–20",,,,3,PSA,147,19,20,0
2027-10-29,Friday of the 30th week of Ordinary Time,3,gospel,Gospel,Luke 14:1–6,,,,1,LUK,14,1,6,0
2027-10-30,Saturday of the 30th week of Ordinary Time,1,firstReading,First Reading,"Romans 11:1–2a, 11–12, 25–29",,,,1,ROM,11,1,2,0
2027-10-30,Saturday of the 30th week of Ordinary Time,1,firstReading,First Reading,"Romans 11:1–2a, 11–12, 25–29",,,,2,ROM,11,11,12,0
2027-10-30,Saturday of the 30th week of Ordinary Time,1,firstReading,First Reading,"Romans 11:1–2a, 11–12, 25–29",,,,3,ROM,11,25,29,0
2027-10-30,Saturday of the 30th week of Ordinary Time,2,responsorialPsalm,Responsorial Psalm,"Psalm 94:12–13a, 14–15, 17–18",,,,1,PSA,94,12,13,0
2027-10-30,Saturday of the 30th week of Ordinary Time,2,responsorialPsalm,Responsorial Psalm,"Psalm 94:12–13a, 14–15, 17–18",,,,2,PSA,94,14,15,0
2027-10-30,Saturday of the 30th week of Ordinary Time,2,responsorialPsalm,Responsorial Psalm,"Psalm 94:12–13a, 14–15, 17–18",,,,3,PSA,94,17,18,0
2027-10-30,Saturday of the 30th week of Ordinary Time,3,gospel,Gospel,"Luke 14:1, 7–11",,,,1,LUK,14,1,1,0
2027-10-30,Saturday of the 30th week of Ordinary Time,3,gospel,Gospel,"Luke 14:1, 7–11",,,,2,LUK,14,7,11,0
2027-10-31,31st Sunday of Ordinary Time,1,firstReading,First Reading,Deuteronomy 6:2–6,,,,1,DEU,6,2,6,0
2027-10-31,31st Sunday of Ordinary Time,2,responsorialPsalm,Responsorial Psalm,"Psalm 18:2–3, 3–4, 47, 51",,,,1,PSA,18,1,2,1
2027-10-31,31st Sunday of Ordinary Time,2,responsorialPsalm,Responsorial Psalm,"Psalm 18:2–3, 3–4, 47, 51",,,,2,PSA,18,2,3,1
2027-10-31,31st Sunday of Ordinary Time,2,responsorialPsalm,Responsorial Psalm,"Psalm 18:2–3, 3–4, 47, 51",,,,3,PSA,18,46,46,1
2027-10-31,31st Sunday of Ordinary Time,2,responsorialPsalm,Responsorial Psalm,"Psalm 18:2–3, 3–4, 47, 51",,,,4,PSA,18,50,50,1
2027-10-31,31st Sunday of Ordinary Time,3,secondReading,Second Reading,Hebrews 7:23–28,,,,1,HEB,7,23,28,0
2027-10-31,31st Sunday of Ordinary Time,4,gospel,Gospel,Mark 12:28b-34,,,,1,MRK,12,28,34,0
2027-11-01,All Saints,1,firstReading,First Reading,"Revelation 7:2–4, 9–14",,,,1,REV,7,2,4,0
2027-11-01,All Saints,1,firstReading,First Reading,"Revelation 7:2–4, 9–14",,,,2,REV,7,9,14,0
2027-11-01,All Saints,2,responsorialPsalm,Responsorial Psalm,"Psalm 24:1bc-2, 3–4ab, 5–6",,,,1,PSA,24,1,2,0
2027-11-01,All Saints,2,responsorialPsalm,Responsorial Psalm,"Psalm 24:1bc-2, 3–4ab, 5–6",,,,2,PSA,24,3,4,0
2027-11-01,All Saints,2,responsorialPsalm,Responsorial Psalm,"Psalm 24:1bc-2, 3–4ab, 5–6",,,,3,PSA,24,5,6,0
2027-11-01,All Saints,3,secondReading,Second Reading,1 John 3:1–3,,,,1,1JN,3,1,3,0
2027-11-01,All Saints,4,gospel,Gospel,Matthew 5:1–12a,,,,1,MAT,5,1,12,0
2027-11-02,All Souls,1,firstReading,First Reading,Wisdom 3:1–9,,,,1,WIS,3,1,9,0
2027-11-02,All Souls,2,responsorialPsalm,Responsorial Psalm,"Psalm 23:1–3a, 3b-4, 5, 6",,,,1,PSA,23,1,3,0
2027-11-02,All Souls,2,responsorialPsalm,Responsorial Psalm,"Psalm 23:1–3a, 3b-4, 5, 6",,,,2,PSA,23,3,4,0
2027-11-02,All Souls,2,responsorialPsalm,Responsorial Psalm,"Psalm 23:1–3a, 3b-4, 5, 6",,,,3,PSA,23,5,5,0
2027-11-02,All Souls,2,responsorialPsalm,Responsorial Psalm,"Psalm 23:1–3a, 3b-4, 5, 6",,,,4,PSA,23,6,6,0
2027-11-02,All Souls,3,secondReading,Second Reading,Romans 5:5–11,,,,1,ROM,5,5,11,0
2027-11-02,All Souls,4,gospel,Gospel,John 6:37–40,,,,1,JHN,6,37,40,0
2027-11-03,"Saint Martin de Porres, Religious",1,firstReading,First Reading,Romans 13:8–10,,,,1,ROM,13,8,10,0
2027-11-03,"Saint Martin de Porres, Religious",2,responsorialPsalm,Responsorial Psalm,"Psalm 112:1b-2, 4–5, 9",,,,1,PSA,112,1,2,0
2027-11-03,"Saint Martin de Porres, Religious",2,responsorialPsalm,Responsorial Psalm,"Psalm 112:1b-2, 4–5, 9",,,,2,PSA,112,4,5,0
2027-11-03,"Saint Martin de Porres, Religious",2,responsorialPsalm,Responsorial Psalm,"Psalm 112:1b-2, 4–5, 9",,,,3,PSA,112,9,9,0
2027-11-03,"Saint Martin de Porres, Religious",3,gospel,Gospel,Luke 14:25–33,,,,1,LUK,14,25,33,0
2027-11-04,"Saint Charles Borromeo, Bishop",1,firstReading,First Reading,Romans 14:7–12,,,,1,ROM,14,7,12,0
2027-11-04,"Saint Charles Borromeo, Bishop",2,responsorialPsalm,Responsorial Psalm,"Psalm 27:1bcde, 4, 13–14",,,,1,PSA,27,1,1,0
2027-11-04,"Saint Charles Borromeo, Bishop",2,responsorialPsalm,Responsorial Psalm,"Psalm 27:1bcde, 4, 13–14",,,,2,PSA,27,4,4,0
2027-11-04,"Saint Charles Borromeo, Bishop",2,responsorialPsalm,Responsorial Psalm,"Psalm 27:1bcde, 4, 13–14",,,,3,PSA,27,13,14,0
2027-11-04,"Saint Charles Borromeo, Bishop",3,gospel,Gospel,Luke 15:1–10,,,,1,LUK,15,1,10,0
2027-11-05,Friday of the 31st week of Ordinary Time,1,firstReading,First Reading,Romans 15:14–21,,,,1,ROM,15,14,21,0
2027-11-05,Friday of the 31st week of Ordinary Time,2,responsorialPsalm,Responsorial Psalm,"Psalm 98:1, 2–3ab, 3cd-4",,,,1,PSA,98,1,1,0
2027-11-05,Friday of the 31st week of Ordinary Time,2,responsorialPsalm,Responsorial Psalm,"Psalm 98:1, 2–3ab, 3cd-4",,,,2,PSA,98,2,3,0
2027-11-05,Friday of the 31st week of Ordinary Time,2,responsorialPsalm,Responsorial Psalm,"Psalm 98:1, 2–3ab, 3cd-4",,,,3,PSA,98,3,4,0
2027-11-05,Friday of the 31st week of Ordinary Time,3,gospel,Gospel,Luke 16:1–8,,,,1,LUK,16,1,8,0
2027-11-06,Saturday of the 31st week of Ordinary Time,1,firstReading,First Reading,"Romans 16:3–9, 16, 22–27",,,,1,ROM,16,3,9,0
2027-11-06,Saturday of the 31st week of Ordinary Time,1,firstReading,First Reading,"Romans 16:3–9, 16, 22–27",,,,2,ROM,16,16,16,0
2027-11-06,Saturday of the 31st week of Ordinary Time,1,firstReading,First Reading,"Romans 16:3–9, 16, 22–27",,,,3,ROM,16,22,24,0
2027-11-06,Saturday of the 31st week of Ordinary Time,1,firstReading,First Reading,"Romans 16:3–9, 16, 22–27",,,,4,ROM,14,24,26,1
2027-11-06,Saturday of the 31st week of Ordinary Time,2,responsorialPsalm,Responsorial Psalm,"Psalm 145:2–3, 4–5, 10–11",,,,1,PSA,145,2,3,0
2027-11-06,Saturday of the 31st week of Ordinary Time,2,responsorialPsalm,Responsorial Psalm,"Psalm 145:2–3, 4–5, 10–11",,,,2,PSA,145,4,5,0
2027-11-06,Saturday of the 31st week of Ordinary Time,2,responsorialPsalm,Responsorial Psalm,"Psalm 145:2–3, 4–5, 10–11",,,,3,PSA,145,10,11,0
2027-11-06,Saturday of the 31st week of Ordinary Time,3,gospel,Gospel,Luke 16:9–15,,,,1,LUK,16,9,15,0
2027-11-07,32nd Sunday of Ordinary Time,1,firstReading,First Reading,1 Kings 17:10–16,,,,1,1KI,17,10,16,0
2027-11-07,32nd Sunday of Ordinary Time,2,responsorialPsalm,Responsorial Psalm,"Psalm 146:7, 8–9, 9–10",,,,1,PSA,146,7,7,0
2027-11-07,32nd Sunday of Ordinary Time,2,responsorialPsalm,Responsorial Psalm,"Psalm 146:7, 8–9, 9–10",,,,2,PSA,146,8,9,0
2027-11-07,32nd Sunday of Ordinary Time,2,responsorialPsalm,Responsorial Psalm,"Psalm 146:7, 8–9, 9–10",,,,3,PSA,146,9,10,0
2027-11-07,32nd Sunday of Ordinary Time,3,secondReading,Second Reading,Hebrews 9:24–28,,,,1,HEB,9,24,28,0
2027-11-07,32nd Sunday of Ordinary Time,4,gospel,Gospel — Choice One,Mark 12:38–44,,gospel,Choice One,1,MRK,12,38,44,0
2027-11-07,32nd Sunday of Ordinary Time,5,gospel,Gospel — Choice Two,Mark 12:41–44,,gospel,Choice Two,1,MRK,12,41,44,0
2027-11-08,Monday of the 32nd week of Ordinary Time,1,firstReading,First Reading,Wisdom 1:1–7,,,,1,WIS,1,1,7,0
2027-11-08,Monday of the 32nd week of Ordinary Time,2,responsorialPsalm,Responsorial Psalm,"Psalm 139:1b-3, 4–6, 7–8, 9–10",,,,1,PSA,139,1,3,0
2027-11-08,Monday of the 32nd week of Ordinary Time,2,responsorialPsalm,Responsorial Psalm,"Psalm 139:1b-3, 4–6, 7–8, 9–10",,,,2,PSA,139,4,6,0
2027-11-08,Monday of the 32nd week of Ordinary Time,2,responsorialPsalm,Responsorial Psalm,"Psalm 139:1b-3, 4–6, 7–8, 9–10",,,,3,PSA,139,7,8,0
2027-11-08,Monday of the 32nd week of Ordinary Time,2,responsorialPsalm,Responsorial Psalm,"Psalm 139:1b-3, 4–6, 7–8, 9–10",,,,4,PSA,139,9,10,0
2027-11-08,Monday of the 32nd week of Ordinary Time,3,gospel,Gospel,Luke 17:1–6,,,,1,LUK,17,1,6,0
2027-11-09,Dedication of the Lateran Basilica,1,firstReading,First Reading,"Ezekiel 47:1–2, 8–9, 12",,,,1,EZK,47,1,2,0
2027-11-09,Dedication of the Lateran Basilica,1,firstReading,First Reading,"Ezekiel 47:1–2, 8–9, 12",,,,2,EZK,47,8,9,0
2027-11-09,Dedication of the Lateran Basilica,1,firstReading,First Reading,"Ezekiel 47:1–2, 8–9, 12",,,,3,EZK,47,12,12,0
2027-11-09,Dedication of the Lateran Basilica,2,responsorialPsalm,Responsorial Psalm,"Psalm 46:2–3, 5–6, 8–9",,,,1,PSA,46,2,3,0
2027-11-09,Dedication of the Lateran Basilica,2,responsorialPsalm,Responsorial Psalm,"Psalm 46:2–3, 5–6, 8–9",,,,2,PSA,46,5,6,0
2027-11-09,Dedication of the Lateran Basilica,2,responsorialPsalm,Responsorial Psalm,"Psalm 46:2–3, 5–6, 8–9",,,,3,PSA,46,8,9,0
2027-11-09,Dedication of the Lateran Basilica,3,secondReading,Second Reading,"1 Corinthians 3:9c-11, 16–17",,,,1,1CO,3,9,11,0
2027-11-09,Dedication of the Lateran Basilica,3,secondReading,Second Reading,"1 Corinthians 3:9c-11, 16–17",,,,2,1CO,3,16,17,0
2027-11-09,Dedication of the Lateran Basilica,4,gospel,Gospel,John 2:13–22,,,,1,JHN,2,13,22,0
2027-11-10,"Saint Leo the Great, Pope and Doctor",1,firstReading,First Reading,Wisdom 6:1–11,,,,1,WIS,6,1,11,0
2027-11-10,"Saint Leo the Great, Pope and Doctor",2,responsorialPsalm,Responsorial Psalm,"Psalm 82:3–4, 6–7",,,,1,PSA,82,3,4,0
2027-11-10,"Saint Leo the Great, Pope and Doctor",2,responsorialPsalm,Responsorial Psalm,"Psalm 82:3–4, 6–7",,,,2,PSA,82,6,7,0
2027-11-10,"Saint Leo the Great, Pope and Doctor",3,gospel,Gospel,Luke 17:11–19,,,,1,LUK,17,11,19,0
2027-11-11,"Saint Martin of Tours, Bishop",1,firstReading,First Reading,Wisdom 7:22b–8:1,,,,1,WIS,7,22,30,0
2027-11-11,"Saint Martin of Tours, Bishop",1,firstReading,First Reading,Wisdom 7:22b–8:1,,,,2,WIS,8,1,1,0
2027-11-11,"Saint Martin of Tours, Bishop",2,responsorialPsalm,Responsorial Psalm,"Psalm 119:89, 90, 91, 130, 135, 175",,,,1,PSA,119,89,89,0
2027-11-11,"Saint Martin of Tours, Bishop",2,responsorialPsalm,Responsorial Psalm,"Psalm 119:89, 90, 91, 130, 135, 175",,,,2,PSA,119,90,90,0
2027-11-11,"Saint Martin of Tours, Bishop",2,responsorialPsalm,Responsorial Psalm,"Psalm 119:89, 90, 91, 130, 135, 175",,,,3,PSA,119,91,91,0
2027-11-11,"Saint Martin of Tours, Bishop",2,responsorialPsalm,Responsorial Psalm,"Psalm 119:89, 90, 91, 130, 135, 175",,,,4,PSA,119,130,130,0
2027-11-11,"Saint Martin of Tours, Bishop",2,responsorialPsalm,Responsorial Psalm,"Psalm 119:89, 90, 91, 130, 135, 175",,,,5,PSA,119,135,135,0
2027-11-11,"Saint Martin of Tours, Bishop",2,responsorialPsalm,Responsorial Psalm,"Psalm 119:89, 90, 91, 130, 135, 175",,,,6,PSA,119,175,175,0
2027-11-11,"Saint Martin of Tours, Bishop",3,gospel,Gospel,Luke 17:20–25,,,,1,LUK,17,20,25,0
2027-11-12,"Saint Josaphat, Bishop and Martyr",1,firstReading,First Reading,Wisdom 13:1–9,,,,1,WIS,13,1,9,0
2027-11-12,"Saint Josaphat, Bishop and Martyr",2,responsorialPsalm,Responsorial Psalm,"Psalm 19:2–3, 4–5ab",,,,1,PSA,19,2,3,0
2027-11-12,"Saint Josaphat, Bishop and Martyr",2,responsorialPsalm,Responsorial Psalm,"Psalm 19:2–3, 4–5ab",,,,2,PSA,19,4,5,0
2027-11-12,"Saint Josaphat, Bishop and Martyr",3,gospel,Gospel,Luke 17:26–37,,,,1,LUK,17,26,37,0
2027-11-13,Saturday of the 32nd week of Ordinary Time,1,firstReading,First Reading,Wisdom 18:14–16; 19:6–9,,,,1,WIS,18,14,16,0
2027-11-13,Saturday of the 32nd week of Ordinary Time,1,firstReading,First Reading,Wisdom 18:14–16; 19:6–9,,,,2,WIS,19,6,9,0
2027-11-13,Saturday of the 32nd week of Ordinary Time,2,responsorialPsalm,Responsorial Psalm,"Psalm 105:2–3, 36–37, 42–43",,,,1,PSA,105,2,3,0
2027-11-13,Saturday of the 32nd week of Ordinary Time,2,responsorialPsalm,Responsorial Psalm,"Psalm 105:2–3, 36–37, 42–43",,,,2,PSA,105,36,37,0
2027-11-13,Saturday of the 32nd week of Ordinary Time,2,responsorialPsalm,Responsorial Psalm,"Psalm 105:2–3, 36–37, 42–43",,,,3,PSA,105,42,43,0
2027-11-13,Saturday of the 32nd week of Ordinary Time,3,gospel,Gospel,Luke 18:1–8,,,,1,LUK,18,1,8,0
2027-11-14,33rd Sunday of Ordinary Time,1,firstReading,First Reading,Daniel 12:1–3,,,,1,DAG,12,1,3,0
2027-11-14,33rd Sunday of Ordinary Time,2,responsorialPsalm,Responsorial Psalm,"Psalm 16:5, 8, 9–10, 11",,,,1,PSA,16,5,5,0
2027-11-14,33rd Sunday of Ordinary Time,2,responsorialPsalm,Responsorial Psalm,"Psalm 16:5, 8, 9–10, 11",,,,2,PSA,16,8,8,0
2027-11-14,33rd Sunday of Ordinary Time,2,responsorialPsalm,Responsorial Psalm,"Psalm 16:5, 8, 9–10, 11",,,,3,PSA,16,9,10,0
2027-11-14,33rd Sunday of Ordinary Time,2,responsorialPsalm,Responsorial Psalm,"Psalm 16:5, 8, 9–10, 11",,,,4,PSA,16,11,11,0
2027-11-14,33rd Sunday of Ordinary Time,3,secondReading,Second Reading,"Hebrews 10:11–14, 18",,,,1,HEB,10,11,14,0
2027-11-14,33rd Sunday of Ordinary Time,3,secondReading,Second Reading,"Hebrews 10:11–14, 18",,,,2,HEB,10,18,18,0
2027-11-14,33rd Sunday of Ordinary Time,4,gospel,Gospel,Mark 13:24–32,,,,1,MRK,13,24,32,0
2027-11-15,"Saint Albert the Great, Bishop and Doctor",1,firstReading,First Reading,"1 Maccabees 1:10–15, 41–43, 54–57, 62–63",,,,1,1MA,1,10,15,0
2027-11-15,"Saint Albert the Great, Bishop and Doctor",1,firstReading,First Reading,"1 Maccabees 1:10–15, 41–43, 54–57, 62–63",,,,2,1MA,1,41,43,0
2027-11-15,"Saint Albert the Great, Bishop and Doctor",1,firstReading,First Reading,"1 Maccabees 1:10–15, 41–43, 54–57, 62–63",,,,3,1MA,1,54,57,0
2027-11-15,"Saint Albert the Great, Bishop and Doctor",1,firstReading,First Reading,"1 Maccabees 1:10–15, 41–43, 54–57, 62–63",,,,4,1MA,1,62,63,0
2027-11-15,"Saint Albert the Great, Bishop and Doctor",2,responsorialPsalm,Responsorial Psalm,"Psalm 119:53, 61, 134, 150, 155, 158",,,,1,PSA,119,53,53,0
2027-11-15,"Saint Albert the Great, Bishop and Doctor",2,responsorialPsalm,Responsorial Psalm,"Psalm 119:53, 61, 134, 150, 155, 158",,,,2,PSA,119,61,61,0
2027-11-15,"Saint Albert the Great, Bishop and Doctor",2,responsorialPsalm,Responsorial Psalm,"Psalm 119:53, 61, 134, 150, 155, 158",,,,3,PSA,119,134,134,0
2027-11-15,"Saint Albert the Great, Bishop and Doctor",2,responsorialPsalm,Responsorial Psalm,"Psalm 119:53, 61, 134, 150, 155, 158",,,,4,PSA,119,150,150,0
2027-11-15,"Saint Albert the Great, Bishop and Doctor",2,responsorialPsalm,Responsorial Psalm,"Psalm 119:53, 61, 134, 150, 155, 158",,,,5,PSA,119,155,155,0
2027-11-15,"Saint Albert the Great, Bishop and Doctor",2,responsorialPsalm,Responsorial Psalm,"Psalm 119:53, 61, 134, 150, 155, 158",,,,6,PSA,119,158,158,0
2027-11-15,"Saint Albert the Great, Bishop and Doctor",3,gospel,Gospel,Luke 18:35–43,,,,1,LUK,18,35,43,0
2027-11-16,"Saint Margaret of Scotland/Saint Gertrude the Great, Virgin",1,firstReading,First Reading,2 Maccabees 6:18–31,,,,1,2MA,6,18,31,0
2027-11-16,"Saint Margaret of Scotland/Saint Gertrude the Great, Virgin",2,responsorialPsalm,Responsorial Psalm,"Psalm 3:2–3, 4–5, 6–7",,,,1,PSA,3,2,3,0
2027-11-16,"Saint Margaret of Scotland/Saint Gertrude the Great, Virgin",2,responsorialPsalm,Responsorial Psalm,"Psalm 3:2–3, 4–5, 6–7",,,,2,PSA,3,4,5,0
2027-11-16,"Saint Margaret of Scotland/Saint Gertrude the Great, Virgin",2,responsorialPsalm,Responsorial Psalm,"Psalm 3:2–3, 4–5, 6–7",,,,3,PSA,3,6,7,0
2027-11-16,"Saint Margaret of Scotland/Saint Gertrude the Great, Virgin",3,gospel,Gospel,Luke 19:1–10,,,,1,LUK,19,1,10,0
2027-11-17,Saint Elizabeth of Hungary,1,firstReading,First Reading,"2 Maccabees 7:1, 20–31",,,,1,2MA,7,1,1,0
2027-11-17,Saint Elizabeth of Hungary,1,firstReading,First Reading,"2 Maccabees 7:1, 20–31",,,,2,2MA,7,20,31,0
2027-11-17,Saint Elizabeth of Hungary,2,responsorialPsalm,Responsorial Psalm,"Psalm 17:1bcd, 5–6, 8b and 15",,,,1,PSA,17,1,1,0
2027-11-17,Saint Elizabeth of Hungary,2,responsorialPsalm,Responsorial Psalm,"Psalm 17:1bcd, 5–6, 8b and 15",,,,2,PSA,17,5,6,0
2027-11-17,Saint Elizabeth of Hungary,2,responsorialPsalm,Responsorial Psalm,"Psalm 17:1bcd, 5–6, 8b and 15",,,,3,PSA,17,8,8,0
2027-11-17,Saint Elizabeth of Hungary,2,responsorialPsalm,Responsorial Psalm,"Psalm 17:1bcd, 5–6, 8b and 15",,,,4,PSA,17,15,15,0
2027-11-17,Saint Elizabeth of Hungary,3,gospel,Gospel,Luke 19:11–28,,,,1,LUK,19,11,28,0
2027-11-18,"Dedication of the basilicas of Saints Peter and Paul, Apostles",1,firstReading,First Reading,1 Maccabees 2:15–29,,,,1,1MA,2,15,29,0
2027-11-18,"Dedication of the basilicas of Saints Peter and Paul, Apostles",2,responsorialPsalm,Responsorial Psalm,"Psalm 50:1b-2, 5–6, 14–15",,,,1,PSA,50,1,2,0
2027-11-18,"Dedication of the basilicas of Saints Peter and Paul, Apostles",2,responsorialPsalm,Responsorial Psalm,"Psalm 50:1b-2, 5–6, 14–15",,,,2,PSA,50,5,6,0
2027-11-18,"Dedication of the basilicas of Saints Peter and Paul, Apostles",2,responsorialPsalm,Responsorial Psalm,"Psalm 50:1b-2, 5–6, 14–15",,,,3,PSA,50,14,15,0
2027-11-18,"Dedication of the basilicas of Saints Peter and Paul, Apostles",3,gospel,Gospel,Luke 19:41–44,,,,1,LUK,19,41,44,0
2027-11-19,Friday of the 33rd week of Ordinary Time,1,firstReading,First Reading,"1 Maccabees 4:36–37, 52–59",,,,1,1MA,4,36,37,0
2027-11-19,Friday of the 33rd week of Ordinary Time,1,firstReading,First Reading,"1 Maccabees 4:36–37, 52–59",,,,2,1MA,4,52,59,0
2027-11-19,Friday of the 33rd week of Ordinary Time,2,responsorialPsalm,Responsorial Psalm,"1 Chronicles 29:10bcd, 11abc, 11d-12a, 12bcd",,,,1,1CH,29,10,10,0
2027-11-19,Friday of the 33rd week of Ordinary Time,2,responsorialPsalm,Responsorial Psalm,"1 Chronicles 29:10bcd, 11abc, 11d-12a, 12bcd",,,,2,1CH,29,11,11,0
2027-11-19,Friday of the 33rd week of Ordinary Time,2,responsorialPsalm,Responsorial Psalm,"1 Chronicles 29:10bcd, 11abc, 11d-12a, 12bcd",,,,3,1CH,29,11,12,0
2027-11-19,Friday of the 33rd week of Ordinary Time,2,responsorialPsalm,Responsorial Psalm,"1 Chronicles 29:10bcd, 11abc, 11d-12a, 12bcd",,,,4,1CH,29,12,12,0
2027-11-19,Friday of the 33rd week of Ordinary Time,3,gospel,Gospel,Luke 19:45–48,,,,1,LUK,19,45,48,0
2027-11-20,Saturday of the 33rd week of Ordinary Time,1,firstReading,First Reading,1 Maccabees 6:1–13,,,,1,1MA,6,1,13,0
2027-11-20,Saturday of the 33rd week of Ordinary Time,2,responsorialPsalm,Responsorial Psalm,"Psalm 9:2–3, 4 and 6, 16 and 19",,,,1,PSA,9,2,3,0
2027-11-20,Saturday of the 33rd week of Ordinary Time,2,responsorialPsalm,Responsorial Psalm,"Psalm 9:2–3, 4 and 6, 16 and 19",,,,2,PSA,9,4,4,0
2027-11-20,Saturday of the 33rd week of Ordinary Time,2,responsorialPsalm,Responsorial Psalm,"Psalm 9:2–3, 4 and 6, 16 and 19",,,,3,PSA,9,6,6,0
2027-11-20,Saturday of the 33rd week of Ordinary Time,2,responsorialPsalm,Responsorial Psalm,"Psalm 9:2–3, 4 and 6, 16 and 19",,,,4,PSA,9,16,16,0
2027-11-20,Saturday of the 33rd week of Ordinary Time,2,responsorialPsalm,Responsorial Psalm,"Psalm 9:2–3, 4 and 6, 16 and 19",,,,5,PSA,9,19,19,0
2027-11-20,Saturday of the 33rd week of Ordinary Time,3,gospel,Gospel,Luke 20:27–40,,,,1,LUK,20,27,40,0
2027-11-21,Christ the King,1,firstReading,First Reading,Daniel 7:13–14,,,,1,DAG,7,13,14,0
2027-11-21,Christ the King,2,responsorialPsalm,Responsorial Psalm,"Psalm 93:1, 1–2, 5",,,,1,PSA,93,1,1,0
2027-11-21,Christ the King,2,responsorialPsalm,Responsorial Psalm,"Psalm 93:1, 1–2, 5",,,,2,PSA,93,1,2,0
2027-11-21,Christ the King,2,responsorialPsalm,Responsorial Psalm,"Psalm 93:1, 1–2, 5",,,,3,PSA,93,5,5,0
2027-11-21,Christ the King,3,secondReading,Second Reading,Revelation 1:5–8,,,,1,REV,1,5,8,0
2027-11-21,Christ the King,4,gospel,Gospel,John 18:33b-37,,,,1,JHN,18,33,37,0
2027-11-22,"Saint Cecilia, Virgin and Martyr",1,firstReading,First Reading,"Daniel 1:1–6, 8–20",,,,1,DAG,1,1,6,0
2027-11-22,"Saint Cecilia, Virgin and Martyr",1,firstReading,First Reading,"Daniel 1:1–6, 8–20",,,,2,DAG,1,8,20,0
2027-11-22,"Saint Cecilia, Virgin and Martyr",2,responsorialPsalm,Responsorial Psalm,"Daniel 3:52, 53, 54, 55, 56",,,,1,DAG,3,52,52,0
2027-11-22,"Saint Cecilia, Virgin and Martyr",2,responsorialPsalm,Responsorial Psalm,"Daniel 3:52, 53, 54, 55, 56",,,,2,DAG,3,53,53,0
2027-11-22,"Saint Cecilia, Virgin and Martyr",2,responsorialPsalm,Responsorial Psalm,"Daniel 3:52, 53, 54, 55, 56",,,,3,DAG,3,54,54,0
2027-11-22,"Saint Cecilia, Virgin and Martyr",2,responsorialPsalm,Responsorial Psalm,"Daniel 3:52, 53, 54, 55, 56",,,,4,DAG,3,55,55,0
2027-11-22,"Saint Cecilia, Virgin and Martyr",2,responsorialPsalm,Responsorial Psalm,"Daniel 3:52, 53, 54, 55, 56",,,,5,DAG,3,56,56,0
2027-11-22,"Saint Cecilia, Virgin and Martyr",3,gospel,Gospel,Luke 21:1–4,,,,1,LUK,21,1,4,0
2027-11-23,"Saint Clement I, Pope and Martyr/Saint Columban, Religious",1,firstReading,First Reading,Daniel 2:31–45,,,,1,DAG,2,31,45,0
2027-11-23,"Saint Clement I, Pope and Martyr/Saint Columban, Religious",2,responsorialPsalm,Responsorial Psalm,"Daniel 3:57, 58, 59, 60, 61",,,,1,DAG,3,57,57,0
2027-11-23,"Saint Clement I, Pope and Martyr/Saint Columban, Religious",2,responsorialPsalm,Responsorial Psalm,"Daniel 3:57, 58, 59, 60, 61",,,,2,DAG,3,58,58,0
2027-11-23,"Saint Clement I, Pope and Martyr/Saint Columban, Religious",2,responsorialPsalm,Responsorial Psalm,"Daniel 3:57, 58, 59, 60, 61",,,,3,DAG,3,59,59,0
2027-11-23,"Saint Clement I, Pope and Martyr/Saint Columban, Religious",2,responsorialPsalm,Responsorial Psalm,"Daniel 3:57, 58, 59, 60, 61",,,,4,DAG,3,60,60,0
2027-11-23,"Saint Clement I, Pope and Martyr/Saint Columban, Religious",2,responsorialPsalm,Responsorial Psalm,"Daniel 3:57, 58, 59, 60, 61",,,,5,DAG,3,61,61,0
2027-11-23,"Saint Clement I, Pope and Martyr/Saint Columban, Religious",3,gospel,Gospel,Luke 21:5–11,,,,1,LUK,21,5,11,0
2027-11-24,"Saint Andrew Dung-Lac and Companions, Martyrs",1,firstReading,First Reading,"Daniel 5:1–6, 13–14, 16–17, 23–28",,,,1,DAG,5,1,6,0
2027-11-24,"Saint Andrew Dung-Lac and Companions, Martyrs",1,firstReading,First Reading,"Daniel 5:1–6, 13–14, 16–17, 23–28",,,,2,DAG,5,13,14,0
2027-11-24,"Saint Andrew Dung-Lac and Companions, Martyrs",1,firstReading,First Reading,"Daniel 5:1–6, 13–14, 16–17, 23–28",,,,3,DAG,5,16,17,0
2027-11-24,"Saint Andrew Dung-Lac and Companions, Martyrs",1,firstReading,First Reading,"Daniel 5:1–6, 13–14, 16–17, 23–28",,,,4,DAG,5,23,28,0
2027-11-24,"Saint Andrew Dung-Lac and Companions, Martyrs",2,responsorialPsalm,Responsorial Psalm,"Daniel 3:62, 63, 64, 65, 66, 67",,,,1,DAG,3,62,62,0
2027-11-24,"Saint Andrew Dung-Lac and Companions, Martyrs",2,responsorialPsalm,Responsorial Psalm,"Daniel 3:62, 63, 64, 65, 66, 67",,,,2,DAG,3,63,63,0
2027-11-24,"Saint Andrew Dung-Lac and Companions, Martyrs",2,responsorialPsalm,Responsorial Psalm,"Daniel 3:62, 63, 64, 65, 66, 67",,,,3,DAG,3,64,64,0
2027-11-24,"Saint Andrew Dung-Lac and Companions, Martyrs",2,responsorialPsalm,Responsorial Psalm,"Daniel 3:62, 63, 64, 65, 66, 67",,,,4,DAG,3,65,65,0
2027-11-24,"Saint Andrew Dung-Lac and Companions, Martyrs",2,responsorialPsalm,Responsorial Psalm,"Daniel 3:62, 63, 64, 65, 66, 67",,,,5,DAG,3,66,66,0
2027-11-24,"Saint Andrew Dung-Lac and Companions, Martyrs",2,responsorialPsalm,Responsorial Psalm,"Daniel 3:62, 63, 64, 65, 66, 67",,,,6,DAG,3,67,67,0
2027-11-24,"Saint Andrew Dung-Lac and Companions, Martyrs",3,gospel,Gospel,Luke 21:12–19,,,,1,LUK,21,12,19,0
2027-11-25,"Saint Catherine of Alexandria, Virgin and Martyr",1,firstReading,First Reading,Sirach 50:22–24,,,,1,SIR,50,22,24,0
2027-11-25,"Saint Catherine of Alexandria, Virgin and Martyr",2,responsorialPsalm,Responsorial Psalm,"Psalm 145:2–3, 4–5, 6–7, 8–9, 10–11",,,,1,PSA,145,2,3,0
2027-11-25,"Saint Catherine of Alexandria, Virgin and Martyr",2,responsorialPsalm,Responsorial Psalm,"Psalm 145:2–3, 4–5, 6–7, 8–9, 10–11",,,,2,PSA,145,4,5,0
2027-11-25,"Saint Catherine of Alexandria, Virgin and Martyr",2,responsorialPsalm,Responsorial Psalm,"Psalm 145:2–3, 4–5, 6–7, 8–9, 10–11",,,,3,PSA,145,6,7,0
2027-11-25,"Saint Catherine of Alexandria, Virgin and Martyr",2,responsorialPsalm,Responsorial Psalm,"Psalm 145:2–3, 4–5, 6–7, 8–9, 10–11",,,,4,PSA,145,8,9,0
2027-11-25,"Saint Catherine of Alexandria, Virgin and Martyr",2,responsorialPsalm,Responsorial Psalm,"Psalm 145:2–3, 4–5, 6–7, 8–9, 10–11",,,,5,PSA,145,10,11,0
2027-11-25,"Saint Catherine of Alexandria, Virgin and Martyr",3,secondReading,Second Reading,1 Corinthians 1:3–9,,,,1,1CO,1,3,9,0
2027-11-25,"Saint Catherine of Alexandria, Virgin and Martyr",4,gospel,Gospel,Luke 17:11–19,,,,1,LUK,17,11,19,0
2027-11-26,Friday of the 34th week of Ordinary Time,1,firstReading,First Reading,Daniel 7:2–14,,,,1,DAG,7,2,14,0
2027-11-26,Friday of the 34th week of Ordinary Time,2,responsorialPsalm,Responsorial Psalm,"Daniel 3:75, 76, 77, 78, 79, 80, 81",,,,1,DAG,3,75,75,0
2027-11-26,Friday of the 34th week of Ordinary Time,2,responsorialPsalm,Responsorial Psalm,"Daniel 3:75, 76, 77, 78, 79, 80, 81",,,,2,DAG,3,76,76,0
2027-11-26,Friday of the 34th week of Ordinary Time,2,responsorialPsalm,Responsorial Psalm,"Daniel 3:75, 76, 77, 78, 79, 80, 81",,,,3,DAG,3,77,77,0
2027-11-26,Friday of the 34th week of Ordinary Time,2,responsorialPsalm,Responsorial Psalm,"Daniel 3:75, 76, 77, 78, 79, 80, 81",,,,4,DAG,3,78,78,0
2027-11-26,Friday of the 34th week of Ordinary Time,2,responsorialPsalm,Responsorial Psalm,"Daniel 3:75, 76, 77, 78, 79, 80, 81",,,,5,DAG,3,79,79,0
2027-11-26,Friday of the 34th week of Ordinary Time,2,responsorialPsalm,Responsorial Psalm,"Daniel 3:75, 76, 77, 78, 79, 80, 81",,,,6,DAG,3,80,80,0
2027-11-26,Friday of the 34th week of Ordinary Time,2,responsorialPsalm,Responsorial Psalm,"Daniel 3:75, 76, 77, 78, 79, 80, 81",,,,7,DAG,3,81,81,0
2027-11-26,Friday of the 34th week of Ordinary Time,3,gospel,Gospel,Luke 21:29–33,,,,1,LUK,21,29,33,0
2027-11-27,Saturday of the 34th week of Ordinary Time,1,firstReading,First Reading,Daniel 7:15–27,,,,1,DAG,7,15,27,0
2027-11-27,Saturday of the 34th week of Ordinary Time,2,responsorialPsalm,Responsorial Psalm,"Daniel 3:82, 83, 84, 85, 86, 87",,,,1,DAG,3,82,82,0
2027-11-27,Saturday of the 34th week of Ordinary Time,2,responsorialPsalm,Responsorial Psalm,"Daniel 3:82, 83, 84, 85, 86, 87",,,,2,DAG,3,83,83,0
2027-11-27,Saturday of the 34th week of Ordinary Time,2,responsorialPsalm,Responsorial Psalm,"Daniel 3:82, 83, 84, 85, 86, 87",,,,3,DAG,3,84,84,0
2027-11-27,Saturday of the 34th week of Ordinary Time,2,responsorialPsalm,Responsorial Psalm,"Daniel 3:82, 83, 84, 85, 86, 87",,,,4,DAG,3,85,85,0
2027-11-27,Saturday of the 34th week of Ordinary Time,2,responsorialPsalm,Responsorial Psalm,"Daniel 3:82, 83, 84, 85, 86, 87",,,,5,DAG,3,86,86,0
2027-11-27,Saturday of the 34th week of Ordinary Time,2,responsorialPsalm,Responsorial Psalm,"Daniel 3:82, 83, 84, 85, 86, 87",,,,6,DAG,3,87,87,0
2027-11-27,Saturday of the 34th week of Ordinary Time,3,gospel,Gospel,Luke 21:34–36,,,,1,LUK,21,34,36,0
2027-11-28,1st Sunday of Advent,1,firstReading,First Reading,Jeremiah 33:14–16,,,,1,JER,33,14,16,0
2027-11-28,1st Sunday of Advent,2,responsorialPsalm,Responsorial Psalm,"Psalm 25:4–5, 8–9, 10, 14",,,,1,PSA,25,4,5,0
2027-11-28,1st Sunday of Advent,2,responsorialPsalm,Responsorial Psalm,"Psalm 25:4–5, 8–9, 10, 14",,,,2,PSA,25,8,9,0
2027-11-28,1st Sunday of Advent,2,responsorialPsalm,Responsorial Psalm,"Psalm 25:4–5, 8–9, 10, 14",,,,3,PSA,25,10,10,0
2027-11-28,1st Sunday of Advent,2,responsorialPsalm,Responsorial Psalm,"Psalm 25:4–5, 8–9, 10, 14",,,,4,PSA,25,14,14,0
2027-11-28,1st Sunday of Advent,3,secondReading,Second Reading,1 Thessalonians 3:12–4:2,,,,1,1TH,3,12,13,0
2027-11-28,1st Sunday of Advent,3,secondReading,Second Reading,1 Thessalonians 3:12–4:2,,,,2,1TH,4,1,2,0
2027-11-28,1st Sunday of Advent,4,gospel,Gospel,"Luke 21:25–28, 34–36",,,,1,LUK,21,25,28,0
2027-11-28,1st Sunday of Advent,4,gospel,Gospel,"Luke 21:25–28, 34–36",,,,2,LUK,21,34,36,0
2027-11-29,Monday of the 1st week of Advent,1,firstReading,First Reading,Isaiah 4:2–6,,,,1,ISA,4,2,6,0
2027-11-29,Monday of the 1st week of Advent,2,responsorialPsalm,Responsorial Psalm,"Psalm 122:1–2, 3–4b, 4cd-5, 6–7, 8–9",,,,1,PSA,122,1,2,0
2027-11-29,Monday of the 1st week of Advent,2,responsorialPsalm,Responsorial Psalm,"Psalm 122:1–2, 3–4b, 4cd-5, 6–7, 8–9",,,,2,PSA,122,3,4,0
2027-11-29,Monday of the 1st week of Advent,2,responsorialPsalm,Responsorial Psalm,"Psalm 122:1–2, 3–4b, 4cd-5, 6–7, 8–9",,,,3,PSA,122,4,5,0
2027-11-29,Monday of the 1st week of Advent,2,responsorialPsalm,Responsorial Psalm,"Psalm 122:1–2, 3–4b, 4cd-5, 6–7, 8–9",,,,4,PSA,122,6,7,0
2027-11-29,Monday of the 1st week of Advent,2,responsorialPsalm,Responsorial Psalm,"Psalm 122:1–2, 3–4b, 4cd-5, 6–7, 8–9",,,,5,PSA,122,8,9,0
2027-11-29,Monday of the 1st week of Advent,3,gospel,Gospel,Matthew 8:5–11,,,,1,MAT,8,5,11,0
2027-11-30,Saint Andrew the Apostle,1,firstReading,First Reading,Romans 10:9–18,,,,1,ROM,10,9,18,0
2027-11-30,Saint Andrew the Apostle,2,responsorialPsalm,Responsorial Psalm,"Psalm 19:8, 9, 10, 11",,,,1,PSA,19,8,8,0
2027-11-30,Saint Andrew the Apostle,2,responsorialPsalm,Responsorial Psalm,"Psalm 19:8, 9, 10, 11",,,,2,PSA,19,9,9,0
2027-11-30,Saint Andrew the Apostle,2,responsorialPsalm,Responsorial Psalm,"Psalm 19:8, 9, 10, 11",,,,3,PSA,19,10,10,0
2027-11-30,Saint Andrew the Apostle,2,responsorialPsalm,Responsorial Psalm,"Psalm 19:8, 9, 10, 11",,,,4,PSA,19,11,11,0
2027-11-30,Saint Andrew the Apostle,3,gospel,Gospel,Matthew 4:18–22,,,,1,MAT,4,18,22,0
2027-12-01,Wednesday of the 1st week of Advent,1,firstReading,First Reading,Isaiah 25:6–10a,,,,1,ISA,25,6,10,0
2027-12-01,Wednesday of the 1st week of Advent,2,responsorialPsalm,Responsorial Psalm,"Psalm 23:1–3a, 3b-4, 5, 6",,,,1,PSA,23,1,3,0
2027-12-01,Wednesday of the 1st week of Advent,2,responsorialPsalm,Responsorial Psalm,"Psalm 23:1–3a, 3b-4, 5, 6",,,,2,PSA,23,3,4,0
2027-12-01,Wednesday of the 1st week of Advent,2,responsorialPsalm,Responsorial Psalm,"Psalm 23:1–3a, 3b-4, 5, 6",,,,3,PSA,23,5,5,0
2027-12-01,Wednesday of the 1st week of Advent,2,responsorialPsalm,Responsorial Psalm,"Psalm 23:1–3a, 3b-4, 5, 6",,,,4,PSA,23,6,6,0
2027-12-01,Wednesday of the 1st week of Advent,3,gospel,Gospel,Matthew 15:29–37,,,,1,MAT,15,29,37,0
2027-12-02,Thursday of the 1st week of Advent,1,firstReading,First Reading,Isaiah 26:1–6,,,,1,ISA,26,1,6,0
2027-12-02,Thursday of the 1st week of Advent,2,responsorialPsalm,Responsorial Psalm,"Psalm 118:1 and 8–9, 19–21, 25–27a",,,,1,PSA,118,1,1,0
2027-12-02,Thursday of the 1st week of Advent,2,responsorialPsalm,Responsorial Psalm,"Psalm 118:1 and 8–9, 19–21, 25–27a",,,,2,PSA,118,8,9,0
2027-12-02,Thursday of the 1st week of Advent,2,responsorialPsalm,Responsorial Psalm,"Psalm 118:1 and 8–9, 19–21, 25–27a",,,,3,PSA,118,19,21,0
2027-12-02,Thursday of the 1st week of Advent,2,responsorialPsalm,Responsorial Psalm,"Psalm 118:1 and 8–9, 19–21, 25–27a",,,,4,PSA,118,25,27,0
2027-12-02,Thursday of the 1st week of Advent,3,gospel,Gospel,"Matthew 7:21, 24–27",,,,1,MAT,7,21,21,0
2027-12-02,Thursday of the 1st week of Advent,3,gospel,Gospel,"Matthew 7:21, 24–27",,,,2,MAT,7,24,27,0
2027-12-03,"Saint Francis Xavier, Priest",1,firstReading,First Reading,Isaiah 29:17–24,,,,1,ISA,29,17,24,0
2027-12-03,"Saint Francis Xavier, Priest",2,responsorialPsalm,Responsorial Psalm,"Psalm 27:1, 4, 13–14",,,,1,PSA,27,1,1,0
2027-12-03,"Saint Francis Xavier, Priest",2,responsorialPsalm,Responsorial Psalm,"Psalm 27:1, 4, 13–14",,,,2,PSA,27,4,4,0
2027-12-03,"Saint Francis Xavier, Priest",2,responsorialPsalm,Responsorial Psalm,"Psalm 27:1, 4, 13–14",,,,3,PSA,27,13,14,0
2027-12-03,"Saint Francis Xavier, Priest",3,gospel,Gospel,Matthew 9:27–31,,,,1,MAT,9,27,31,0
2027-12-04,"Saint John Damascene, Priest and Doctor",1,firstReading,First Reading,"Isaiah 30:19–21, 23–26",,,,1,ISA,30,19,21,0
2027-12-04,"Saint John Damascene, Priest and Doctor",1,firstReading,First Reading,"Isaiah 30:19–21, 23–26",,,,2,ISA,30,23,26,0
2027-12-04,"Saint John Damascene, Priest and Doctor",2,responsorialPsalm,Responsorial Psalm,"Psalm 147:1–2, 3–4, 5–6",,,,1,PSA,147,1,2,0
2027-12-04,"Saint John Damascene, Priest and Doctor",2,responsorialPsalm,Responsorial Psalm,"Psalm 147:1–2, 3–4, 5–6",,,,2,PSA,147,3,4,0
2027-12-04,"Saint John Damascene, Priest and Doctor",2,responsorialPsalm,Responsorial Psalm,"Psalm 147:1–2, 3–4, 5–6",,,,3,PSA,147,5,6,0
2027-12-04,"Saint John Damascene, Priest and Doctor",3,gospel,Gospel,"Matthew 9:35–10:1, 5a, 6–8",,,,1,MAT,9,35,38,0
2027-12-04,"Saint John Damascene, Priest and Doctor",3,gospel,Gospel,"Matthew 9:35–10:1, 5a, 6–8",,,,2,MAT,10,1,1,0
2027-12-04,"Saint John Damascene, Priest and Doctor",3,gospel,Gospel,"Matthew 9:35–10:1, 5a, 6–8",,,,3,MAT,10,5,5,0
2027-12-04,"Saint John Damascene, Priest and Doctor",3,gospel,Gospel,"Matthew 9:35–10:1, 5a, 6–8",,,,4,MAT,10,6,8,0
2027-12-05,2nd Sunday of Advent,1,firstReading,First Reading,Baruch 5:1–9,,,,1,BAR,5,1,9,0
2027-12-05,2nd Sunday of Advent,2,responsorialPsalm,Responsorial Psalm,"Psalm 126:1–2, 2–3, 4–5, 6.",,,,1,PSA,126,1,2,0
2027-12-05,2nd Sunday of Advent,2,responsorialPsalm,Responsorial Psalm,"Psalm 126:1–2, 2–3, 4–5, 6.",,,,2,PSA,126,2,3,0
2027-12-05,2nd Sunday of Advent,2,responsorialPsalm,Responsorial Psalm,"Psalm 126:1–2, 2–3, 4–5, 6.",,,,3,PSA,126,4,5,0
2027-12-05,2nd Sunday of Advent,2,responsorialPsalm,Responsorial Psalm,"Psalm 126:1–2, 2–3, 4–5, 6.",,,,4,PSA,126,6,6,0
2027-12-05,2nd Sunday of Advent,3,secondReading,Second Reading,"Philippians 1:4–6, 8–11",,,,1,PHP,1,4,6,0
2027-12-05,2nd Sunday of Advent,3,secondReading,Second Reading,"Philippians 1:4–6, 8–11",,,,2,PHP,1,8,11,0
2027-12-05,2nd Sunday of Advent,4,gospel,Gospel,Luke 3:1–6,,,,1,LUK,3,1,6,0
2027-12-06,"Saint Nicholas, Bishop",1,firstReading,First Reading,Isaiah 35:1–10,,,,1,ISA,35,1,10,0
2027-12-06,"Saint Nicholas, Bishop",2,responsorialPsalm,Responsorial Psalm,"Psalm 85:9ab and 10, 11–12, 13–14",,,,1,PSA,85,8,8,1
2027-12-06,"Saint Nicholas, Bishop",2,responsorialPsalm,Responsorial Psalm,"Psalm 85:9ab and 10, 11–12, 13–14",,,,2,PSA,85,9,9,1
2027-12-06,"Saint Nicholas, Bishop",2,responsorialPsalm,Responsorial Psalm,"Psalm 85:9ab and 10, 11–12, 13–14",,,,3,PSA,85,10,11,1
2027-12-06,"Saint Nicholas, Bishop",2,responsorialPsalm,Responsorial Psalm,"Psalm 85:9ab and 10, 11–12, 13–14",,,,4,PSA,85,12,13,1
2027-12-06,"Saint Nicholas, Bishop",3,gospel,Gospel,Luke 5:17–26,,,,1,LUK,5,17,26,0
2027-12-07,"Saint Ambrose, Bishop and Doctor",1,firstReading,First Reading,Isaiah 40:1–11,,,,1,ISA,40,1,11,0
2027-12-07,"Saint Ambrose, Bishop and Doctor",2,responsorialPsalm,Responsorial Psalm,"Psalm 96:1–2, 3 and 10ac, 11–12, 13",,,,1,PSA,96,1,2,0
2027-12-07,"Saint Ambrose, Bishop and Doctor",2,responsorialPsalm,Responsorial Psalm,"Psalm 96:1–2, 3 and 10ac, 11–12, 13",,,,2,PSA,96,3,3,0
2027-12-07,"Saint Ambrose, Bishop and Doctor",2,responsorialPsalm,Responsorial Psalm,"Psalm 96:1–2, 3 and 10ac, 11–12, 13",,,,3,PSA,96,10,10,0
2027-12-07,"Saint Ambrose, Bishop and Doctor",2,responsorialPsalm,Responsorial Psalm,"Psalm 96:1–2, 3 and 10ac, 11–12, 13",,,,4,PSA,96,11,12,0
2027-12-07,"Saint Ambrose, Bishop and Doctor",2,responsorialPsalm,Responsorial Psalm,"Psalm 96:1–2, 3 and 10ac, 11–12, 13",,,,5,PSA,96,13,13,0
2027-12-07,"Saint Ambrose, Bishop and Doctor",3,gospel,Gospel,Matthew 18:12–14,,,,1,MAT,18,12,14,0
2027-12-08,Immaculate Conception,1,firstReading,First Reading,"Genesis 3:9–15, 20",,,,1,GEN,3,9,15,0
2027-12-08,Immaculate Conception,1,firstReading,First Reading,"Genesis 3:9–15, 20",,,,2,GEN,3,20,20,0
2027-12-08,Immaculate Conception,2,responsorialPsalm,Responsorial Psalm,"Psalm 98:1, 2–3ab, 3cd-4",,,,1,PSA,98,1,1,0
2027-12-08,Immaculate Conception,2,responsorialPsalm,Responsorial Psalm,"Psalm 98:1, 2–3ab, 3cd-4",,,,2,PSA,98,2,3,0
2027-12-08,Immaculate Conception,2,responsorialPsalm,Responsorial Psalm,"Psalm 98:1, 2–3ab, 3cd-4",,,,3,PSA,98,3,4,0
2027-12-08,Immaculate Conception,3,secondReading,Second Reading,"Ephesians 1:3–6, 11–12",,,,1,EPH,1,3,6,0
2027-12-08,Immaculate Conception,3,secondReading,Second Reading,"Ephesians 1:3–6, 11–12",,,,2,EPH,1,11,12,0
2027-12-08,Immaculate Conception,4,gospel,Gospel,Luke 1:26–38,,,,1,LUK,1,26,38,0
2027-12-09,Saint Juan Diego Cuauhtlatoatzin,1,firstReading,First Reading,Isaiah 41:13–20,,,,1,ISA,41,13,20,0
2027-12-09,Saint Juan Diego Cuauhtlatoatzin,2,responsorialPsalm,Responsorial Psalm,"Psalm 145:1 and 9, 10–11, 12–13ab",,,,1,PSA,145,1,1,0
2027-12-09,Saint Juan Diego Cuauhtlatoatzin,2,responsorialPsalm,Responsorial Psalm,"Psalm 145:1 and 9, 10–11, 12–13ab",,,,2,PSA,145,9,9,0
2027-12-09,Saint Juan Diego Cuauhtlatoatzin,2,responsorialPsalm,Responsorial Psalm,"Psalm 145:1 and 9, 10–11, 12–13ab",,,,3,PSA,145,10,11,0
2027-12-09,Saint Juan Diego Cuauhtlatoatzin,2,responsorialPsalm,Responsorial Psalm,"Psalm 145:1 and 9, 10–11, 12–13ab",,,,4,PSA,145,12,13,0
2027-12-09,Saint Juan Diego Cuauhtlatoatzin,3,gospel,Gospel,Matthew 11:11–15,,,,1,MAT,11,11,15,0
2027-12-10,Our Lady of Loreto,1,firstReading,First Reading,Isaiah 48:17–19,,,,1,ISA,48,17,19,0
2027-12-10,Our Lady of Loreto,2,responsorialPsalm,Responsorial Psalm,"Psalm 1:1–2, 3, 4 and 6",,,,1,PSA,1,1,2,0
2027-12-10,Our Lady of Loreto,2,responsorialPsalm,Responsorial Psalm,"Psalm 1:1–2, 3, 4 and 6",,,,2,PSA,1,3,3,0
2027-12-10,Our Lady of Loreto,2,responsorialPsalm,Responsorial Psalm,"Psalm 1:1–2, 3, 4 and 6",,,,3,PSA,1,4,4,0
2027-12-10,Our Lady of Loreto,2,responsorialPsalm,Responsorial Psalm,"Psalm 1:1–2, 3, 4 and 6",,,,4,PSA,1,6,6,0
2027-12-10,Our Lady of Loreto,3,gospel,Gospel,Matthew 11:16–19,,,,1,MAT,11,16,19,0
2027-12-11,"Saint Damasus I, Pope",1,firstReading,First Reading,"Sirach 48:1–4, 9–11",,,,1,SIR,48,1,4,0
2027-12-11,"Saint Damasus I, Pope",1,firstReading,First Reading,"Sirach 48:1–4, 9–11",,,,2,SIR,48,9,11,0
2027-12-11,"Saint Damasus I, Pope",2,responsorialPsalm,Responsorial Psalm,"Psalm 80:2ac and 3b, 15–16, 18–19",,,,1,PSA,80,2,2,0
2027-12-11,"Saint Damasus I, Pope",2,responsorialPsalm,Responsorial Psalm,"Psalm 80:2ac and 3b, 15–16, 18–19",,,,2,PSA,80,3,3,0
2027-12-11,"Saint Damasus I, Pope",2,responsorialPsalm,Responsorial Psalm,"Psalm 80:2ac and 3b, 15–16, 18–19",,,,3,PSA,80,15,16,0
2027-12-11,"Saint Damasus I, Pope",2,responsorialPsalm,Responsorial Psalm,"Psalm 80:2ac and 3b, 15–16, 18–19",,,,4,PSA,80,18,19,0
2027-12-11,"Saint Damasus I, Pope",3,gospel,Gospel,"Matthew 17:9a, 10–13",,,,1,MAT,17,9,9,0
2027-12-11,"Saint Damasus I, Pope",3,gospel,Gospel,"Matthew 17:9a, 10–13",,,,2,MAT,17,10,13,0
2027-12-12,3rd Sunday of Advent,1,firstReading,First Reading,Zephaniah 3:14–18a,,,,1,ZEP,3,14,18,0
2027-12-12,3rd Sunday of Advent,2,responsorialPsalm,Responsorial Psalm,"Isaiah 12:2–3, 4, 5–6.",,,,1,ISA,12,2,3,0
2027-12-12,3rd Sunday of Advent,2,responsorialPsalm,Responsorial Psalm,"Isaiah 12:2–3, 4, 5–6.",,,,2,ISA,12,4,4,0
2027-12-12,3rd Sunday of Advent,2,responsorialPsalm,Responsorial Psalm,"Isaiah 12:2–3, 4, 5–6.",,,,3,ISA,12,5,6,0
2027-12-12,3rd Sunday of Advent,3,secondReading,Second Reading,Philippians 4:4–7,,,,1,PHP,4,4,7,0
2027-12-12,3rd Sunday of Advent,4,gospel,Gospel,Luke 3:10–18,,,,1,LUK,3,10,18,0
2027-12-13,"Saint Lucy of Syracuse, Virgin and Martyr",1,firstReading,First Reading,"Numbers 24:2–7, 15–17a",,,,1,NUM,24,2,7,0
2027-12-13,"Saint Lucy of Syracuse, Virgin and Martyr",1,firstReading,First Reading,"Numbers 24:2–7, 15–17a",,,,2,NUM,24,15,17,0
2027-12-13,"Saint Lucy of Syracuse, Virgin and Martyr",2,responsorialPsalm,Responsorial Psalm,"Psalm 25:4–5ab, 6 and 7bc, 8–9",,,,1,PSA,25,4,5,0
2027-12-13,"Saint Lucy of Syracuse, Virgin and Martyr",2,responsorialPsalm,Responsorial Psalm,"Psalm 25:4–5ab, 6 and 7bc, 8–9",,,,2,PSA,25,6,6,0
2027-12-13,"Saint Lucy of Syracuse, Virgin and Martyr",2,responsorialPsalm,Responsorial Psalm,"Psalm 25:4–5ab, 6 and 7bc, 8–9",,,,3,PSA,25,7,7,0
2027-12-13,"Saint Lucy of Syracuse, Virgin and Martyr",2,responsorialPsalm,Responsorial Psalm,"Psalm 25:4–5ab, 6 and 7bc, 8–9",,,,4,PSA,25,8,9,0
2027-12-13,"Saint Lucy of Syracuse, Virgin and Martyr",3,gospel,Gospel,Matthew 21:23–27,,,,1,MAT,21,23,27,0
2027-12-14,"Saint John of the Cross, Priest and Doctor",1,firstReading,First Reading,"Zephaniah 3:1–2, 9–13",,,,1,ZEP,3,1,2,0
2027-12-14,"Saint John of the Cross, Priest and Doctor",1,firstReading,First Reading,"Zephaniah 3:1–2, 9–13",,,,2,ZEP,3,9,13,0
2027-12-14,"Saint John of the Cross, Priest and Doctor",2,responsorialPsalm,Responsorial Psalm,"Psalm 34:2–3, 6–7, 17–18, 19 and 23",,,,1,PSA,34,1,2,1
2027-12-14,"Saint John of the Cross, Priest and Doctor",2,responsorialPsalm,Responsorial Psalm,"Psalm 34:2–3, 6–7, 17–18, 19 and 23",,,,2,PSA,34,5,6,1
2027-12-14,"Saint John of the Cross, Priest and Doctor",2,responsorialPsalm,Responsorial Psalm,"Psalm 34:2–3, 6–7, 17–18, 19 and 23",,,,3,PSA,34,16,17,1
2027-12-14,"Saint John of the Cross, Priest and Doctor",2,responsorialPsalm,Responsorial Psalm,"Psalm 34:2–3, 6–7, 17–18, 19 and 23",,,,4,PSA,34,18,18,1
2027-12-14,"Saint John of the Cross, Priest and Doctor",2,responsorialPsalm,Responsorial Psalm,"Psalm 34:2–3, 6–7, 17–18, 19 and 23",,,,5,PSA,34,22,22,1
2027-12-14,"Saint John of the Cross, Priest and Doctor",3,gospel,Gospel,Matthew 21:28–32,,,,1,MAT,21,28,32,0
2027-12-15,Wednesday of the 3rd week of Advent,1,firstReading,First Reading,"Isaiah 45:6c-8, 18, 21c-25",,,,1,ISA,45,6,8,0
2027-12-15,Wednesday of the 3rd week of Advent,1,firstReading,First Reading,"Isaiah 45:6c-8, 18, 21c-25",,,,2,ISA,45,18,18,0
2027-12-15,Wednesday of the 3rd week of Advent,1,firstReading,First Reading,"Isaiah 45:6c-8, 18, 21c-25",,,,3,ISA,45,21,25,0
2027-12-15,Wednesday of the 3rd week of Advent,2,responsorialPsalm,Responsorial Psalm,"Psalm 85:9ab, 10, 11–12, 13–14",,,,1,PSA,85,8,8,1
2027-12-15,Wednesday of the 3rd week of Advent,2,responsorialPsalm,Responsorial Psalm,"Psalm 85:9ab, 10, 11–12, 13–14",,,,2,PSA,85,9,9,1
2027-12-15,Wednesday of the 3rd week of Advent,2,responsorialPsalm,Responsorial Psalm,"Psalm 85:9ab, 10, 11–12, 13–14",,,,3,PSA,85,10,11,1
2027-12-15,Wednesday of the 3rd week of Advent,2,responsorialPsalm,Responsorial Psalm,"Psalm 85:9ab, 10, 11–12, 13–14",,,,4,PSA,85,12,13,1
2027-12-15,Wednesday of the 3rd week of Advent,3,gospel,Gospel,Luke 7:18b-23,,,,1,LUK,7,18,23,0
2027-12-16,Thursday of the 3rd week of Advent,1,firstReading,First Reading,Isaiah 54:1–10,,,,1,ISA,54,1,10,0
2027-12-16,Thursday of the 3rd week of Advent,2,responsorialPsalm,Responsorial Psalm,"Psalm 30:2 and 4, 5–6, 11–12a and 13b",,,,1,PSA,30,1,1,1
2027-12-16,Thursday of the 3rd week of Advent,2,responsorialPsalm,Responsorial Psalm,"Psalm 30:2 and 4, 5–6, 11–12a and 13b",,,,2,PSA,30,3,3,1
2027-12-16,Thursday of the 3rd week of Advent,2,responsorialPsalm,Responsorial Psalm,"Psalm 30:2 and 4, 5–6, 11–12a and 13b",,,,3,PSA,30,4,5,1
2027-12-16,Thursday of the 3rd week of Advent,2,responsorialPsalm,Responsorial Psalm,"Psalm 30:2 and 4, 5–6, 11–12a and 13b",,,,4,PSA,30,10,11,1
2027-12-16,Thursday of the 3rd week of Advent,2,responsorialPsalm,Responsorial Psalm,"Psalm 30:2 and 4, 5–6, 11–12a and 13b",,,,5,PSA,30,12,12,1
2027-12-16,Thursday of the 3rd week of Advent,3,gospel,Gospel,Luke 7:24–30,,,,1,LUK,7,24,30,0
2027-12-17,Friday of the 3rd week of Advent,1,firstReading,First Reading,"Genesis 49:2, 8–10",,,,1,GEN,49,2,2,0
2027-12-17,Friday of the 3rd week of Advent,1,firstReading,First Reading,"Genesis 49:2, 8–10",,,,2,GEN,49,8,10,0
2027-12-17,Friday of the 3rd week of Advent,2,responsorialPsalm,Responsorial Psalm,"Psalm 72:1–2, 3–4ab, 7–8, 17",,,,1,PSA,72,1,2,0
2027-12-17,Friday of the 3rd week of Advent,2,responsorialPsalm,Responsorial Psalm,"Psalm 72:1–2, 3–4ab, 7–8, 17",,,,2,PSA,72,3,4,0
2027-12-17,Friday of the 3rd week of Advent,2,responsorialPsalm,Responsorial Psalm,"Psalm 72:1–2, 3–4ab, 7–8, 17",,,,3,PSA,72,7,8,0
2027-12-17,Friday of the 3rd week of Advent,2,responsorialPsalm,Responsorial Psalm,"Psalm 72:1–2, 3–4ab, 7–8, 17",,,,4,PSA,72,17,17,0
2027-12-17,Friday of the 3rd week of Advent,3,gospel,Gospel,Matthew 1:1–17,,,,1,MAT,1,1,17,0
2027-12-18,Saturday of the 3rd week of Advent,1,firstReading,First Reading,Jeremiah 23:5–8,,,,1,JER,23,5,8,0
2027-12-18,Saturday of the 3rd week of Advent,2,responsorialPsalm,Responsorial Psalm,"Psalm 72:1–2, 12–13, 18–19",,,,1,PSA,72,1,2,0
2027-12-18,Saturday of the 3rd week of Advent,2,responsorialPsalm,Responsorial Psalm,"Psalm 72:1–2, 12–13, 18–19",,,,2,PSA,72,12,13,0
2027-12-18,Saturday of the 3rd week of Advent,2,responsorialPsalm,Responsorial Psalm,"Psalm 72:1–2, 12–13, 18–19",,,,3,PSA,72,18,19,0
2027-12-18,Saturday of the 3rd week of Advent,3,gospel,Gospel,Matthew 1:18–25,,,,1,MAT,1,18,25,0
2027-12-19,4th Sunday of Advent,1,firstReading,First Reading,Micah 5:1–4a,,,,1,MIC,5,1,4,0
2027-12-19,4th Sunday of Advent,2,responsorialPsalm,Responsorial Psalm,"Psalm 80:2–3, 15–16, 18–19",,,,1,PSA,80,2,3,0
2027-12-19,4th Sunday of Advent,2,responsorialPsalm,Responsorial Psalm,"Psalm 80:2–3, 15–16, 18–19",,,,2,PSA,80,15,16,0
2027-12-19,4th Sunday of Advent,2,responsorialPsalm,Responsorial Psalm,"Psalm 80:2–3, 15–16, 18–19",,,,3,PSA,80,18,19,0
2027-12-19,4th Sunday of Advent,3,secondReading,Second Reading,Hebrews 10:5–10,,,,1,HEB,10,5,10,0
2027-12-19,4th Sunday of Advent,4,gospel,Gospel,Luke 1:39–45,,,,1,LUK,1,39,45,0
2027-12-20,Monday of the 4th week of Advent,1,firstReading,First Reading,Isaiah 7:10–14,,,,1,ISA,7,10,14,0
2027-12-20,Monday of the 4th week of Advent,2,responsorialPsalm,Responsorial Psalm,"Psalm 24:1–2, 3–4ab, 5–6",,,,1,PSA,24,1,2,0
2027-12-20,Monday of the 4th week of Advent,2,responsorialPsalm,Responsorial Psalm,"Psalm 24:1–2, 3–4ab, 5–6",,,,2,PSA,24,3,4,0
2027-12-20,Monday of the 4th week of Advent,2,responsorialPsalm,Responsorial Psalm,"Psalm 24:1–2, 3–4ab, 5–6",,,,3,PSA,24,5,6,0
2027-12-20,Monday of the 4th week of Advent,3,gospel,Gospel,Luke 1:26–38,,,,1,LUK,1,26,38,0
2027-12-21,"Saint Peter Canisius, Priest and Doctor",1,firstReading,First Reading,Song of Songs 2:8–14,,,,1,SNG,2,8,14,0
2027-12-21,"Saint Peter Canisius, Priest and Doctor",2,responsorialPsalm,Responsorial Psalm,"Psalm 33:2–3, 11–12, 20–21",,,,1,PSA,33,2,3,0
2027-12-21,"Saint Peter Canisius, Priest and Doctor",2,responsorialPsalm,Responsorial Psalm,"Psalm 33:2–3, 11–12, 20–21",,,,2,PSA,33,11,12,0
2027-12-21,"Saint Peter Canisius, Priest and Doctor",2,responsorialPsalm,Responsorial Psalm,"Psalm 33:2–3, 11–12, 20–21",,,,3,PSA,33,20,21,0
2027-12-21,"Saint Peter Canisius, Priest and Doctor",3,gospel,Gospel,Luke 1:39–45,,,,1,LUK,1,39,45,0
2027-12-22,Wednesday of the 4th week of Advent,1,firstReading,First Reading,1 Samuel 1:24–28,,,,1,1SA,1,24,28,0
2027-12-22,Wednesday of the 4th week of Advent,2,responsorialPsalm,Responsorial Psalm,"1 Samuel 2:1, 4–5, 6–7, 8abcd",,,,1,1SA,2,1,1,0
2027-12-22,Wednesday of the 4th week of Advent,2,responsorialPsalm,Responsorial Psalm,"1 Samuel 2:1, 4–5, 6–7, 8abcd",,,,2,1SA,2,4,5,0
2027-12-22,Wednesday of the 4th week of Advent,2,responsorialPsalm,Responsorial Psalm,"1 Samuel 2:1, 4–5, 6–7, 8abcd",,,,3,1SA,2,6,7,0
2027-12-22,Wednesday of the 4th week of Advent,2,responsorialPsalm,Responsorial Psalm,"1 Samuel 2:1, 4–5, 6–7, 8abcd",,,,4,1SA,2,8,8,0
2027-12-22,Wednesday of the 4th week of Advent,3,gospel,Gospel,Luke 1:46–56,,,,1,LUK,1,46,56,0
2027-12-23,"Saint John of Kenty, Priest",1,firstReading,First Reading,"Malachi 3:1–4, 23–24",,,,1,MAL,3,1,4,0
2027-12-23,"Saint John of Kenty, Priest",1,firstReading,First Reading,"Malachi 3:1–4, 23–24",,,,2,MAL,4,5,6,18
2027-12-23,"Saint John of Kenty, Priest",2,responsorialPsalm,Responsorial Psalm,"Psalm 25:4–5ab, 8–9, 10 and 14",,,,1,PSA,25,4,5,0
2027-12-23,"Saint John of Kenty, Priest",2,responsorialPsalm,Responsorial Psalm,"Psalm 25:4–5ab, 8–9, 10 and 14",,,,2,PSA,25,8,9,0
2027-12-23,"Saint John of Kenty, Priest",2,responsorialPsalm,Responsorial Psalm,"Psalm 25:4–5ab, 8–9, 10 and 14",,,,3,PSA,25,10,10,0
2027-12-23,"Saint John of Kenty, Priest",2,responsorialPsalm,Responsorial Psalm,"Psalm 25:4–5ab, 8–9, 10 and 14",,,,4,PSA,25,14,14,0
2027-12-23,"Saint John of Kenty, Priest",3,gospel,Gospel,Luke 1:57–66,,,,1,LUK,1,57,66,0
2027-12-24,Friday of the 4th week of Advent,1,firstReading,First Reading,"2 Samuel 7:1–5, 8b-12, 14a, 16",,,,1,2SA,7,1,5,0
2027-12-24,Friday of the 4th week of Advent,1,firstReading,First Reading,"2 Samuel 7:1–5, 8b-12, 14a, 16",,,,2,2SA,7,8,12,0
2027-12-24,Friday of the 4th week of Advent,1,firstReading,First Reading,"2 Samuel 7:1–5, 8b-12, 14a, 16",,,,3,2SA,7,14,14,0
2027-12-24,Friday of the 4th week of Advent,1,firstReading,First Reading,"2 Samuel 7:1–5, 8b-12, 14a, 16",,,,4,2SA,7,16,16,0
2027-12-24,Friday of the 4th week of Advent,2,responsorialPsalm,Responsorial Psalm,"Psalm 89:2–3, 4–5, 27 and 29",,,,1,PSA,89,2,3,0
2027-12-24,Friday of the 4th week of Advent,2,responsorialPsalm,Responsorial Psalm,"Psalm 89:2–3, 4–5, 27 and 29",,,,2,PSA,89,4,5,0
2027-12-24,Friday of the 4th week of Advent,2,responsorialPsalm,Responsorial Psalm,"Psalm 89:2–3, 4–5, 27 and 29",,,,3,PSA,89,27,27,0
2027-12-24,Friday of the 4th week of Advent,2,responsorialPsalm,Responsorial Psalm,"Psalm 89:2–3, 4–5, 27 and 29",,,,4,PSA,89,29,29,0
2027-12-24,Friday of the 4th week of Advent,3,gospel,Gospel,Luke 1:67–79,,,,1,LUK,1,67,79,0
2027-12-25,Christmas,1,firstReading,First Reading,Isaiah 52:7–10,,,,1,ISA,52,7,10,0
2027-12-25,Christmas,2,responsorialPsalm,Responsorial Psalm,"Psalm 98:1, 2–3, 3–4, 5–6.",,,,1,PSA,98,1,1,0
2027-12-25,Christmas,2,responsorialPsalm,Responsorial Psalm,"Psalm 98:1, 2–3, 3–4, 5–6.",,,,2,PSA,98,2,3,0
2027-12-25,Christmas,2,responsorialPsalm,Responsorial Psalm,"Psalm 98:1, 2–3, 3–4, 5–6.",,,,3,PSA,98,3,4,0
2027-12-25,Christmas,2,responsorialPsalm,Responsorial Psalm,"Psalm 98:1, 2–3, 3–4, 5–6.",,,,4,PSA,98,5,6,0
2027-12-25,Christmas,3,secondReading,Second Reading,Hebrews 1:1–6,,,,1,HEB,1,1,6,0
2027-12-25,Christmas,4,gospel,Gospel,John 1:1–18,,,,1,JHN,1,1,18,0
2027-12-26,Holy Family,1,firstReading,First Reading,"Sirach 3:2–6, 12–14",,,,1,SIR,3,2,6,0
2027-12-26,Holy Family,1,firstReading,First Reading,"Sirach 3:2–6, 12–14",,,,2,SIR,3,12,14,0
2027-12-26,Holy Family,2,responsorialPsalm,Responsorial Psalm,"Psalm 128:1–2, 3, 4–5.",,,,1,PSA,128,1,2,0
2027-12-26,Holy Family,2,responsorialPsalm,Responsorial Psalm,"Psalm 128:1–2, 3, 4–5.",,,,2,PSA,128,3,3,0
2027-12-26,Holy Family,2,responsorialPsalm,Responsorial Psalm,"Psalm 128:1–2, 3, 4–5.",,,,3,PSA,128,4,5,0
2027-12-26,Holy Family,3,secondReading,Second Reading — Choice One,Colossians 3:12–21,,secondReading,Choice One,1,COL,3,12,21,0
2027-12-26,Holy Family,4,secondReading,Second Reading — Choice Two,Colossians 3:12–17,,secondReading,Choice Two,1,COL,3,12,17,0
2027-12-26,Holy Family,5,gospel,Gospel,Luke 2:41–52,,,,1,LUK,2,41,52,0
2027-12-27,Saint John the Apostle and Evangelist,1,firstReading,First Reading,1 John 1:1–4,,,,1,1JN,1,1,4,0
2027-12-27,Saint John the Apostle and Evangelist,2,responsorialPsalm,Responsorial Psalm,"Psalm 97:1–2, 5–6, 11–12",,,,1,PSA,97,1,2,0
2027-12-27,Saint John the Apostle and Evangelist,2,responsorialPsalm,Responsorial Psalm,"Psalm 97:1–2, 5–6, 11–12",,,,2,PSA,97,5,6,0
2027-12-27,Saint John the Apostle and Evangelist,2,responsorialPsalm,Responsorial Psalm,"Psalm 97:1–2, 5–6, 11–12",,,,3,PSA,97,11,12,0
2027-12-27,Saint John the Apostle and Evangelist,3,gospel,Gospel,John 20:1a and 2–8,,,,1,JHN,20,1,1,0
2027-12-27,Saint John the Apostle and Evangelist,3,gospel,Gospel,John 20:1a and 2–8,,,,2,JHN,20,2,8,0
2027-12-28,"Holy Innocents, Martyrs",1,firstReading,First Reading,1 John 1:5–2:2,,,,1,1JN,1,5,10,0
2027-12-28,"Holy Innocents, Martyrs",1,firstReading,First Reading,1 John 1:5–2:2,,,,2,1JN,2,1,2,0
2027-12-28,"Holy Innocents, Martyrs",2,responsorialPsalm,Responsorial Psalm,"Psalm 124:2–3, 4–5, 7cd-8",,,,1,PSA,124,2,3,0
2027-12-28,"Holy Innocents, Martyrs",2,responsorialPsalm,Responsorial Psalm,"Psalm 124:2–3, 4–5, 7cd-8",,,,2,PSA,124,4,5,0
2027-12-28,"Holy Innocents, Martyrs",2,responsorialPsalm,Responsorial Psalm,"Psalm 124:2–3, 4–5, 7cd-8",,,,3,PSA,124,7,8,0
2027-12-28,"Holy Innocents, Martyrs",3,gospel,Gospel,Matthew 2:13–18,,,,1,MAT,2,13,18,0
2027-12-29,"Saint Thomas Becket, Bishop and Martyr",1,firstReading,First Reading,1 John 2:3–11,,,,1,1JN,2,3,11,0
2027-12-29,"Saint Thomas Becket, Bishop and Martyr",2,responsorialPsalm,Responsorial Psalm,"Psalm 96:1–2a, 2b-3, 5b-6",,,,1,PSA,96,1,2,0
2027-12-29,"Saint Thomas Becket, Bishop and Martyr",2,responsorialPsalm,Responsorial Psalm,"Psalm 96:1–2a, 2b-3, 5b-6",,,,2,PSA,96,2,3,0
2027-12-29,"Saint Thomas Becket, Bishop and Martyr",2,responsorialPsalm,Responsorial Psalm,"Psalm 96:1–2a, 2b-3, 5b-6",,,,3,PSA,96,5,6,0
2027-12-29,"Saint Thomas Becket, Bishop and Martyr",3,gospel,Gospel,Luke 2:22–35,,,,1,LUK,2,22,35,0
2027-12-30,6th day in the Octave of Christmas,1,firstReading,First Reading,1 John 2:12–17,,,,1,1JN,2,12,17,0
2027-12-30,6th day in the Octave of Christmas,2,responsorialPsalm,Responsorial Psalm,"Psalm 96:7–8a, 8b-9, 10",,,,1,PSA,96,7,8,0
2027-12-30,6th day in the Octave of Christmas,2,responsorialPsalm,Responsorial Psalm,"Psalm 96:7–8a, 8b-9, 10",,,,2,PSA,96,8,9,0
2027-12-30,6th day in the Octave of Christmas,2,responsorialPsalm,Responsorial Psalm,"Psalm 96:7–8a, 8b-9, 10",,,,3,PSA,96,10,10,0
2027-12-30,6th day in the Octave of Christmas,3,gospel,Gospel,Luke 2:36–40,,,,1,LUK,2,36,40,0
2027-12-31,"Saint Sylvester I, Pope",1,firstReading,First Reading,1 John 2:18–21,,,,1,1JN,2,18,21,0
2027-12-31,"Saint Sylvester I, Pope",2,responsorialPsalm,Responsorial Psalm,"Psalm 96:1–2, 11–12, 13",,,,1,PSA,96,1,2,0
2027-12-31,"Saint Sylvester I, Pope",2,responsorialPsalm,Responsorial Psalm,"Psalm 96:1–2, 11–12, 13",,,,2,PSA,96,11,12,0
2027-12-31,"Saint Sylvester I, Pope",2,responsorialPsalm,Responsorial Psalm,"Psalm 96:1–2, 11–12, 13",,,,3,PSA,96,13,13,0
2027-12-31,"Saint Sylvester I, Pope",3,gospel,Gospel,John 1:1–18,,,,1,JHN,1,1,18,0
